耽改101研究专家,图片评论,5298
辣椒什么事儿啊,替身都比原主好看……,2352
Hushmycrush,发黑通稿内涵张老师，的垃圾都无父无母哦，别cue认真拍戏的张哲瀚老师<span class="url-icon"><img alt=[兔子] src="https://h5.sinaimg.cn/m/emoticon/icon/others/d_tuzi-d2b0222faa.png" style="width:1em; height:1em;" /></span>你管谁好看，反正都比你蒸煮好看,3808
风见凛_,不比较会死啊，别带张哲瀚了行不行一天八百次了,3052
帅哥投资人,您咋又出现了,2610
咻噶猫,张哲瀚真帅<span class="url-icon"><img alt=[笑哈哈] src="https://h5.sinaimg.cn/m/emoticon/icon/lxh/lxh_xiaohaha-56dbc288a5.png" style="width:1em; height:1em;" /></span>,1589
真是可爱到爆炸啊,张哲瀚好看！山河令好看！,1072
Pikachu-1999,不感兴趣 来看周子舒<span class="url-icon"><img alt=[互粉] src="https://h5.sinaimg.cn/m/emoticon/icon/default/fa_hufen-80e364a26b.png" style="width:1em; height:1em;" /></span>,776
天气晴朗万物可爱的丰年,救命，放过张哲瀚吧，你最好看行不行？,755
觅乞人,滚,682
顾初十,我觉得张哲瀚帅啊,463
爱园艺的作者大人,长得好看不见得会演，还是看看张哲瀚吧。,292
温暖的人儿都有光呀,抱走张哲瀚，不约,184
水月心方寂,图片评论,266
TaetaeTATA_,不知道，想看替身就去看替身演员露脸的戏吧，别带兢兢业业演戏的张哲瀚老师了<span class="url-icon"><img alt=[可爱] src="https://h5.sinaimg.cn/m/emoticon/icon/default/d_keai-9aae643ce8.png" style="width:1em; height:1em;" /></span>,219
双马尾玻璃风铃,图片评论,200
我的权世界19880818,滚啊，放过张哲瀚吧,185
不要再轻易心动了行不行啊,你有病？打扰素人了你知道吗<span class="url-icon"><img alt=[弱] src="https://h5.sinaimg.cn/m/emoticon/icon/others/h_ruo-d444cceb19.png" style="width:1em; height:1em;" /></span>别带张哲瀚了,158
天气晴朗万物可爱的丰年,某家个站发图，yxh紧跟下场，冲上rs，拉踩周子舒颜值。这一套组合拳，可真行啊，真的求求了，放过张哲瀚吧<span class="url-icon"><img alt=[裂开] src="https://h5.sinaimg.cn/m/emoticon/icon/default/fc_liekai-9df295d44f.png" style="width:1em; height:1em;" /></span>,73
药不然咱俩在一起吧,龚俊绝了<span class="url-icon"><img alt=[赞] src="https://h5.sinaimg.cn/m/emoticon/icon/others/h_zan-44ddc70637.png" style="width:1em; height:1em;" /></span>,46
耽改101研究专家,图片评论,5325
辣椒什么事儿啊,替身都比原主好看……,2365
Hushmycrush,发黑通稿内涵张老师，的垃圾都无父无母哦，别cue认真拍戏的张哲瀚老师<span class="url-icon"><img alt=[兔子] src="https://h5.sinaimg.cn/m/emoticon/icon/others/d_tuzi-d2b0222faa.png" style="width:1em; height:1em;" /></span>你管谁好看，反正都比你蒸煮好看,3824
风见凛_,不比较会死啊，别带张哲瀚了行不行一天八百次了,3061
帅哥投资人,您咋又出现了,2624
咻噶猫,张哲瀚真帅<span class="url-icon"><img alt=[笑哈哈] src="https://h5.sinaimg.cn/m/emoticon/icon/lxh/lxh_xiaohaha-56dbc288a5.png" style="width:1em; height:1em;" /></span>,1596
真是可爱到爆炸啊,张哲瀚好看！山河令好看！,1074
Pikachu-1999,不感兴趣 来看周子舒<span class="url-icon"><img alt=[互粉] src="https://h5.sinaimg.cn/m/emoticon/icon/default/fa_hufen-80e364a26b.png" style="width:1em; height:1em;" /></span>,779
天气晴朗万物可爱的丰年,救命，放过张哲瀚吧，你最好看行不行？,761
觅乞人,滚,688
顾初十,我觉得张哲瀚帅啊,465
爱园艺的作者大人,长得好看不见得会演，还是看看张哲瀚吧。,293
温暖的人儿都有光呀,抱走张哲瀚，不约,184
水月心方寂,图片评论,267
TaetaeTATA_,不知道，想看替身就去看替身演员露脸的戏吧，别带兢兢业业演戏的张哲瀚老师了<span class="url-icon"><img alt=[可爱] src="https://h5.sinaimg.cn/m/emoticon/icon/default/d_keai-9aae643ce8.png" style="width:1em; height:1em;" /></span>,220
双马尾玻璃风铃,图片评论,202
我的权世界19880818,滚啊，放过张哲瀚吧,186
不要再轻易心动了行不行啊,你有病？打扰素人了你知道吗<span class="url-icon"><img alt=[弱] src="https://h5.sinaimg.cn/m/emoticon/icon/others/h_ruo-d444cceb19.png" style="width:1em; height:1em;" /></span>别带张哲瀚了,160
天气晴朗万物可爱的丰年,某家个站发图，yxh紧跟下场，冲上rs，拉踩周子舒颜值。这一套组合拳，可真行啊，真的求求了，放过张哲瀚吧<span class="url-icon"><img alt=[裂开] src="https://h5.sinaimg.cn/m/emoticon/icon/default/fc_liekai-9df295d44f.png" style="width:1em; height:1em;" /></span>,74
药不然咱俩在一起吧,龚俊绝了<span class="url-icon"><img alt=[赞] src="https://h5.sinaimg.cn/m/emoticon/icon/others/h_zan-44ddc70637.png" style="width:1em; height:1em;" /></span>,46
耽改101研究专家,图片评论,5351
辣椒什么事儿啊,替身都比原主好看……,2376
Hushmycrush,发黑通稿内涵张老师，的垃圾都无父无母哦，别cue认真拍戏的张哲瀚老师<span class="url-icon"><img alt=[兔子] src="https://h5.sinaimg.cn/m/emoticon/icon/others/d_tuzi-d2b0222faa.png" style="width:1em; height:1em;" /></span>你管谁好看，反正都比你蒸煮好看,3842
风见凛_,不比较会死啊，别带张哲瀚了行不行一天八百次了,3071
帅哥投资人,您咋又出现了,2635
咻噶猫,张哲瀚真帅<span class="url-icon"><img alt=[笑哈哈] src="https://h5.sinaimg.cn/m/emoticon/icon/lxh/lxh_xiaohaha-56dbc288a5.png" style="width:1em; height:1em;" /></span>,1600
真是可爱到爆炸啊,张哲瀚好看！山河令好看！,1076
Pikachu-1999,不感兴趣 来看周子舒<span class="url-icon"><img alt=[互粉] src="https://h5.sinaimg.cn/m/emoticon/icon/default/fa_hufen-80e364a26b.png" style="width:1em; height:1em;" /></span>,780
天气晴朗万物可爱的丰年,救命，放过张哲瀚吧，你最好看行不行？,764
觅乞人,滚,692
顾初十,我觉得张哲瀚帅啊,468
爱园艺的作者大人,长得好看不见得会演，还是看看张哲瀚吧。,296
温暖的人儿都有光呀,抱走张哲瀚，不约,184
水月心方寂,图片评论,271
TaetaeTATA_,不知道，想看替身就去看替身演员露脸的戏吧，别带兢兢业业演戏的张哲瀚老师了<span class="url-icon"><img alt=[可爱] src="https://h5.sinaimg.cn/m/emoticon/icon/default/d_keai-9aae643ce8.png" style="width:1em; height:1em;" /></span>,222
双马尾玻璃风铃,图片评论,203
我的权世界19880818,滚啊，放过张哲瀚吧,188
不要再轻易心动了行不行啊,你有病？打扰素人了你知道吗<span class="url-icon"><img alt=[弱] src="https://h5.sinaimg.cn/m/emoticon/icon/others/h_ruo-d444cceb19.png" style="width:1em; height:1em;" /></span>别带张哲瀚了,161
天气晴朗万物可爱的丰年,某家个站发图，yxh紧跟下场，冲上rs，拉踩周子舒颜值。这一套组合拳，可真行啊，真的求求了，放过张哲瀚吧<span class="url-icon"><img alt=[裂开] src="https://h5.sinaimg.cn/m/emoticon/icon/default/fc_liekai-9df295d44f.png" style="width:1em; height:1em;" /></span>,77
药不然咱俩在一起吧,龚俊绝了<span class="url-icon"><img alt=[赞] src="https://h5.sinaimg.cn/m/emoticon/icon/others/h_zan-44ddc70637.png" style="width:1em; height:1em;" /></span>,46
耽改101研究专家,图片评论,5379
辣椒什么事儿啊,替身都比原主好看……,2380
Hushmycrush,发黑通稿内涵张老师，的垃圾都无父无母哦，别cue认真拍戏的张哲瀚老师<span class="url-icon"><img alt=[兔子] src="https://h5.sinaimg.cn/m/emoticon/icon/others/d_tuzi-d2b0222faa.png" style="width:1em; height:1em;" /></span>你管谁好看，反正都比你蒸煮好看,3854
风见凛_,不比较会死啊，别带张哲瀚了行不行一天八百次了,3092
帅哥投资人,您咋又出现了,2653
咻噶猫,张哲瀚真帅<span class="url-icon"><img alt=[笑哈哈] src="https://h5.sinaimg.cn/m/emoticon/icon/lxh/lxh_xiaohaha-56dbc288a5.png" style="width:1em; height:1em;" /></span>,1604
真是可爱到爆炸啊,张哲瀚好看！山河令好看！,1081
Pikachu-1999,不感兴趣 来看周子舒<span class="url-icon"><img alt=[互粉] src="https://h5.sinaimg.cn/m/emoticon/icon/default/fa_hufen-80e364a26b.png" style="width:1em; height:1em;" /></span>,784
天气晴朗万物可爱的丰年,救命，放过张哲瀚吧，你最好看行不行？,767
觅乞人,滚,695
顾初十,我觉得张哲瀚帅啊,470
爱园艺的作者大人,长得好看不见得会演，还是看看张哲瀚吧。,296
温暖的人儿都有光呀,抱走张哲瀚，不约,184
水月心方寂,图片评论,273
TaetaeTATA_,不知道，想看替身就去看替身演员露脸的戏吧，别带兢兢业业演戏的张哲瀚老师了<span class="url-icon"><img alt=[可爱] src="https://h5.sinaimg.cn/m/emoticon/icon/default/d_keai-9aae643ce8.png" style="width:1em; height:1em;" /></span>,224
双马尾玻璃风铃,图片评论,205
我的权世界19880818,滚啊，放过张哲瀚吧,188
不要再轻易心动了行不行啊,你有病？打扰素人了你知道吗<span class="url-icon"><img alt=[弱] src="https://h5.sinaimg.cn/m/emoticon/icon/others/h_ruo-d444cceb19.png" style="width:1em; height:1em;" /></span>别带张哲瀚了,162
天气晴朗万物可爱的丰年,某家个站发图，yxh紧跟下场，冲上rs，拉踩周子舒颜值。这一套组合拳，可真行啊，真的求求了，放过张哲瀚吧<span class="url-icon"><img alt=[裂开] src="https://h5.sinaimg.cn/m/emoticon/icon/default/fc_liekai-9df295d44f.png" style="width:1em; height:1em;" /></span>,78
药不然咱俩在一起吧,龚俊绝了<span class="url-icon"><img alt=[赞] src="https://h5.sinaimg.cn/m/emoticon/icon/others/h_zan-44ddc70637.png" style="width:1em; height:1em;" /></span>,47
耽改101研究专家,图片评论,5412
辣椒什么事儿啊,替身都比原主好看……,2391
Hushmycrush,发黑通稿内涵张老师，的垃圾都无父无母哦，别cue认真拍戏的张哲瀚老师<span class="url-icon"><img alt=[兔子] src="https://h5.sinaimg.cn/m/emoticon/icon/others/d_tuzi-d2b0222faa.png" style="width:1em; height:1em;" /></span>你管谁好看，反正都比你蒸煮好看,3873
风见凛_,不比较会死啊，别带张哲瀚了行不行一天八百次了,3102
帅哥投资人,您咋又出现了,2661
咻噶猫,张哲瀚真帅<span class="url-icon"><img alt=[笑哈哈] src="https://h5.sinaimg.cn/m/emoticon/icon/lxh/lxh_xiaohaha-56dbc288a5.png" style="width:1em; height:1em;" /></span>,1612
真是可爱到爆炸啊,张哲瀚好看！山河令好看！,1088
Pikachu-1999,不感兴趣 来看周子舒<span class="url-icon"><img alt=[互粉] src="https://h5.sinaimg.cn/m/emoticon/icon/default/fa_hufen-80e364a26b.png" style="width:1em; height:1em;" /></span>,791
天气晴朗万物可爱的丰年,救命，放过张哲瀚吧，你最好看行不行？,772
觅乞人,滚,700
顾初十,我觉得张哲瀚帅啊,470
爱园艺的作者大人,长得好看不见得会演，还是看看张哲瀚吧。,296
温暖的人儿都有光呀,抱走张哲瀚，不约,184
水月心方寂,图片评论,274
TaetaeTATA_,不知道，想看替身就去看替身演员露脸的戏吧，别带兢兢业业演戏的张哲瀚老师了<span class="url-icon"><img alt=[可爱] src="https://h5.sinaimg.cn/m/emoticon/icon/default/d_keai-9aae643ce8.png" style="width:1em; height:1em;" /></span>,224
双马尾玻璃风铃,图片评论,205
我的权世界19880818,滚啊，放过张哲瀚吧,189
不要再轻易心动了行不行啊,你有病？打扰素人了你知道吗<span class="url-icon"><img alt=[弱] src="https://h5.sinaimg.cn/m/emoticon/icon/others/h_ruo-d444cceb19.png" style="width:1em; height:1em;" /></span>别带张哲瀚了,162
天气晴朗万物可爱的丰年,某家个站发图，yxh紧跟下场，冲上rs，拉踩周子舒颜值。这一套组合拳，可真行啊，真的求求了，放过张哲瀚吧<span class="url-icon"><img alt=[裂开] src="https://h5.sinaimg.cn/m/emoticon/icon/default/fc_liekai-9df295d44f.png" style="width:1em; height:1em;" /></span>,78
药不然咱俩在一起吧,龚俊绝了<span class="url-icon"><img alt=[赞] src="https://h5.sinaimg.cn/m/emoticon/icon/others/h_zan-44ddc70637.png" style="width:1em; height:1em;" /></span>,47
耽改101研究专家,图片评论,5448
辣椒什么事儿啊,替身都比原主好看……,2396
Hushmycrush,发黑通稿内涵张老师，的垃圾都无父无母哦，别cue认真拍戏的张哲瀚老师<span class="url-icon"><img alt=[兔子] src="https://h5.sinaimg.cn/m/emoticon/icon/others/d_tuzi-d2b0222faa.png" style="width:1em; height:1em;" /></span>你管谁好看，反正都比你蒸煮好看,3885
风见凛_,不比较会死啊，别带张哲瀚了行不行一天八百次了,3118
帅哥投资人,您咋又出现了,2675
咻噶猫,张哲瀚真帅<span class="url-icon"><img alt=[笑哈哈] src="https://h5.sinaimg.cn/m/emoticon/icon/lxh/lxh_xiaohaha-56dbc288a5.png" style="width:1em; height:1em;" /></span>,1622
真是可爱到爆炸啊,张哲瀚好看！山河令好看！,1093
Pikachu-1999,不感兴趣 来看周子舒<span class="url-icon"><img alt=[互粉] src="https://h5.sinaimg.cn/m/emoticon/icon/default/fa_hufen-80e364a26b.png" style="width:1em; height:1em;" /></span>,795
天气晴朗万物可爱的丰年,救命，放过张哲瀚吧，你最好看行不行？,776
觅乞人,滚,702
顾初十,我觉得张哲瀚帅啊,473
爱园艺的作者大人,长得好看不见得会演，还是看看张哲瀚吧。,297
温暖的人儿都有光呀,抱走张哲瀚，不约,184
水月心方寂,图片评论,276
TaetaeTATA_,不知道，想看替身就去看替身演员露脸的戏吧，别带兢兢业业演戏的张哲瀚老师了<span class="url-icon"><img alt=[可爱] src="https://h5.sinaimg.cn/m/emoticon/icon/default/d_keai-9aae643ce8.png" style="width:1em; height:1em;" /></span>,224
双马尾玻璃风铃,图片评论,206
我的权世界19880818,滚啊，放过张哲瀚吧,189
不要再轻易心动了行不行啊,你有病？打扰素人了你知道吗<span class="url-icon"><img alt=[弱] src="https://h5.sinaimg.cn/m/emoticon/icon/others/h_ruo-d444cceb19.png" style="width:1em; height:1em;" /></span>别带张哲瀚了,163
天气晴朗万物可爱的丰年,某家个站发图，yxh紧跟下场，冲上rs，拉踩周子舒颜值。这一套组合拳，可真行啊，真的求求了，放过张哲瀚吧<span class="url-icon"><img alt=[裂开] src="https://h5.sinaimg.cn/m/emoticon/icon/default/fc_liekai-9df295d44f.png" style="width:1em; height:1em;" /></span>,78
药不然咱俩在一起吧,龚俊绝了<span class="url-icon"><img alt=[赞] src="https://h5.sinaimg.cn/m/emoticon/icon/others/h_zan-44ddc70637.png" style="width:1em; height:1em;" /></span>,47
耽改101研究专家,图片评论,5489
辣椒什么事儿啊,替身都比原主好看……,2400
Hushmycrush,发黑通稿内涵张老师，的垃圾都无父无母哦，别cue认真拍戏的张哲瀚老师<span class="url-icon"><img alt=[兔子] src="https://h5.sinaimg.cn/m/emoticon/icon/others/d_tuzi-d2b0222faa.png" style="width:1em; height:1em;" /></span>你管谁好看，反正都比你蒸煮好看,3898
风见凛_,不比较会死啊，别带张哲瀚了行不行一天八百次了,3131
帅哥投资人,您咋又出现了,2688
咻噶猫,张哲瀚真帅<span class="url-icon"><img alt=[笑哈哈] src="https://h5.sinaimg.cn/m/emoticon/icon/lxh/lxh_xiaohaha-56dbc288a5.png" style="width:1em; height:1em;" /></span>,1630
真是可爱到爆炸啊,张哲瀚好看！山河令好看！,1103
Pikachu-1999,不感兴趣 来看周子舒<span class="url-icon"><img alt=[互粉] src="https://h5.sinaimg.cn/m/emoticon/icon/default/fa_hufen-80e364a26b.png" style="width:1em; height:1em;" /></span>,800
天气晴朗万物可爱的丰年,救命，放过张哲瀚吧，你最好看行不行？,781
觅乞人,滚,703
顾初十,我觉得张哲瀚帅啊,478
爱园艺的作者大人,长得好看不见得会演，还是看看张哲瀚吧。,301
温暖的人儿都有光呀,抱走张哲瀚，不约,185
水月心方寂,图片评论,279
TaetaeTATA_,不知道，想看替身就去看替身演员露脸的戏吧，别带兢兢业业演戏的张哲瀚老师了<span class="url-icon"><img alt=[可爱] src="https://h5.sinaimg.cn/m/emoticon/icon/default/d_keai-9aae643ce8.png" style="width:1em; height:1em;" /></span>,227
双马尾玻璃风铃,图片评论,211
我的权世界19880818,滚啊，放过张哲瀚吧,190
不要再轻易心动了行不行啊,你有病？打扰素人了你知道吗<span class="url-icon"><img alt=[弱] src="https://h5.sinaimg.cn/m/emoticon/icon/others/h_ruo-d444cceb19.png" style="width:1em; height:1em;" /></span>别带张哲瀚了,163
天气晴朗万物可爱的丰年,某家个站发图，yxh紧跟下场，冲上rs，拉踩周子舒颜值。这一套组合拳，可真行啊，真的求求了，放过张哲瀚吧<span class="url-icon"><img alt=[裂开] src="https://h5.sinaimg.cn/m/emoticon/icon/default/fc_liekai-9df295d44f.png" style="width:1em; height:1em;" /></span>,79
药不然咱俩在一起吧,龚俊绝了<span class="url-icon"><img alt=[赞] src="https://h5.sinaimg.cn/m/emoticon/icon/others/h_zan-44ddc70637.png" style="width:1em; height:1em;" /></span>,47
耽改101研究专家,图片评论,5519
辣椒什么事儿啊,替身都比原主好看……,2410
Hushmycrush,发黑通稿内涵张老师，的垃圾都无父无母哦，别cue认真拍戏的张哲瀚老师<span class="url-icon"><img alt=[兔子] src="https://h5.sinaimg.cn/m/emoticon/icon/others/d_tuzi-d2b0222faa.png" style="width:1em; height:1em;" /></span>你管谁好看，反正都比你蒸煮好看,3912
风见凛_,不比较会死啊，别带张哲瀚了行不行一天八百次了,3142
帅哥投资人,您咋又出现了,2699
咻噶猫,张哲瀚真帅<span class="url-icon"><img alt=[笑哈哈] src="https://h5.sinaimg.cn/m/emoticon/icon/lxh/lxh_xiaohaha-56dbc288a5.png" style="width:1em; height:1em;" /></span>,1635
真是可爱到爆炸啊,张哲瀚好看！山河令好看！,1108
Pikachu-1999,不感兴趣 来看周子舒<span class="url-icon"><img alt=[互粉] src="https://h5.sinaimg.cn/m/emoticon/icon/default/fa_hufen-80e364a26b.png" style="width:1em; height:1em;" /></span>,810
天气晴朗万物可爱的丰年,救命，放过张哲瀚吧，你最好看行不行？,789
觅乞人,滚,704
顾初十,我觉得张哲瀚帅啊,482
爱园艺的作者大人,长得好看不见得会演，还是看看张哲瀚吧。,302
温暖的人儿都有光呀,抱走张哲瀚，不约,186
水月心方寂,图片评论,280
TaetaeTATA_,不知道，想看替身就去看替身演员露脸的戏吧，别带兢兢业业演戏的张哲瀚老师了<span class="url-icon"><img alt=[可爱] src="https://h5.sinaimg.cn/m/emoticon/icon/default/d_keai-9aae643ce8.png" style="width:1em; height:1em;" /></span>,229
双马尾玻璃风铃,图片评论,211
我的权世界19880818,滚啊，放过张哲瀚吧,191
不要再轻易心动了行不行啊,你有病？打扰素人了你知道吗<span class="url-icon"><img alt=[弱] src="https://h5.sinaimg.cn/m/emoticon/icon/others/h_ruo-d444cceb19.png" style="width:1em; height:1em;" /></span>别带张哲瀚了,164
天气晴朗万物可爱的丰年,某家个站发图，yxh紧跟下场，冲上rs，拉踩周子舒颜值。这一套组合拳，可真行啊，真的求求了，放过张哲瀚吧<span class="url-icon"><img alt=[裂开] src="https://h5.sinaimg.cn/m/emoticon/icon/default/fc_liekai-9df295d44f.png" style="width:1em; height:1em;" /></span>,79
药不然咱俩在一起吧,龚俊绝了<span class="url-icon"><img alt=[赞] src="https://h5.sinaimg.cn/m/emoticon/icon/others/h_zan-44ddc70637.png" style="width:1em; height:1em;" /></span>,47
耽改101研究专家,图片评论,5552
辣椒什么事儿啊,替身都比原主好看……,2420
Hushmycrush,发黑通稿内涵张老师，的垃圾都无父无母哦，别cue认真拍戏的张哲瀚老师<span class="url-icon"><img alt=[兔子] src="https://h5.sinaimg.cn/m/emoticon/icon/others/d_tuzi-d2b0222faa.png" style="width:1em; height:1em;" /></span>你管谁好看，反正都比你蒸煮好看,3930
风见凛_,不比较会死啊，别带张哲瀚了行不行一天八百次了,3151
帅哥投资人,您咋又出现了,2711
咻噶猫,张哲瀚真帅<span class="url-icon"><img alt=[笑哈哈] src="https://h5.sinaimg.cn/m/emoticon/icon/lxh/lxh_xiaohaha-56dbc288a5.png" style="width:1em; height:1em;" /></span>,1649
真是可爱到爆炸啊,张哲瀚好看！山河令好看！,1117
Pikachu-1999,不感兴趣 来看周子舒<span class="url-icon"><img alt=[互粉] src="https://h5.sinaimg.cn/m/emoticon/icon/default/fa_hufen-80e364a26b.png" style="width:1em; height:1em;" /></span>,816
天气晴朗万物可爱的丰年,救命，放过张哲瀚吧，你最好看行不行？,795
觅乞人,滚,710
顾初十,我觉得张哲瀚帅啊,485
爱园艺的作者大人,长得好看不见得会演，还是看看张哲瀚吧。,304
温暖的人儿都有光呀,抱走张哲瀚，不约,186
水月心方寂,图片评论,280
TaetaeTATA_,不知道，想看替身就去看替身演员露脸的戏吧，别带兢兢业业演戏的张哲瀚老师了<span class="url-icon"><img alt=[可爱] src="https://h5.sinaimg.cn/m/emoticon/icon/default/d_keai-9aae643ce8.png" style="width:1em; height:1em;" /></span>,232
双马尾玻璃风铃,图片评论,212
我的权世界19880818,滚啊，放过张哲瀚吧,191
不要再轻易心动了行不行啊,你有病？打扰素人了你知道吗<span class="url-icon"><img alt=[弱] src="https://h5.sinaimg.cn/m/emoticon/icon/others/h_ruo-d444cceb19.png" style="width:1em; height:1em;" /></span>别带张哲瀚了,164
天气晴朗万物可爱的丰年,某家个站发图，yxh紧跟下场，冲上rs，拉踩周子舒颜值。这一套组合拳，可真行啊，真的求求了，放过张哲瀚吧<span class="url-icon"><img alt=[裂开] src="https://h5.sinaimg.cn/m/emoticon/icon/default/fc_liekai-9df295d44f.png" style="width:1em; height:1em;" /></span>,79
药不然咱俩在一起吧,龚俊绝了<span class="url-icon"><img alt=[赞] src="https://h5.sinaimg.cn/m/emoticon/icon/others/h_zan-44ddc70637.png" style="width:1em; height:1em;" /></span>,47
耽改101研究专家,图片评论,5590
辣椒什么事儿啊,替身都比原主好看……,2429
Hushmycrush,发黑通稿内涵张老师，的垃圾都无父无母哦，别cue认真拍戏的张哲瀚老师<span class="url-icon"><img alt=[兔子] src="https://h5.sinaimg.cn/m/emoticon/icon/others/d_tuzi-d2b0222faa.png" style="width:1em; height:1em;" /></span>你管谁好看，反正都比你蒸煮好看,3945
风见凛_,不比较会死啊，别带张哲瀚了行不行一天八百次了,3171
帅哥投资人,您咋又出现了,2728
咻噶猫,张哲瀚真帅<span class="url-icon"><img alt=[笑哈哈] src="https://h5.sinaimg.cn/m/emoticon/icon/lxh/lxh_xiaohaha-56dbc288a5.png" style="width:1em; height:1em;" /></span>,1654
真是可爱到爆炸啊,张哲瀚好看！山河令好看！,1121
Pikachu-1999,不感兴趣 来看周子舒<span class="url-icon"><img alt=[互粉] src="https://h5.sinaimg.cn/m/emoticon/icon/default/fa_hufen-80e364a26b.png" style="width:1em; height:1em;" /></span>,819
天气晴朗万物可爱的丰年,救命，放过张哲瀚吧，你最好看行不行？,797
觅乞人,滚,716
顾初十,我觉得张哲瀚帅啊,489
爱园艺的作者大人,长得好看不见得会演，还是看看张哲瀚吧。,306
水月心方寂,图片评论,281
温暖的人儿都有光呀,抱走张哲瀚，不约,186
TaetaeTATA_,不知道，想看替身就去看替身演员露脸的戏吧，别带兢兢业业演戏的张哲瀚老师了<span class="url-icon"><img alt=[可爱] src="https://h5.sinaimg.cn/m/emoticon/icon/default/d_keai-9aae643ce8.png" style="width:1em; height:1em;" /></span>,234
双马尾玻璃风铃,图片评论,212
我的权世界19880818,滚啊，放过张哲瀚吧,193
不要再轻易心动了行不行啊,你有病？打扰素人了你知道吗<span class="url-icon"><img alt=[弱] src="https://h5.sinaimg.cn/m/emoticon/icon/others/h_ruo-d444cceb19.png" style="width:1em; height:1em;" /></span>别带张哲瀚了,165
天气晴朗万物可爱的丰年,某家个站发图，yxh紧跟下场，冲上rs，拉踩周子舒颜值。这一套组合拳，可真行啊，真的求求了，放过张哲瀚吧<span class="url-icon"><img alt=[裂开] src="https://h5.sinaimg.cn/m/emoticon/icon/default/fc_liekai-9df295d44f.png" style="width:1em; height:1em;" /></span>,79
药不然咱俩在一起吧,龚俊绝了<span class="url-icon"><img alt=[赞] src="https://h5.sinaimg.cn/m/emoticon/icon/others/h_zan-44ddc70637.png" style="width:1em; height:1em;" /></span>,47
耽改101研究专家,图片评论,5617
辣椒什么事儿啊,替身都比原主好看……,2442
Hushmycrush,发黑通稿内涵张老师，的垃圾都无父无母哦，别cue认真拍戏的张哲瀚老师<span class="url-icon"><img alt=[兔子] src="https://h5.sinaimg.cn/m/emoticon/icon/others/d_tuzi-d2b0222faa.png" style="width:1em; height:1em;" /></span>你管谁好看，反正都比你蒸煮好看,3967
风见凛_,不比较会死啊，别带张哲瀚了行不行一天八百次了,3185
帅哥投资人,您咋又出现了,2744
咻噶猫,张哲瀚真帅<span class="url-icon"><img alt=[笑哈哈] src="https://h5.sinaimg.cn/m/emoticon/icon/lxh/lxh_xiaohaha-56dbc288a5.png" style="width:1em; height:1em;" /></span>,1667
真是可爱到爆炸啊,张哲瀚好看！山河令好看！,1125
Pikachu-1999,不感兴趣 来看周子舒<span class="url-icon"><img alt=[互粉] src="https://h5.sinaimg.cn/m/emoticon/icon/default/fa_hufen-80e364a26b.png" style="width:1em; height:1em;" /></span>,825
天气晴朗万物可爱的丰年,救命，放过张哲瀚吧，你最好看行不行？,801
觅乞人,滚,723
顾初十,我觉得张哲瀚帅啊,491
爱园艺的作者大人,长得好看不见得会演，还是看看张哲瀚吧。,306
水月心方寂,图片评论,281
温暖的人儿都有光呀,抱走张哲瀚，不约,186
TaetaeTATA_,不知道，想看替身就去看替身演员露脸的戏吧，别带兢兢业业演戏的张哲瀚老师了<span class="url-icon"><img alt=[可爱] src="https://h5.sinaimg.cn/m/emoticon/icon/default/d_keai-9aae643ce8.png" style="width:1em; height:1em;" /></span>,236
双马尾玻璃风铃,图片评论,212
我的权世界19880818,滚啊，放过张哲瀚吧,194
不要再轻易心动了行不行啊,你有病？打扰素人了你知道吗<span class="url-icon"><img alt=[弱] src="https://h5.sinaimg.cn/m/emoticon/icon/others/h_ruo-d444cceb19.png" style="width:1em; height:1em;" /></span>别带张哲瀚了,165
天气晴朗万物可爱的丰年,某家个站发图，yxh紧跟下场，冲上rs，拉踩周子舒颜值。这一套组合拳，可真行啊，真的求求了，放过张哲瀚吧<span class="url-icon"><img alt=[裂开] src="https://h5.sinaimg.cn/m/emoticon/icon/default/fc_liekai-9df295d44f.png" style="width:1em; height:1em;" /></span>,79
药不然咱俩在一起吧,龚俊绝了<span class="url-icon"><img alt=[赞] src="https://h5.sinaimg.cn/m/emoticon/icon/others/h_zan-44ddc70637.png" style="width:1em; height:1em;" /></span>,47
耽改101研究专家,图片评论,5653
辣椒什么事儿啊,替身都比原主好看……,2452
Hushmycrush,发黑通稿内涵张老师，的垃圾都无父无母哦，别cue认真拍戏的张哲瀚老师<span class="url-icon"><img alt=[兔子] src="https://h5.sinaimg.cn/m/emoticon/icon/others/d_tuzi-d2b0222faa.png" style="width:1em; height:1em;" /></span>你管谁好看，反正都比你蒸煮好看,3985
风见凛_,不比较会死啊，别带张哲瀚了行不行一天八百次了,3192
帅哥投资人,您咋又出现了,2755
咻噶猫,张哲瀚真帅<span class="url-icon"><img alt=[笑哈哈] src="https://h5.sinaimg.cn/m/emoticon/icon/lxh/lxh_xiaohaha-56dbc288a5.png" style="width:1em; height:1em;" /></span>,1677
真是可爱到爆炸啊,张哲瀚好看！山河令好看！,1134
Pikachu-1999,不感兴趣 来看周子舒<span class="url-icon"><img alt=[互粉] src="https://h5.sinaimg.cn/m/emoticon/icon/default/fa_hufen-80e364a26b.png" style="width:1em; height:1em;" /></span>,829
天气晴朗万物可爱的丰年,救命，放过张哲瀚吧，你最好看行不行？,804
觅乞人,滚,727
顾初十,我觉得张哲瀚帅啊,493
爱园艺的作者大人,长得好看不见得会演，还是看看张哲瀚吧。,307
水月心方寂,图片评论,282
温暖的人儿都有光呀,抱走张哲瀚，不约,186
TaetaeTATA_,不知道，想看替身就去看替身演员露脸的戏吧，别带兢兢业业演戏的张哲瀚老师了<span class="url-icon"><img alt=[可爱] src="https://h5.sinaimg.cn/m/emoticon/icon/default/d_keai-9aae643ce8.png" style="width:1em; height:1em;" /></span>,238
双马尾玻璃风铃,图片评论,213
我的权世界19880818,滚啊，放过张哲瀚吧,194
不要再轻易心动了行不行啊,你有病？打扰素人了你知道吗<span class="url-icon"><img alt=[弱] src="https://h5.sinaimg.cn/m/emoticon/icon/others/h_ruo-d444cceb19.png" style="width:1em; height:1em;" /></span>别带张哲瀚了,166
天气晴朗万物可爱的丰年,某家个站发图，yxh紧跟下场，冲上rs，拉踩周子舒颜值。这一套组合拳，可真行啊，真的求求了，放过张哲瀚吧<span class="url-icon"><img alt=[裂开] src="https://h5.sinaimg.cn/m/emoticon/icon/default/fc_liekai-9df295d44f.png" style="width:1em; height:1em;" /></span>,80
药不然咱俩在一起吧,龚俊绝了<span class="url-icon"><img alt=[赞] src="https://h5.sinaimg.cn/m/emoticon/icon/others/h_zan-44ddc70637.png" style="width:1em; height:1em;" /></span>,47
耽改101研究专家,图片评论,5683
辣椒什么事儿啊,替身都比原主好看……,2459
Hushmycrush,发黑通稿内涵张老师，的垃圾都无父无母哦，别cue认真拍戏的张哲瀚老师<span class="url-icon"><img alt=[兔子] src="https://h5.sinaimg.cn/m/emoticon/icon/others/d_tuzi-d2b0222faa.png" style="width:1em; height:1em;" /></span>你管谁好看，反正都比你蒸煮好看,3998
风见凛_,不比较会死啊，别带张哲瀚了行不行一天八百次了,3200
帅哥投资人,您咋又出现了,2770
咻噶猫,张哲瀚真帅<span class="url-icon"><img alt=[笑哈哈] src="https://h5.sinaimg.cn/m/emoticon/icon/lxh/lxh_xiaohaha-56dbc288a5.png" style="width:1em; height:1em;" /></span>,1687
真是可爱到爆炸啊,张哲瀚好看！山河令好看！,1142
Pikachu-1999,不感兴趣 来看周子舒<span class="url-icon"><img alt=[互粉] src="https://h5.sinaimg.cn/m/emoticon/icon/default/fa_hufen-80e364a26b.png" style="width:1em; height:1em;" /></span>,833
天气晴朗万物可爱的丰年,救命，放过张哲瀚吧，你最好看行不行？,809
觅乞人,滚,727
顾初十,我觉得张哲瀚帅啊,495
爱园艺的作者大人,长得好看不见得会演，还是看看张哲瀚吧。,307
水月心方寂,图片评论,283
温暖的人儿都有光呀,抱走张哲瀚，不约,186
TaetaeTATA_,不知道，想看替身就去看替身演员露脸的戏吧，别带兢兢业业演戏的张哲瀚老师了<span class="url-icon"><img alt=[可爱] src="https://h5.sinaimg.cn/m/emoticon/icon/default/d_keai-9aae643ce8.png" style="width:1em; height:1em;" /></span>,241
双马尾玻璃风铃,图片评论,213
我的权世界19880818,滚啊，放过张哲瀚吧,196
不要再轻易心动了行不行啊,你有病？打扰素人了你知道吗<span class="url-icon"><img alt=[弱] src="https://h5.sinaimg.cn/m/emoticon/icon/others/h_ruo-d444cceb19.png" style="width:1em; height:1em;" /></span>别带张哲瀚了,167
天气晴朗万物可爱的丰年,某家个站发图，yxh紧跟下场，冲上rs，拉踩周子舒颜值。这一套组合拳，可真行啊，真的求求了，放过张哲瀚吧<span class="url-icon"><img alt=[裂开] src="https://h5.sinaimg.cn/m/emoticon/icon/default/fc_liekai-9df295d44f.png" style="width:1em; height:1em;" /></span>,82
药不然咱俩在一起吧,龚俊绝了<span class="url-icon"><img alt=[赞] src="https://h5.sinaimg.cn/m/emoticon/icon/others/h_zan-44ddc70637.png" style="width:1em; height:1em;" /></span>,47
耽改101研究专家,图片评论,5714
辣椒什么事儿啊,替身都比原主好看……,2472
Hushmycrush,发黑通稿内涵张老师，的垃圾都无父无母哦，别cue认真拍戏的张哲瀚老师<span class="url-icon"><img alt=[兔子] src="https://h5.sinaimg.cn/m/emoticon/icon/others/d_tuzi-d2b0222faa.png" style="width:1em; height:1em;" /></span>你管谁好看，反正都比你蒸煮好看,4016
风见凛_,不比较会死啊，别带张哲瀚了行不行一天八百次了,3211
帅哥投资人,您咋又出现了,2785
咻噶猫,张哲瀚真帅<span class="url-icon"><img alt=[笑哈哈] src="https://h5.sinaimg.cn/m/emoticon/icon/lxh/lxh_xiaohaha-56dbc288a5.png" style="width:1em; height:1em;" /></span>,1690
真是可爱到爆炸啊,张哲瀚好看！山河令好看！,1144
Pikachu-1999,不感兴趣 来看周子舒<span class="url-icon"><img alt=[互粉] src="https://h5.sinaimg.cn/m/emoticon/icon/default/fa_hufen-80e364a26b.png" style="width:1em; height:1em;" /></span>,837
天气晴朗万物可爱的丰年,救命，放过张哲瀚吧，你最好看行不行？,817
觅乞人,滚,733
顾初十,我觉得张哲瀚帅啊,497
爱园艺的作者大人,长得好看不见得会演，还是看看张哲瀚吧。,309
水月心方寂,图片评论,284
温暖的人儿都有光呀,抱走张哲瀚，不约,186
TaetaeTATA_,不知道，想看替身就去看替身演员露脸的戏吧，别带兢兢业业演戏的张哲瀚老师了<span class="url-icon"><img alt=[可爱] src="https://h5.sinaimg.cn/m/emoticon/icon/default/d_keai-9aae643ce8.png" style="width:1em; height:1em;" /></span>,242
双马尾玻璃风铃,图片评论,214
我的权世界19880818,滚啊，放过张哲瀚吧,196
不要再轻易心动了行不行啊,你有病？打扰素人了你知道吗<span class="url-icon"><img alt=[弱] src="https://h5.sinaimg.cn/m/emoticon/icon/others/h_ruo-d444cceb19.png" style="width:1em; height:1em;" /></span>别带张哲瀚了,168
天气晴朗万物可爱的丰年,某家个站发图，yxh紧跟下场，冲上rs，拉踩周子舒颜值。这一套组合拳，可真行啊，真的求求了，放过张哲瀚吧<span class="url-icon"><img alt=[裂开] src="https://h5.sinaimg.cn/m/emoticon/icon/default/fc_liekai-9df295d44f.png" style="width:1em; height:1em;" /></span>,82
药不然咱俩在一起吧,龚俊绝了<span class="url-icon"><img alt=[赞] src="https://h5.sinaimg.cn/m/emoticon/icon/others/h_zan-44ddc70637.png" style="width:1em; height:1em;" /></span>,47
耽改101研究专家,图片评论,5765
辣椒什么事儿啊,替身都比原主好看……,2477
Hushmycrush,发黑通稿内涵张老师，的垃圾都无父无母哦，别cue认真拍戏的张哲瀚老师<span class="url-icon"><img alt=[兔子] src="https://h5.sinaimg.cn/m/emoticon/icon/others/d_tuzi-d2b0222faa.png" style="width:1em; height:1em;" /></span>你管谁好看，反正都比你蒸煮好看,4036
风见凛_,不比较会死啊，别带张哲瀚了行不行一天八百次了,3232
帅哥投资人,您咋又出现了,2798

