早乙女_凉,毛主席万岁,4537
iBingo,钬煋朲，窩們涞叻～ ,1370
京东斐讯诈骗洗钱,一觉醒来，祝融号已经登录火星了？！ ,1157
-KokiKurihara_,害 看到突然泪目了 祝一切顺利一切都好啊,659
馨雨朦朦qd,官宣了！中国的火星时代开启！棒棒哒！ ,319
白色柠檬,我们的征途，是星辰大海！并且我们成功了！ ,243
北斗_玉衡,仅凭一个航天器完成绕落巡，这可真的是，闻所未闻啊,192
面相隐士,中国的火星时代开启！棒棒哒！ ,171
白白胖胖的熊仔包,火星你好！中国来了！祝融来了！,124
柿子奔跑中,乌托邦平原，好浪漫哦！中国航天🌹,93
小王的神秘商店,来跟我一起：五星红旗你是我的骄傲，五星红旗我为你自豪，为你欢呼我为你喝彩，你的名字比我生命更重要 ,73
羊毛丹丹,祝贺中国航天👏👏👏👏,71
水漾月半暖,火星你好！中国的祝融来了！祝福中国航天 ,44
泠酩子,又见证了一个里程碑,27
我今天汲取知识了吗,沵恏 焱暒,24
不知羞o,火星语 怎么打来着 我忘了 /等我一下,24
言午士心弓口虫,恭喜中国航天 ,23
小沫绾绾,火星你好！祝贺中国航天！,20
未央时辰,广东人民发来贺电！,22
苏桃札,祝福中国航天 ,15
早乙女_凉,毛主席万岁,4537
iBingo,钬煋朲，窩們涞叻～ ,1370
京东斐讯诈骗洗钱,一觉醒来，祝融号已经登录火星了？！ ,1157
-KokiKurihara_,害 看到突然泪目了 祝一切顺利一切都好啊,659
馨雨朦朦qd,官宣了！中国的火星时代开启！棒棒哒！ ,319
白色柠檬,我们的征途，是星辰大海！并且我们成功了！ ,243
北斗_玉衡,仅凭一个航天器完成绕落巡，这可真的是，闻所未闻啊,192
面相隐士,中国的火星时代开启！棒棒哒！ ,171
白白胖胖的熊仔包,火星你好！中国来了！祝融来了！,124
柿子奔跑中,乌托邦平原，好浪漫哦！中国航天🌹,93
小王的神秘商店,来跟我一起：五星红旗你是我的骄傲，五星红旗我为你自豪，为你欢呼我为你喝彩，你的名字比我生命更重要 ,73
羊毛丹丹,祝贺中国航天👏👏👏👏,71
水漾月半暖,火星你好！中国的祝融来了！祝福中国航天 ,44
泠酩子,又见证了一个里程碑,27
我今天汲取知识了吗,沵恏 焱暒,24
不知羞o,火星语 怎么打来着 我忘了 /等我一下,24
言午士心弓口虫,恭喜中国航天 ,23
小沫绾绾,火星你好！祝贺中国航天！,20
未央时辰,广东人民发来贺电！,22
苏桃札,祝福中国航天 ,15
早乙女_凉,毛主席万岁,4538
iBingo,钬煋朲，窩們涞叻～ ,1370
京东斐讯诈骗洗钱,一觉醒来，祝融号已经登录火星了？！ ,1157
-KokiKurihara_,害 看到突然泪目了 祝一切顺利一切都好啊,659
馨雨朦朦qd,官宣了！中国的火星时代开启！棒棒哒！ ,319
白色柠檬,我们的征途，是星辰大海！并且我们成功了！ ,243
北斗_玉衡,仅凭一个航天器完成绕落巡，这可真的是，闻所未闻啊,192
面相隐士,中国的火星时代开启！棒棒哒！ ,171
白白胖胖的熊仔包,火星你好！中国来了！祝融来了！,124
柿子奔跑中,乌托邦平原，好浪漫哦！中国航天🌹,93
小王的神秘商店,来跟我一起：五星红旗你是我的骄傲，五星红旗我为你自豪，为你欢呼我为你喝彩，你的名字比我生命更重要 ,73
羊毛丹丹,祝贺中国航天👏👏👏👏,71
水漾月半暖,火星你好！中国的祝融来了！祝福中国航天 ,44
泠酩子,又见证了一个里程碑,27
我今天汲取知识了吗,沵恏 焱暒,24
不知羞o,火星语 怎么打来着 我忘了 /等我一下,24
言午士心弓口虫,恭喜中国航天 ,23
小沫绾绾,火星你好！祝贺中国航天！,20
未央时辰,广东人民发来贺电！,22
苏桃札,祝福中国航天 ,15
早乙女_凉,毛主席万岁,4538
iBingo,钬煋朲，窩們涞叻～ ,1370
京东斐讯诈骗洗钱,一觉醒来，祝融号已经登录火星了？！ ,1157
-KokiKurihara_,害 看到突然泪目了 祝一切顺利一切都好啊,659
馨雨朦朦qd,官宣了！中国的火星时代开启！棒棒哒！ ,319
白色柠檬,我们的征途，是星辰大海！并且我们成功了！ ,243
北斗_玉衡,仅凭一个航天器完成绕落巡，这可真的是，闻所未闻啊,192
面相隐士,中国的火星时代开启！棒棒哒！ ,171
白白胖胖的熊仔包,火星你好！中国来了！祝融来了！,124
柿子奔跑中,乌托邦平原，好浪漫哦！中国航天🌹,93
小王的神秘商店,来跟我一起：五星红旗你是我的骄傲，五星红旗我为你自豪，为你欢呼我为你喝彩，你的名字比我生命更重要 ,73
羊毛丹丹,祝贺中国航天👏👏👏👏,71
水漾月半暖,火星你好！中国的祝融来了！祝福中国航天 ,44
泠酩子,又见证了一个里程碑,27
我今天汲取知识了吗,沵恏 焱暒,24
不知羞o,火星语 怎么打来着 我忘了 /等我一下,24
言午士心弓口虫,恭喜中国航天 ,23
小沫绾绾,火星你好！祝贺中国航天！,20
未央时辰,广东人民发来贺电！,22
苏桃札,祝福中国航天 ,15
早乙女_凉,毛主席万岁,4539
iBingo,钬煋朲，窩們涞叻～ ,1370
京东斐讯诈骗洗钱,一觉醒来，祝融号已经登录火星了？！ ,1157
-KokiKurihara_,害 看到突然泪目了 祝一切顺利一切都好啊,659
馨雨朦朦qd,官宣了！中国的火星时代开启！棒棒哒！ ,319
白色柠檬,我们的征途，是星辰大海！并且我们成功了！ ,243
北斗_玉衡,仅凭一个航天器完成绕落巡，这可真的是，闻所未闻啊,192
面相隐士,中国的火星时代开启！棒棒哒！ ,171
白白胖胖的熊仔包,火星你好！中国来了！祝融来了！,124
柿子奔跑中,乌托邦平原，好浪漫哦！中国航天🌹,93
小王的神秘商店,来跟我一起：五星红旗你是我的骄傲，五星红旗我为你自豪，为你欢呼我为你喝彩，你的名字比我生命更重要 ,73
羊毛丹丹,祝贺中国航天👏👏👏👏,71
水漾月半暖,火星你好！中国的祝融来了！祝福中国航天 ,44
泠酩子,又见证了一个里程碑,27
我今天汲取知识了吗,沵恏 焱暒,24
不知羞o,火星语 怎么打来着 我忘了 /等我一下,24
言午士心弓口虫,恭喜中国航天 ,23
小沫绾绾,火星你好！祝贺中国航天！,20
未央时辰,广东人民发来贺电！,22
苏桃札,祝福中国航天 ,15
早乙女_凉,毛主席万岁,4539
iBingo,钬煋朲，窩們涞叻～ ,1370
京东斐讯诈骗洗钱,一觉醒来，祝融号已经登录火星了？！ ,1157
-KokiKurihara_,害 看到突然泪目了 祝一切顺利一切都好啊,659
馨雨朦朦qd,官宣了！中国的火星时代开启！棒棒哒！ ,319
白色柠檬,我们的征途，是星辰大海！并且我们成功了！ ,243
北斗_玉衡,仅凭一个航天器完成绕落巡，这可真的是，闻所未闻啊,192
面相隐士,中国的火星时代开启！棒棒哒！ ,171
白白胖胖的熊仔包,火星你好！中国来了！祝融来了！,124
柿子奔跑中,乌托邦平原，好浪漫哦！中国航天🌹,93
小王的神秘商店,来跟我一起：五星红旗你是我的骄傲，五星红旗我为你自豪，为你欢呼我为你喝彩，你的名字比我生命更重要 ,73
羊毛丹丹,祝贺中国航天👏👏👏👏,71
水漾月半暖,火星你好！中国的祝融来了！祝福中国航天 ,44
泠酩子,又见证了一个里程碑,27
我今天汲取知识了吗,沵恏 焱暒,24
不知羞o,火星语 怎么打来着 我忘了 /等我一下,24
言午士心弓口虫,恭喜中国航天 ,23
小沫绾绾,火星你好！祝贺中国航天！,20
未央时辰,广东人民发来贺电！,22
苏桃札,祝福中国航天 ,15
早乙女_凉,毛主席万岁,4539
iBingo,钬煋朲，窩們涞叻～ ,1371
京东斐讯诈骗洗钱,一觉醒来，祝融号已经登录火星了？！ ,1157
-KokiKurihara_,害 看到突然泪目了 祝一切顺利一切都好啊,659
馨雨朦朦qd,官宣了！中国的火星时代开启！棒棒哒！ ,319
白色柠檬,我们的征途，是星辰大海！并且我们成功了！ ,243
北斗_玉衡,仅凭一个航天器完成绕落巡，这可真的是，闻所未闻啊,192
面相隐士,中国的火星时代开启！棒棒哒！ ,171
白白胖胖的熊仔包,火星你好！中国来了！祝融来了！,124
柿子奔跑中,乌托邦平原，好浪漫哦！中国航天🌹,93
小王的神秘商店,来跟我一起：五星红旗你是我的骄傲，五星红旗我为你自豪，为你欢呼我为你喝彩，你的名字比我生命更重要 ,73
羊毛丹丹,祝贺中国航天👏👏👏👏,71
水漾月半暖,火星你好！中国的祝融来了！祝福中国航天 ,44
泠酩子,又见证了一个里程碑,27
我今天汲取知识了吗,沵恏 焱暒,24
不知羞o,火星语 怎么打来着 我忘了 /等我一下,24
言午士心弓口虫,恭喜中国航天 ,23
小沫绾绾,火星你好！祝贺中国航天！,20
未央时辰,广东人民发来贺电！,22
苏桃札,祝福中国航天 ,15
早乙女_凉,毛主席万岁,4539
iBingo,钬煋朲，窩們涞叻～ ,1371
京东斐讯诈骗洗钱,一觉醒来，祝融号已经登录火星了？！ ,1158
-KokiKurihara_,害 看到突然泪目了 祝一切顺利一切都好啊,659
馨雨朦朦qd,官宣了！中国的火星时代开启！棒棒哒！ ,319
白色柠檬,我们的征途，是星辰大海！并且我们成功了！ ,243
北斗_玉衡,仅凭一个航天器完成绕落巡，这可真的是，闻所未闻啊,193
面相隐士,中国的火星时代开启！棒棒哒！ ,171
白白胖胖的熊仔包,火星你好！中国来了！祝融来了！,124
柿子奔跑中,乌托邦平原，好浪漫哦！中国航天🌹,93
小王的神秘商店,来跟我一起：五星红旗你是我的骄傲，五星红旗我为你自豪，为你欢呼我为你喝彩，你的名字比我生命更重要 ,73
羊毛丹丹,祝贺中国航天👏👏👏👏,71
水漾月半暖,火星你好！中国的祝融来了！祝福中国航天 ,44
泠酩子,又见证了一个里程碑,27
我今天汲取知识了吗,沵恏 焱暒,24
不知羞o,火星语 怎么打来着 我忘了 /等我一下,24
言午士心弓口虫,恭喜中国航天 ,23
小沫绾绾,火星你好！祝贺中国航天！,20
未央时辰,广东人民发来贺电！,22
苏桃札,祝福中国航天 ,15
早乙女_凉,毛主席万岁,4539
iBingo,钬煋朲，窩們涞叻～ ,1371
京东斐讯诈骗洗钱,一觉醒来，祝融号已经登录火星了？！ ,1158
-KokiKurihara_,害 看到突然泪目了 祝一切顺利一切都好啊,659
馨雨朦朦qd,官宣了！中国的火星时代开启！棒棒哒！ ,319
白色柠檬,我们的征途，是星辰大海！并且我们成功了！ ,243
北斗_玉衡,仅凭一个航天器完成绕落巡，这可真的是，闻所未闻啊,193
面相隐士,中国的火星时代开启！棒棒哒！ ,171
白白胖胖的熊仔包,火星你好！中国来了！祝融来了！,124
柿子奔跑中,乌托邦平原，好浪漫哦！中国航天🌹,93
小王的神秘商店,来跟我一起：五星红旗你是我的骄傲，五星红旗我为你自豪，为你欢呼我为你喝彩，你的名字比我生命更重要 ,73
羊毛丹丹,祝贺中国航天👏👏👏👏,71
水漾月半暖,火星你好！中国的祝融来了！祝福中国航天 ,44
泠酩子,又见证了一个里程碑,27
我今天汲取知识了吗,沵恏 焱暒,24
不知羞o,火星语 怎么打来着 我忘了 /等我一下,24
言午士心弓口虫,恭喜中国航天 ,23
小沫绾绾,火星你好！祝贺中国航天！,20
未央时辰,广东人民发来贺电！,22
苏桃札,祝福中国航天 ,15
早乙女_凉,毛主席万岁,4539
iBingo,钬煋朲，窩們涞叻～ ,1371
京东斐讯诈骗洗钱,一觉醒来，祝融号已经登录火星了？！ ,1158
-KokiKurihara_,害 看到突然泪目了 祝一切顺利一切都好啊,659
馨雨朦朦qd,官宣了！中国的火星时代开启！棒棒哒！ ,319
白色柠檬,我们的征途，是星辰大海！并且我们成功了！ ,243
北斗_玉衡,仅凭一个航天器完成绕落巡，这可真的是，闻所未闻啊,193
面相隐士,中国的火星时代开启！棒棒哒！ ,171
白白胖胖的熊仔包,火星你好！中国来了！祝融来了！,124
柿子奔跑中,乌托邦平原，好浪漫哦！中国航天🌹,93
小王的神秘商店,来跟我一起：五星红旗你是我的骄傲，五星红旗我为你自豪，为你欢呼我为你喝彩，你的名字比我生命更重要 ,73
羊毛丹丹,祝贺中国航天👏👏👏👏,71
水漾月半暖,火星你好！中国的祝融来了！祝福中国航天 ,44
泠酩子,又见证了一个里程碑,27
我今天汲取知识了吗,沵恏 焱暒,24
不知羞o,火星语 怎么打来着 我忘了 /等我一下,24
言午士心弓口虫,恭喜中国航天 ,23
小沫绾绾,火星你好！祝贺中国航天！,20
未央时辰,广东人民发来贺电！,22
苏桃札,祝福中国航天 ,15
早乙女_凉,毛主席万岁,4539
iBingo,钬煋朲，窩們涞叻～ ,1371
京东斐讯诈骗洗钱,一觉醒来，祝融号已经登录火星了？！ ,1158
-KokiKurihara_,害 看到突然泪目了 祝一切顺利一切都好啊,659
馨雨朦朦qd,官宣了！中国的火星时代开启！棒棒哒！ ,319
白色柠檬,我们的征途，是星辰大海！并且我们成功了！ ,243
北斗_玉衡,仅凭一个航天器完成绕落巡，这可真的是，闻所未闻啊,193
面相隐士,中国的火星时代开启！棒棒哒！ ,171
白白胖胖的熊仔包,火星你好！中国来了！祝融来了！,124
柿子奔跑中,乌托邦平原，好浪漫哦！中国航天🌹,93
小王的神秘商店,来跟我一起：五星红旗你是我的骄傲，五星红旗我为你自豪，为你欢呼我为你喝彩，你的名字比我生命更重要 ,73
羊毛丹丹,祝贺中国航天👏👏👏👏,71
水漾月半暖,火星你好！中国的祝融来了！祝福中国航天 ,44
泠酩子,又见证了一个里程碑,27
我今天汲取知识了吗,沵恏 焱暒,24
不知羞o,火星语 怎么打来着 我忘了 /等我一下,24
言午士心弓口虫,恭喜中国航天 ,23
小沫绾绾,火星你好！祝贺中国航天！,20
未央时辰,广东人民发来贺电！,22
苏桃札,祝福中国航天 ,15
早乙女_凉,毛主席万岁,4539
iBingo,钬煋朲，窩們涞叻～ ,1372
京东斐讯诈骗洗钱,一觉醒来，祝融号已经登录火星了？！ ,1158
-KokiKurihara_,害 看到突然泪目了 祝一切顺利一切都好啊,659
馨雨朦朦qd,官宣了！中国的火星时代开启！棒棒哒！ ,319
白色柠檬,我们的征途，是星辰大海！并且我们成功了！ ,243
北斗_玉衡,仅凭一个航天器完成绕落巡，这可真的是，闻所未闻啊,193
面相隐士,中国的火星时代开启！棒棒哒！ ,171
白白胖胖的熊仔包,火星你好！中国来了！祝融来了！,124
柿子奔跑中,乌托邦平原，好浪漫哦！中国航天🌹,93
小王的神秘商店,来跟我一起：五星红旗你是我的骄傲，五星红旗我为你自豪，为你欢呼我为你喝彩，你的名字比我生命更重要 ,73
羊毛丹丹,祝贺中国航天👏👏👏👏,71
水漾月半暖,火星你好！中国的祝融来了！祝福中国航天 ,44
泠酩子,又见证了一个里程碑,27
我今天汲取知识了吗,沵恏 焱暒,24
不知羞o,火星语 怎么打来着 我忘了 /等我一下,24
言午士心弓口虫,恭喜中国航天 ,23
小沫绾绾,火星你好！祝贺中国航天！,20
未央时辰,广东人民发来贺电！,22
苏桃札,祝福中国航天 ,15
早乙女_凉,毛主席万岁,4539
iBingo,钬煋朲，窩們涞叻～ ,1372
京东斐讯诈骗洗钱,一觉醒来，祝融号已经登录火星了？！ ,1158
-KokiKurihara_,害 看到突然泪目了 祝一切顺利一切都好啊,660
馨雨朦朦qd,官宣了！中国的火星时代开启！棒棒哒！ ,319
白色柠檬,我们的征途，是星辰大海！并且我们成功了！ ,243
北斗_玉衡,仅凭一个航天器完成绕落巡，这可真的是，闻所未闻啊,193
面相隐士,中国的火星时代开启！棒棒哒！ ,171
白白胖胖的熊仔包,火星你好！中国来了！祝融来了！,124
柿子奔跑中,乌托邦平原，好浪漫哦！中国航天🌹,93
小王的神秘商店,来跟我一起：五星红旗你是我的骄傲，五星红旗我为你自豪，为你欢呼我为你喝彩，你的名字比我生命更重要 ,73
羊毛丹丹,祝贺中国航天👏👏👏👏,71
水漾月半暖,火星你好！中国的祝融来了！祝福中国航天 ,44
泠酩子,又见证了一个里程碑,27
我今天汲取知识了吗,沵恏 焱暒,24
不知羞o,火星语 怎么打来着 我忘了 /等我一下,24
言午士心弓口虫,恭喜中国航天 ,23
小沫绾绾,火星你好！祝贺中国航天！,20
未央时辰,广东人民发来贺电！,22
苏桃札,祝福中国航天 ,15
早乙女_凉,毛主席万岁,4539
iBingo,钬煋朲，窩們涞叻～ ,1372
京东斐讯诈骗洗钱,一觉醒来，祝融号已经登录火星了？！ ,1158
-KokiKurihara_,害 看到突然泪目了 祝一切顺利一切都好啊,660
馨雨朦朦qd,官宣了！中国的火星时代开启！棒棒哒！ ,319
白色柠檬,我们的征途，是星辰大海！并且我们成功了！ ,243
北斗_玉衡,仅凭一个航天器完成绕落巡，这可真的是，闻所未闻啊,193
面相隐士,中国的火星时代开启！棒棒哒！ ,171
白白胖胖的熊仔包,火星你好！中国来了！祝融来了！,124
柿子奔跑中,乌托邦平原，好浪漫哦！中国航天🌹,93
小王的神秘商店,来跟我一起：五星红旗你是我的骄傲，五星红旗我为你自豪，为你欢呼我为你喝彩，你的名字比我生命更重要 ,73
羊毛丹丹,祝贺中国航天👏👏👏👏,71
水漾月半暖,火星你好！中国的祝融来了！祝福中国航天 ,44
泠酩子,又见证了一个里程碑,27
我今天汲取知识了吗,沵恏 焱暒,24
不知羞o,火星语 怎么打来着 我忘了 /等我一下,24
言午士心弓口虫,恭喜中国航天 ,23
小沫绾绾,火星你好！祝贺中国航天！,20
未央时辰,广东人民发来贺电！,22
苏桃札,祝福中国航天 ,15
早乙女_凉,毛主席万岁,4540
iBingo,钬煋朲，窩們涞叻～ ,1373
京东斐讯诈骗洗钱,一觉醒来，祝融号已经登录火星了？！ ,1158
-KokiKurihara_,害 看到突然泪目了 祝一切顺利一切都好啊,660
馨雨朦朦qd,官宣了！中国的火星时代开启！棒棒哒！ ,320
白色柠檬,我们的征途，是星辰大海！并且我们成功了！ ,243
北斗_玉衡,仅凭一个航天器完成绕落巡，这可真的是，闻所未闻啊,193
面相隐士,中国的火星时代开启！棒棒哒！ ,171
白白胖胖的熊仔包,火星你好！中国来了！祝融来了！,124
柿子奔跑中,乌托邦平原，好浪漫哦！中国航天🌹,93
小王的神秘商店,来跟我一起：五星红旗你是我的骄傲，五星红旗我为你自豪，为你欢呼我为你喝彩，你的名字比我生命更重要 ,73
羊毛丹丹,祝贺中国航天👏👏👏👏,71
水漾月半暖,火星你好！中国的祝融来了！祝福中国航天 ,44
泠酩子,又见证了一个里程碑,27
我今天汲取知识了吗,沵恏 焱暒,24
不知羞o,火星语 怎么打来着 我忘了 /等我一下,24
言午士心弓口虫,恭喜中国航天 ,23
小沫绾绾,火星你好！祝贺中国航天！,20
未央时辰,广东人民发来贺电！,22
苏桃札,祝福中国航天 ,15
早乙女_凉,毛主席万岁,4541
iBingo,钬煋朲，窩們涞叻～ ,1373
京东斐讯诈骗洗钱,一觉醒来，祝融号已经登录火星了？！ ,1158
-KokiKurihara_,害 看到突然泪目了 祝一切顺利一切都好啊,660
馨雨朦朦qd,官宣了！中国的火星时代开启！棒棒哒！ ,320
白色柠檬,我们的征途，是星辰大海！并且我们成功了！ ,243
北斗_玉衡,仅凭一个航天器完成绕落巡，这可真的是，闻所未闻啊,193
面相隐士,中国的火星时代开启！棒棒哒！ ,171
白白胖胖的熊仔包,火星你好！中国来了！祝融来了！,124
柿子奔跑中,乌托邦平原，好浪漫哦！中国航天🌹,93
小王的神秘商店,来跟我一起：五星红旗你是我的骄傲，五星红旗我为你自豪，为你欢呼我为你喝彩，你的名字比我生命更重要 ,73
羊毛丹丹,祝贺中国航天👏👏👏👏,71
水漾月半暖,火星你好！中国的祝融来了！祝福中国航天 ,44
泠酩子,又见证了一个里程碑,27
我今天汲取知识了吗,沵恏 焱暒,24
不知羞o,火星语 怎么打来着 我忘了 /等我一下,24
言午士心弓口虫,恭喜中国航天 ,23
小沫绾绾,火星你好！祝贺中国航天！,20
未央时辰,广东人民发来贺电！,22
苏桃札,祝福中国航天 ,15
早乙女_凉,毛主席万岁,4541
iBingo,钬煋朲，窩們涞叻～ ,1373
京东斐讯诈骗洗钱,一觉醒来，祝融号已经登录火星了？！ ,1158
-KokiKurihara_,害 看到突然泪目了 祝一切顺利一切都好啊,660
馨雨朦朦qd,官宣了！中国的火星时代开启！棒棒哒！ ,320
白色柠檬,我们的征途，是星辰大海！并且我们成功了！ ,243
北斗_玉衡,仅凭一个航天器完成绕落巡，这可真的是，闻所未闻啊,193
面相隐士,中国的火星时代开启！棒棒哒！ ,171
白白胖胖的熊仔包,火星你好！中国来了！祝融来了！,124
柿子奔跑中,乌托邦平原，好浪漫哦！中国航天🌹,93
小王的神秘商店,来跟我一起：五星红旗你是我的骄傲，五星红旗我为你自豪，为你欢呼我为你喝彩，你的名字比我生命更重要 ,73
羊毛丹丹,祝贺中国航天👏👏👏👏,71
水漾月半暖,火星你好！中国的祝融来了！祝福中国航天 ,44
泠酩子,又见证了一个里程碑,27
我今天汲取知识了吗,沵恏 焱暒,24
不知羞o,火星语 怎么打来着 我忘了 /等我一下,24
言午士心弓口虫,恭喜中国航天 ,23
小沫绾绾,火星你好！祝贺中国航天！,20
未央时辰,广东人民发来贺电！,22
苏桃札,祝福中国航天 ,15
早乙女_凉,毛主席万岁,4542
iBingo,钬煋朲，窩們涞叻～ ,1374
京东斐讯诈骗洗钱,一觉醒来，祝融号已经登录火星了？！ ,1158
-KokiKurihara_,害 看到突然泪目了 祝一切顺利一切都好啊,660
馨雨朦朦qd,官宣了！中国的火星时代开启！棒棒哒！ ,320
白色柠檬,我们的征途，是星辰大海！并且我们成功了！ ,243
北斗_玉衡,仅凭一个航天器完成绕落巡，这可真的是，闻所未闻啊,193
面相隐士,中国的火星时代开启！棒棒哒！ ,171
白白胖胖的熊仔包,火星你好！中国来了！祝融来了！,124
柿子奔跑中,乌托邦平原，好浪漫哦！中国航天🌹,93
小王的神秘商店,来跟我一起：五星红旗你是我的骄傲，五星红旗我为你自豪，为你欢呼我为你喝彩，你的名字比我生命更重要 ,73
羊毛丹丹,祝贺中国航天👏👏👏👏,71
水漾月半暖,火星你好！中国的祝融来了！祝福中国航天 ,44
泠酩子,又见证了一个里程碑,27
我今天汲取知识了吗,沵恏 焱暒,24
不知羞o,火星语 怎么打来着 我忘了 /等我一下,24
言午士心弓口虫,恭喜中国航天 ,23
小沫绾绾,火星你好！祝贺中国航天！,20
未央时辰,广东人民发来贺电！,22
苏桃札,祝福中国航天 ,15
早乙女_凉,毛主席万岁,4542
iBingo,钬煋朲，窩們涞叻～ ,1374
京东斐讯诈骗洗钱,一觉醒来，祝融号已经登录火星了？！ ,1158
-KokiKurihara_,害 看到突然泪目了 祝一切顺利一切都好啊,660
馨雨朦朦qd,官宣了！中国的火星时代开启！棒棒哒！ ,320
白色柠檬,我们的征途，是星辰大海！并且我们成功了！ ,243
北斗_玉衡,仅凭一个航天器完成绕落巡，这可真的是，闻所未闻啊,193
面相隐士,中国的火星时代开启！棒棒哒！ ,171
白白胖胖的熊仔包,火星你好！中国来了！祝融来了！,124
柿子奔跑中,乌托邦平原，好浪漫哦！中国航天🌹,93
小王的神秘商店,来跟我一起：五星红旗你是我的骄傲，五星红旗我为你自豪，为你欢呼我为你喝彩，你的名字比我生命更重要 ,73
羊毛丹丹,祝贺中国航天👏👏👏👏,71
水漾月半暖,火星你好！中国的祝融来了！祝福中国航天 ,44
泠酩子,又见证了一个里程碑,27
我今天汲取知识了吗,沵恏 焱暒,24
不知羞o,火星语 怎么打来着 我忘了 /等我一下,24
言午士心弓口虫,恭喜中国航天 ,23
小沫绾绾,火星你好！祝贺中国航天！,20
未央时辰,广东人民发来贺电！,22
苏桃札,祝福中国航天 ,15
早乙女_凉,毛主席万岁,4543
iBingo,钬煋朲，窩們涞叻～ ,1374
京东斐讯诈骗洗钱,一觉醒来，祝融号已经登录火星了？！ ,1158
-KokiKurihara_,害 看到突然泪目了 祝一切顺利一切都好啊,660
馨雨朦朦qd,官宣了！中国的火星时代开启！棒棒哒！ ,320
白色柠檬,我们的征途，是星辰大海！并且我们成功了！ ,243
北斗_玉衡,仅凭一个航天器完成绕落巡，这可真的是，闻所未闻啊,193
面相隐士,中国的火星时代开启！棒棒哒！ ,171
白白胖胖的熊仔包,火星你好！中国来了！祝融来了！,124
柿子奔跑中,乌托邦平原，好浪漫哦！中国航天🌹,93
小王的神秘商店,来跟我一起：五星红旗你是我的骄傲，五星红旗我为你自豪，为你欢呼我为你喝彩，你的名字比我生命更重要 ,73
羊毛丹丹,祝贺中国航天👏👏👏👏,71
水漾月半暖,火星你好！中国的祝融来了！祝福中国航天 ,44
泠酩子,又见证了一个里程碑,27
我今天汲取知识了吗,沵恏 焱暒,24
不知羞o,火星语 怎么打来着 我忘了 /等我一下,24
言午士心弓口虫,恭喜中国航天 ,23
小沫绾绾,火星你好！祝贺中国航天！,20
未央时辰,广东人民发来贺电！,22
苏桃札,祝福中国航天 ,15
早乙女_凉,毛主席万岁,4545
iBingo,钬煋朲，窩們涞叻～ ,1374
京东斐讯诈骗洗钱,一觉醒来，祝融号已经登录火星了？！ ,1158
-KokiKurihara_,害 看到突然泪目了 祝一切顺利一切都好啊,660
馨雨朦朦qd,官宣了！中国的火星时代开启！棒棒哒！ ,320
白色柠檬,我们的征途，是星辰大海！并且我们成功了！ ,243
北斗_玉衡,仅凭一个航天器完成绕落巡，这可真的是，闻所未闻啊,193
面相隐士,中国的火星时代开启！棒棒哒！ ,171
白白胖胖的熊仔包,火星你好！中国来了！祝融来了！,124
柿子奔跑中,乌托邦平原，好浪漫哦！中国航天🌹,93
小王的神秘商店,来跟我一起：五星红旗你是我的骄傲，五星红旗我为你自豪，为你欢呼我为你喝彩，你的名字比我生命更重要 ,73
羊毛丹丹,祝贺中国航天👏👏👏👏,71
水漾月半暖,火星你好！中国的祝融来了！祝福中国航天 ,44
泠酩子,又见证了一个里程碑,27
我今天汲取知识了吗,沵恏 焱暒,24
不知羞o,火星语 怎么打来着 我忘了 /等我一下,24
言午士心弓口虫,恭喜中国航天 ,23
小沫绾绾,火星你好！祝贺中国航天！,20
未央时辰,广东人民发来贺电！,22
苏桃札,祝福中国航天 ,15
早乙女_凉,毛主席万岁,4545
iBingo,钬煋朲，窩們涞叻～ ,1373
京东斐讯诈骗洗钱,一觉醒来，祝融号已经登录火星了？！ ,1158
-KokiKurihara_,害 看到突然泪目了 祝一切顺利一切都好啊,660
馨雨朦朦qd,官宣了！中国的火星时代开启！棒棒哒！ ,320
白色柠檬,我们的征途，是星辰大海！并且我们成功了！ ,243
北斗_玉衡,仅凭一个航天器完成绕落巡，这可真的是，闻所未闻啊,193
面相隐士,中国的火星时代开启！棒棒哒！ ,171
白白胖胖的熊仔包,火星你好！中国来了！祝融来了！,124
柿子奔跑中,乌托邦平原，好浪漫哦！中国航天🌹,93
小王的神秘商店,来跟我一起：五星红旗你是我的骄傲，五星红旗我为你自豪，为你欢呼我为你喝彩，你的名字比我生命更重要 ,73
羊毛丹丹,祝贺中国航天👏👏👏👏,71
水漾月半暖,火星你好！中国的祝融来了！祝福中国航天 ,44
泠酩子,又见证了一个里程碑,27
我今天汲取知识了吗,沵恏 焱暒,25
不知羞o,火星语 怎么打来着 我忘了 /等我一下,24
言午士心弓口虫,恭喜中国航天 ,23
小沫绾绾,火星你好！祝贺中国航天！,20
未央时辰,广东人民发来贺电！,22
苏桃札,祝福中国航天 ,15
早乙女_凉,毛主席万岁,4546
iBingo,钬煋朲，窩們涞叻～ ,1373
京东斐讯诈骗洗钱,一觉醒来，祝融号已经登录火星了？！ ,1158
-KokiKurihara_,害 看到突然泪目了 祝一切顺利一切都好啊,660
馨雨朦朦qd,官宣了！中国的火星时代开启！棒棒哒！ ,320
白色柠檬,我们的征途，是星辰大海！并且我们成功了！ ,243
北斗_玉衡,仅凭一个航天器完成绕落巡，这可真的是，闻所未闻啊,193
面相隐士,中国的火星时代开启！棒棒哒！ ,171
白白胖胖的熊仔包,火星你好！中国来了！祝融来了！,124
柿子奔跑中,乌托邦平原，好浪漫哦！中国航天🌹,93
小王的神秘商店,来跟我一起：五星红旗你是我的骄傲，五星红旗我为你自豪，为你欢呼我为你喝彩，你的名字比我生命更重要 ,73
羊毛丹丹,祝贺中国航天👏👏👏👏,71
水漾月半暖,火星你好！中国的祝融来了！祝福中国航天 ,44
泠酩子,又见证了一个里程碑,27
我今天汲取知识了吗,沵恏 焱暒,25
不知羞o,火星语 怎么打来着 我忘了 /等我一下,24
言午士心弓口虫,恭喜中国航天 ,23
小沫绾绾,火星你好！祝贺中国航天！,20
未央时辰,广东人民发来贺电！,22
苏桃札,祝福中国航天 ,15
早乙女_凉,毛主席万岁,4548
iBingo,钬煋朲，窩們涞叻～ ,1373
京东斐讯诈骗洗钱,一觉醒来，祝融号已经登录火星了？！ ,1158
-KokiKurihara_,害 看到突然泪目了 祝一切顺利一切都好啊,660
馨雨朦朦qd,官宣了！中国的火星时代开启！棒棒哒！ ,320
白色柠檬,我们的征途，是星辰大海！并且我们成功了！ ,243
北斗_玉衡,仅凭一个航天器完成绕落巡，这可真的是，闻所未闻啊,193
面相隐士,中国的火星时代开启！棒棒哒！ ,171
白白胖胖的熊仔包,火星你好！中国来了！祝融来了！,124
柿子奔跑中,乌托邦平原，好浪漫哦！中国航天🌹,93
小王的神秘商店,来跟我一起：五星红旗你是我的骄傲，五星红旗我为你自豪，为你欢呼我为你喝彩，你的名字比我生命更重要 ,73
羊毛丹丹,祝贺中国航天👏👏👏👏,71
水漾月半暖,火星你好！中国的祝融来了！祝福中国航天 ,44
泠酩子,又见证了一个里程碑,27
我今天汲取知识了吗,沵恏 焱暒,25
不知羞o,火星语 怎么打来着 我忘了 /等我一下,24
言午士心弓口虫,恭喜中国航天 ,23
小沫绾绾,火星你好！祝贺中国航天！,20
未央时辰,广东人民发来贺电！,22
苏桃札,祝福中国航天 ,15
早乙女_凉,毛主席万岁,4549
iBingo,钬煋朲，窩們涞叻～ ,1373
京东斐讯诈骗洗钱,一觉醒来，祝融号已经登录火星了？！ ,1158
-KokiKurihara_,害 看到突然泪目了 祝一切顺利一切都好啊,660
馨雨朦朦qd,官宣了！中国的火星时代开启！棒棒哒！ ,320
白色柠檬,我们的征途，是星辰大海！并且我们成功了！ ,243
北斗_玉衡,仅凭一个航天器完成绕落巡，这可真的是，闻所未闻啊,193
面相隐士,中国的火星时代开启！棒棒哒！ ,171
白白胖胖的熊仔包,火星你好！中国来了！祝融来了！,124
柿子奔跑中,乌托邦平原，好浪漫哦！中国航天🌹,93
小王的神秘商店,来跟我一起：五星红旗你是我的骄傲，五星红旗我为你自豪，为你欢呼我为你喝彩，你的名字比我生命更重要 ,73
羊毛丹丹,祝贺中国航天👏👏👏👏,71
水漾月半暖,火星你好！中国的祝融来了！祝福中国航天 ,44
泠酩子,又见证了一个里程碑,27
我今天汲取知识了吗,沵恏 焱暒,25
不知羞o,火星语 怎么打来着 我忘了 /等我一下,24
言午士心弓口虫,恭喜中国航天 ,23
小沫绾绾,火星你好！祝贺中国航天！,20
未央时辰,广东人民发来贺电！,22
苏桃札,祝福中国航天 ,15
早乙女_凉,毛主席万岁,4549
iBingo,钬煋朲，窩們涞叻～ ,1373
京东斐讯诈骗洗钱,一觉醒来，祝融号已经登录火星了？！ ,1158
-KokiKurihara_,害 看到突然泪目了 祝一切顺利一切都好啊,660
馨雨朦朦qd,官宣了！中国的火星时代开启！棒棒哒！ ,320
白色柠檬,我们的征途，是星辰大海！并且我们成功了！ ,243
北斗_玉衡,仅凭一个航天器完成绕落巡，这可真的是，闻所未闻啊,193
面相隐士,中国的火星时代开启！棒棒哒！ ,171
白白胖胖的熊仔包,火星你好！中国来了！祝融来了！,124
柿子奔跑中,乌托邦平原，好浪漫哦！中国航天🌹,93
小王的神秘商店,来跟我一起：五星红旗你是我的骄傲，五星红旗我为你自豪，为你欢呼我为你喝彩，你的名字比我生命更重要 ,73
羊毛丹丹,祝贺中国航天👏👏👏👏,71
水漾月半暖,火星你好！中国的祝融来了！祝福中国航天 ,44
泠酩子,又见证了一个里程碑,27
我今天汲取知识了吗,沵恏 焱暒,25
不知羞o,火星语 怎么打来着 我忘了 /等我一下,24
言午士心弓口虫,恭喜中国航天 ,23
小沫绾绾,火星你好！祝贺中国航天！,20
未央时辰,广东人民发来贺电！,22
苏桃札,祝福中国航天 ,15
早乙女_凉,毛主席万岁,4549
iBingo,钬煋朲，窩們涞叻～ ,1373
京东斐讯诈骗洗钱,一觉醒来，祝融号已经登录火星了？！ ,1158
-KokiKurihara_,害 看到突然泪目了 祝一切顺利一切都好啊,660
馨雨朦朦qd,官宣了！中国的火星时代开启！棒棒哒！ ,320
白色柠檬,我们的征途，是星辰大海！并且我们成功了！ ,243
北斗_玉衡,仅凭一个航天器完成绕落巡，这可真的是，闻所未闻啊,193
面相隐士,中国的火星时代开启！棒棒哒！ ,171
白白胖胖的熊仔包,火星你好！中国来了！祝融来了！,124
柿子奔跑中,乌托邦平原，好浪漫哦！中国航天🌹,93
小王的神秘商店,来跟我一起：五星红旗你是我的骄傲，五星红旗我为你自豪，为你欢呼我为你喝彩，你的名字比我生命更重要 ,73
羊毛丹丹,祝贺中国航天👏👏👏👏,71
水漾月半暖,火星你好！中国的祝融来了！祝福中国航天 ,44
泠酩子,又见证了一个里程碑,27
我今天汲取知识了吗,沵恏 焱暒,25
不知羞o,火星语 怎么打来着 我忘了 /等我一下,24
言午士心弓口虫,恭喜中国航天 ,23
小沫绾绾,火星你好！祝贺中国航天！,20
未央时辰,广东人民发来贺电！,22
苏桃札,祝福中国航天 ,15
早乙女_凉,毛主席万岁,4549
iBingo,钬煋朲，窩們涞叻～ ,1373
京东斐讯诈骗洗钱,一觉醒来，祝融号已经登录火星了？！ ,1158
-KokiKurihara_,害 看到突然泪目了 祝一切顺利一切都好啊,660
馨雨朦朦qd,官宣了！中国的火星时代开启！棒棒哒！ ,320
白色柠檬,我们的征途，是星辰大海！并且我们成功了！ ,243
北斗_玉衡,仅凭一个航天器完成绕落巡，这可真的是，闻所未闻啊,193
面相隐士,中国的火星时代开启！棒棒哒！ ,171
白白胖胖的熊仔包,火星你好！中国来了！祝融来了！,124
柿子奔跑中,乌托邦平原，好浪漫哦！中国航天🌹,93
小王的神秘商店,来跟我一起：五星红旗你是我的骄傲，五星红旗我为你自豪，为你欢呼我为你喝彩，你的名字比我生命更重要 ,73
羊毛丹丹,祝贺中国航天👏👏👏👏,71
水漾月半暖,火星你好！中国的祝融来了！祝福中国航天 ,44
泠酩子,又见证了一个里程碑,27
我今天汲取知识了吗,沵恏 焱暒,25
不知羞o,火星语 怎么打来着 我忘了 /等我一下,24
言午士心弓口虫,恭喜中国航天 ,23
小沫绾绾,火星你好！祝贺中国航天！,20
未央时辰,广东人民发来贺电！,22
苏桃札,祝福中国航天 ,15
早乙女_凉,毛主席万岁,4549
iBingo,钬煋朲，窩們涞叻～ ,1373
京东斐讯诈骗洗钱,一觉醒来，祝融号已经登录火星了？！ ,1158
-KokiKurihara_,害 看到突然泪目了 祝一切顺利一切都好啊,660
馨雨朦朦qd,官宣了！中国的火星时代开启！棒棒哒！ ,320
白色柠檬,我们的征途，是星辰大海！并且我们成功了！ ,243
北斗_玉衡,仅凭一个航天器完成绕落巡，这可真的是，闻所未闻啊,193
面相隐士,中国的火星时代开启！棒棒哒！ ,171
白白胖胖的熊仔包,火星你好！中国来了！祝融来了！,124
柿子奔跑中,乌托邦平原，好浪漫哦！中国航天🌹,93
小王的神秘商店,来跟我一起：五星红旗你是我的骄傲，五星红旗我为你自豪，为你欢呼我为你喝彩，你的名字比我生命更重要 ,73
羊毛丹丹,祝贺中国航天👏👏👏👏,71
水漾月半暖,火星你好！中国的祝融来了！祝福中国航天 ,44
泠酩子,又见证了一个里程碑,27
我今天汲取知识了吗,沵恏 焱暒,25
不知羞o,火星语 怎么打来着 我忘了 /等我一下,24
言午士心弓口虫,恭喜中国航天 ,23
小沫绾绾,火星你好！祝贺中国航天！,20
未央时辰,广东人民发来贺电！,22
苏桃札,祝福中国航天 ,15
早乙女_凉,毛主席万岁,4549
iBingo,钬煋朲，窩們涞叻～ ,1373
京东斐讯诈骗洗钱,一觉醒来，祝融号已经登录火星了？！ ,1158
-KokiKurihara_,害 看到突然泪目了 祝一切顺利一切都好啊,660
馨雨朦朦qd,官宣了！中国的火星时代开启！棒棒哒！ ,320
白色柠檬,我们的征途，是星辰大海！并且我们成功了！ ,243
北斗_玉衡,仅凭一个航天器完成绕落巡，这可真的是，闻所未闻啊,193
面相隐士,中国的火星时代开启！棒棒哒！ ,171
白白胖胖的熊仔包,火星你好！中国来了！祝融来了！,124
柿子奔跑中,乌托邦平原，好浪漫哦！中国航天🌹,93
小王的神秘商店,来跟我一起：五星红旗你是我的骄傲，五星红旗我为你自豪，为你欢呼我为你喝彩，你的名字比我生命更重要 ,73
羊毛丹丹,祝贺中国航天👏👏👏👏,71
水漾月半暖,火星你好！中国的祝融来了！祝福中国航天 ,44
泠酩子,又见证了一个里程碑,27
我今天汲取知识了吗,沵恏 焱暒,25
不知羞o,火星语 怎么打来着 我忘了 /等我一下,24
言午士心弓口虫,恭喜中国航天 ,23
小沫绾绾,火星你好！祝贺中国航天！,20
未央时辰,广东人民发来贺电！,22
苏桃札,祝福中国航天 ,15
早乙女_凉,毛主席万岁,4550
iBingo,钬煋朲，窩們涞叻～ ,1373
京东斐讯诈骗洗钱,一觉醒来，祝融号已经登录火星了？！ ,1158
-KokiKurihara_,害 看到突然泪目了 祝一切顺利一切都好啊,660
馨雨朦朦qd,官宣了！中国的火星时代开启！棒棒哒！ ,320
白色柠檬,我们的征途，是星辰大海！并且我们成功了！ ,243
北斗_玉衡,仅凭一个航天器完成绕落巡，这可真的是，闻所未闻啊,193
面相隐士,中国的火星时代开启！棒棒哒！ ,171
白白胖胖的熊仔包,火星你好！中国来了！祝融来了！,124
柿子奔跑中,乌托邦平原，好浪漫哦！中国航天🌹,93
小王的神秘商店,来跟我一起：五星红旗你是我的骄傲，五星红旗我为你自豪，为你欢呼我为你喝彩，你的名字比我生命更重要 ,73
羊毛丹丹,祝贺中国航天👏👏👏👏,71
水漾月半暖,火星你好！中国的祝融来了！祝福中国航天 ,44
泠酩子,又见证了一个里程碑,27
我今天汲取知识了吗,沵恏 焱暒,25
不知羞o,火星语 怎么打来着 我忘了 /等我一下,24
言午士心弓口虫,恭喜中国航天 ,23
小沫绾绾,火星你好！祝贺中国航天！,20
未央时辰,广东人民发来贺电！,22
苏桃札,祝福中国航天 ,15
早乙女_凉,毛主席万岁,4551
iBingo,钬煋朲，窩們涞叻～ ,1373
京东斐讯诈骗洗钱,一觉醒来，祝融号已经登录火星了？！ ,1158
-KokiKurihara_,害 看到突然泪目了 祝一切顺利一切都好啊,660
馨雨朦朦qd,官宣了！中国的火星时代开启！棒棒哒！ ,320
白色柠檬,我们的征途，是星辰大海！并且我们成功了！ ,243
北斗_玉衡,仅凭一个航天器完成绕落巡，这可真的是，闻所未闻啊,193
面相隐士,中国的火星时代开启！棒棒哒！ ,171
白白胖胖的熊仔包,火星你好！中国来了！祝融来了！,124
柿子奔跑中,乌托邦平原，好浪漫哦！中国航天🌹,93
小王的神秘商店,来跟我一起：五星红旗你是我的骄傲，五星红旗我为你自豪，为你欢呼我为你喝彩，你的名字比我生命更重要 ,73
羊毛丹丹,祝贺中国航天👏👏👏👏,71
水漾月半暖,火星你好！中国的祝融来了！祝福中国航天 ,44
泠酩子,又见证了一个里程碑,27
我今天汲取知识了吗,沵恏 焱暒,25
不知羞o,火星语 怎么打来着 我忘了 /等我一下,24
言午士心弓口虫,恭喜中国航天 ,23
小沫绾绾,火星你好！祝贺中国航天！,20
未央时辰,广东人民发来贺电！,22
苏桃札,祝福中国航天 ,15
早乙女_凉,毛主席万岁,4552
iBingo,钬煋朲，窩們涞叻～ ,1373
京东斐讯诈骗洗钱,一觉醒来，祝融号已经登录火星了？！ ,1158
-KokiKurihara_,害 看到突然泪目了 祝一切顺利一切都好啊,660
馨雨朦朦qd,官宣了！中国的火星时代开启！棒棒哒！ ,320
白色柠檬,我们的征途，是星辰大海！并且我们成功了！ ,243
北斗_玉衡,仅凭一个航天器完成绕落巡，这可真的是，闻所未闻啊,193
面相隐士,中国的火星时代开启！棒棒哒！ ,171
白白胖胖的熊仔包,火星你好！中国来了！祝融来了！,124
柿子奔跑中,乌托邦平原，好浪漫哦！中国航天🌹,93
小王的神秘商店,来跟我一起：五星红旗你是我的骄傲，五星红旗我为你自豪，为你欢呼我为你喝彩，你的名字比我生命更重要 ,73
羊毛丹丹,祝贺中国航天👏👏👏👏,71
水漾月半暖,火星你好！中国的祝融来了！祝福中国航天 ,44
泠酩子,又见证了一个里程碑,27
我今天汲取知识了吗,沵恏 焱暒,25
不知羞o,火星语 怎么打来着 我忘了 /等我一下,24
言午士心弓口虫,恭喜中国航天 ,23
小沫绾绾,火星你好！祝贺中国航天！,20
未央时辰,广东人民发来贺电！,22
苏桃札,祝福中国航天 ,15
早乙女_凉,毛主席万岁,4552
iBingo,钬煋朲，窩們涞叻～ ,1373
京东斐讯诈骗洗钱,一觉醒来，祝融号已经登录火星了？！ ,1158
-KokiKurihara_,害 看到突然泪目了 祝一切顺利一切都好啊,660
馨雨朦朦qd,官宣了！中国的火星时代开启！棒棒哒！ ,320
白色柠檬,我们的征途，是星辰大海！并且我们成功了！ ,243
北斗_玉衡,仅凭一个航天器完成绕落巡，这可真的是，闻所未闻啊,193
面相隐士,中国的火星时代开启！棒棒哒！ ,171
白白胖胖的熊仔包,火星你好！中国来了！祝融来了！,124
柿子奔跑中,乌托邦平原，好浪漫哦！中国航天🌹,93
小王的神秘商店,来跟我一起：五星红旗你是我的骄傲，五星红旗我为你自豪，为你欢呼我为你喝彩，你的名字比我生命更重要 ,73
羊毛丹丹,祝贺中国航天👏👏👏👏,71
水漾月半暖,火星你好！中国的祝融来了！祝福中国航天 ,44
泠酩子,又见证了一个里程碑,27
我今天汲取知识了吗,沵恏 焱暒,25
不知羞o,火星语 怎么打来着 我忘了 /等我一下,24
言午士心弓口虫,恭喜中国航天 ,23
小沫绾绾,火星你好！祝贺中国航天！,20
未央时辰,广东人民发来贺电！,22
苏桃札,祝福中国航天 ,15
早乙女_凉,毛主席万岁,4552
iBingo,钬煋朲，窩們涞叻～ ,1373
京东斐讯诈骗洗钱,一觉醒来，祝融号已经登录火星了？！ ,1158
-KokiKurihara_,害 看到突然泪目了 祝一切顺利一切都好啊,660
馨雨朦朦qd,官宣了！中国的火星时代开启！棒棒哒！ ,320
白色柠檬,我们的征途，是星辰大海！并且我们成功了！ ,243
北斗_玉衡,仅凭一个航天器完成绕落巡，这可真的是，闻所未闻啊,193
面相隐士,中国的火星时代开启！棒棒哒！ ,171
白白胖胖的熊仔包,火星你好！中国来了！祝融来了！,124
柿子奔跑中,乌托邦平原，好浪漫哦！中国航天🌹,93
小王的神秘商店,来跟我一起：五星红旗你是我的骄傲，五星红旗我为你自豪，为你欢呼我为你喝彩，你的名字比我生命更重要 ,73
羊毛丹丹,祝贺中国航天👏👏👏👏,71
水漾月半暖,火星你好！中国的祝融来了！祝福中国航天 ,44
泠酩子,又见证了一个里程碑,27
我今天汲取知识了吗,沵恏 焱暒,25
不知羞o,火星语 怎么打来着 我忘了 /等我一下,24
言午士心弓口虫,恭喜中国航天 ,23
小沫绾绾,火星你好！祝贺中国航天！,20
未央时辰,广东人民发来贺电！,22
苏桃札,祝福中国航天 ,15
早乙女_凉,毛主席万岁,4552
iBingo,钬煋朲，窩們涞叻～ ,1373
京东斐讯诈骗洗钱,一觉醒来，祝融号已经登录火星了？！ ,1158
-KokiKurihara_,害 看到突然泪目了 祝一切顺利一切都好啊,660
馨雨朦朦qd,官宣了！中国的火星时代开启！棒棒哒！ ,320
白色柠檬,我们的征途，是星辰大海！并且我们成功了！ ,243
北斗_玉衡,仅凭一个航天器完成绕落巡，这可真的是，闻所未闻啊,193
面相隐士,中国的火星时代开启！棒棒哒！ ,171
白白胖胖的熊仔包,火星你好！中国来了！祝融来了！,124
柿子奔跑中,乌托邦平原，好浪漫哦！中国航天🌹,93
小王的神秘商店,来跟我一起：五星红旗你是我的骄傲，五星红旗我为你自豪，为你欢呼我为你喝彩，你的名字比我生命更重要 ,73
羊毛丹丹,祝贺中国航天👏👏👏👏,71
水漾月半暖,火星你好！中国的祝融来了！祝福中国航天 ,44
泠酩子,又见证了一个里程碑,27
我今天汲取知识了吗,沵恏 焱暒,25
不知羞o,火星语 怎么打来着 我忘了 /等我一下,24
言午士心弓口虫,恭喜中国航天 ,23
小沫绾绾,火星你好！祝贺中国航天！,20
未央时辰,广东人民发来贺电！,22
苏桃札,祝福中国航天 ,15
早乙女_凉,毛主席万岁,4553
iBingo,钬煋朲，窩們涞叻～ ,1373
京东斐讯诈骗洗钱,一觉醒来，祝融号已经登录火星了？！ ,1158
-KokiKurihara_,害 看到突然泪目了 祝一切顺利一切都好啊,660
馨雨朦朦qd,官宣了！中国的火星时代开启！棒棒哒！ ,320
白色柠檬,我们的征途，是星辰大海！并且我们成功了！ ,243
北斗_玉衡,仅凭一个航天器完成绕落巡，这可真的是，闻所未闻啊,193
面相隐士,中国的火星时代开启！棒棒哒！ ,171
白白胖胖的熊仔包,火星你好！中国来了！祝融来了！,124
柿子奔跑中,乌托邦平原，好浪漫哦！中国航天🌹,93
小王的神秘商店,来跟我一起：五星红旗你是我的骄傲，五星红旗我为你自豪，为你欢呼我为你喝彩，你的名字比我生命更重要 ,73
羊毛丹丹,祝贺中国航天👏👏👏👏,71
水漾月半暖,火星你好！中国的祝融来了！祝福中国航天 ,44
泠酩子,又见证了一个里程碑,27
我今天汲取知识了吗,沵恏 焱暒,25
不知羞o,火星语 怎么打来着 我忘了 /等我一下,24
言午士心弓口虫,恭喜中国航天 ,23
小沫绾绾,火星你好！祝贺中国航天！,20
未央时辰,广东人民发来贺电！,22
苏桃札,祝福中国航天 ,15
早乙女_凉,毛主席万岁,4554
iBingo,钬煋朲，窩們涞叻～ ,1373
京东斐讯诈骗洗钱,一觉醒来，祝融号已经登录火星了？！ ,1158
-KokiKurihara_,害 看到突然泪目了 祝一切顺利一切都好啊,660
馨雨朦朦qd,官宣了！中国的火星时代开启！棒棒哒！ ,320
白色柠檬,我们的征途，是星辰大海！并且我们成功了！ ,243
北斗_玉衡,仅凭一个航天器完成绕落巡，这可真的是，闻所未闻啊,193
面相隐士,中国的火星时代开启！棒棒哒！ ,171
白白胖胖的熊仔包,火星你好！中国来了！祝融来了！,124
柿子奔跑中,乌托邦平原，好浪漫哦！中国航天🌹,93
小王的神秘商店,来跟我一起：五星红旗你是我的骄傲，五星红旗我为你自豪，为你欢呼我为你喝彩，你的名字比我生命更重要 ,73
羊毛丹丹,祝贺中国航天👏👏👏👏,71
水漾月半暖,火星你好！中国的祝融来了！祝福中国航天 ,44
泠酩子,又见证了一个里程碑,27
我今天汲取知识了吗,沵恏 焱暒,25
不知羞o,火星语 怎么打来着 我忘了 /等我一下,24
言午士心弓口虫,恭喜中国航天 ,23
小沫绾绾,火星你好！祝贺中国航天！,20
未央时辰,广东人民发来贺电！,22
苏桃札,祝福中国航天 ,15
早乙女_凉,毛主席万岁,4555
iBingo,钬煋朲，窩們涞叻～ ,1374
京东斐讯诈骗洗钱,一觉醒来，祝融号已经登录火星了？！ ,1158
-KokiKurihara_,害 看到突然泪目了 祝一切顺利一切都好啊,660
馨雨朦朦qd,官宣了！中国的火星时代开启！棒棒哒！ ,320
白色柠檬,我们的征途，是星辰大海！并且我们成功了！ ,243
北斗_玉衡,仅凭一个航天器完成绕落巡，这可真的是，闻所未闻啊,193
面相隐士,中国的火星时代开启！棒棒哒！ ,171
白白胖胖的熊仔包,火星你好！中国来了！祝融来了！,124
柿子奔跑中,乌托邦平原，好浪漫哦！中国航天🌹,93
小王的神秘商店,来跟我一起：五星红旗你是我的骄傲，五星红旗我为你自豪，为你欢呼我为你喝彩，你的名字比我生命更重要 ,73
羊毛丹丹,祝贺中国航天👏👏👏👏,71
水漾月半暖,火星你好！中国的祝融来了！祝福中国航天 ,44
泠酩子,又见证了一个里程碑,27
我今天汲取知识了吗,沵恏 焱暒,25
不知羞o,火星语 怎么打来着 我忘了 /等我一下,24
言午士心弓口虫,恭喜中国航天 ,23
小沫绾绾,火星你好！祝贺中国航天！,20
未央时辰,广东人民发来贺电！,22
苏桃札,祝福中国航天 ,15
早乙女_凉,毛主席万岁,4555
iBingo,钬煋朲，窩們涞叻～ ,1374
京东斐讯诈骗洗钱,一觉醒来，祝融号已经登录火星了？！ ,1158
-KokiKurihara_,害 看到突然泪目了 祝一切顺利一切都好啊,661
馨雨朦朦qd,官宣了！中国的火星时代开启！棒棒哒！ ,320
白色柠檬,我们的征途，是星辰大海！并且我们成功了！ ,243
北斗_玉衡,仅凭一个航天器完成绕落巡，这可真的是，闻所未闻啊,193
面相隐士,中国的火星时代开启！棒棒哒！ ,171
白白胖胖的熊仔包,火星你好！中国来了！祝融来了！,124
柿子奔跑中,乌托邦平原，好浪漫哦！中国航天🌹,93
小王的神秘商店,来跟我一起：五星红旗你是我的骄傲，五星红旗我为你自豪，为你欢呼我为你喝彩，你的名字比我生命更重要 ,73
羊毛丹丹,祝贺中国航天👏👏👏👏,71
水漾月半暖,火星你好！中国的祝融来了！祝福中国航天 ,44
泠酩子,又见证了一个里程碑,27
我今天汲取知识了吗,沵恏 焱暒,25
不知羞o,火星语 怎么打来着 我忘了 /等我一下,24
言午士心弓口虫,恭喜中国航天 ,23
小沫绾绾,火星你好！祝贺中国航天！,20
未央时辰,广东人民发来贺电！,22
苏桃札,祝福中国航天 ,15
早乙女_凉,毛主席万岁,4556
iBingo,钬煋朲，窩們涞叻～ ,1374
京东斐讯诈骗洗钱,一觉醒来，祝融号已经登录火星了？！ ,1158
-KokiKurihara_,害 看到突然泪目了 祝一切顺利一切都好啊,661
馨雨朦朦qd,官宣了！中国的火星时代开启！棒棒哒！ ,320
白色柠檬,我们的征途，是星辰大海！并且我们成功了！ ,243
北斗_玉衡,仅凭一个航天器完成绕落巡，这可真的是，闻所未闻啊,193
面相隐士,中国的火星时代开启！棒棒哒！ ,171
白白胖胖的熊仔包,火星你好！中国来了！祝融来了！,124
柿子奔跑中,乌托邦平原，好浪漫哦！中国航天🌹,93
小王的神秘商店,来跟我一起：五星红旗你是我的骄傲，五星红旗我为你自豪，为你欢呼我为你喝彩，你的名字比我生命更重要 ,73
羊毛丹丹,祝贺中国航天👏👏👏👏,71
水漾月半暖,火星你好！中国的祝融来了！祝福中国航天 ,44
泠酩子,又见证了一个里程碑,27
我今天汲取知识了吗,沵恏 焱暒,25
不知羞o,火星语 怎么打来着 我忘了 /等我一下,24
言午士心弓口虫,恭喜中国航天 ,23
小沫绾绾,火星你好！祝贺中国航天！,20
未央时辰,广东人民发来贺电！,22
苏桃札,祝福中国航天 ,15
早乙女_凉,毛主席万岁,4556
iBingo,钬煋朲，窩們涞叻～ ,1374
京东斐讯诈骗洗钱,一觉醒来，祝融号已经登录火星了？！ ,1158
-KokiKurihara_,害 看到突然泪目了 祝一切顺利一切都好啊,661
馨雨朦朦qd,官宣了！中国的火星时代开启！棒棒哒！ ,320
白色柠檬,我们的征途，是星辰大海！并且我们成功了！ ,243
北斗_玉衡,仅凭一个航天器完成绕落巡，这可真的是，闻所未闻啊,193
面相隐士,中国的火星时代开启！棒棒哒！ ,171
白白胖胖的熊仔包,火星你好！中国来了！祝融来了！,124
柿子奔跑中,乌托邦平原，好浪漫哦！中国航天🌹,93
小王的神秘商店,来跟我一起：五星红旗你是我的骄傲，五星红旗我为你自豪，为你欢呼我为你喝彩，你的名字比我生命更重要 ,73
羊毛丹丹,祝贺中国航天👏👏👏👏,71
水漾月半暖,火星你好！中国的祝融来了！祝福中国航天 ,44
泠酩子,又见证了一个里程碑,27
我今天汲取知识了吗,沵恏 焱暒,25
不知羞o,火星语 怎么打来着 我忘了 /等我一下,24
言午士心弓口虫,恭喜中国航天 ,23
小沫绾绾,火星你好！祝贺中国航天！,20
未央时辰,广东人民发来贺电！,22
苏桃札,祝福中国航天 ,15
早乙女_凉,毛主席万岁,4556
iBingo,钬煋朲，窩們涞叻～ ,1374
京东斐讯诈骗洗钱,一觉醒来，祝融号已经登录火星了？！ ,1158
-KokiKurihara_,害 看到突然泪目了 祝一切顺利一切都好啊,662
馨雨朦朦qd,官宣了！中国的火星时代开启！棒棒哒！ ,320
白色柠檬,我们的征途，是星辰大海！并且我们成功了！ ,243
北斗_玉衡,仅凭一个航天器完成绕落巡，这可真的是，闻所未闻啊,193
面相隐士,中国的火星时代开启！棒棒哒！ ,171
白白胖胖的熊仔包,火星你好！中国来了！祝融来了！,124
柿子奔跑中,乌托邦平原，好浪漫哦！中国航天🌹,93
小王的神秘商店,来跟我一起：五星红旗你是我的骄傲，五星红旗我为你自豪，为你欢呼我为你喝彩，你的名字比我生命更重要 ,73
羊毛丹丹,祝贺中国航天👏👏👏👏,71
水漾月半暖,火星你好！中国的祝融来了！祝福中国航天 ,44
泠酩子,又见证了一个里程碑,27
我今天汲取知识了吗,沵恏 焱暒,25
不知羞o,火星语 怎么打来着 我忘了 /等我一下,24
言午士心弓口虫,恭喜中国航天 ,23
小沫绾绾,火星你好！祝贺中国航天！,20
未央时辰,广东人民发来贺电！,22
苏桃札,祝福中国航天 ,15
早乙女_凉,毛主席万岁,4556
iBingo,钬煋朲，窩們涞叻～ ,1375
京东斐讯诈骗洗钱,一觉醒来，祝融号已经登录火星了？！ ,1159
-KokiKurihara_,害 看到突然泪目了 祝一切顺利一切都好啊,662
馨雨朦朦qd,官宣了！中国的火星时代开启！棒棒哒！ ,320
白色柠檬,我们的征途，是星辰大海！并且我们成功了！ ,243
北斗_玉衡,仅凭一个航天器完成绕落巡，这可真的是，闻所未闻啊,193
面相隐士,中国的火星时代开启！棒棒哒！ ,171
白白胖胖的熊仔包,火星你好！中国来了！祝融来了！,124
柿子奔跑中,乌托邦平原，好浪漫哦！中国航天🌹,93
小王的神秘商店,来跟我一起：五星红旗你是我的骄傲，五星红旗我为你自豪，为你欢呼我为你喝彩，你的名字比我生命更重要 ,73
羊毛丹丹,祝贺中国航天👏👏👏👏,71
水漾月半暖,火星你好！中国的祝融来了！祝福中国航天 ,44
泠酩子,又见证了一个里程碑,27
我今天汲取知识了吗,沵恏 焱暒,25
不知羞o,火星语 怎么打来着 我忘了 /等我一下,24
言午士心弓口虫,恭喜中国航天 ,23
小沫绾绾,火星你好！祝贺中国航天！,20
未央时辰,广东人民发来贺电！,22
苏桃札,祝福中国航天 ,15
早乙女_凉,毛主席万岁,4556
iBingo,钬煋朲，窩們涞叻～ ,1375
京东斐讯诈骗洗钱,一觉醒来，祝融号已经登录火星了？！ ,1159
-KokiKurihara_,害 看到突然泪目了 祝一切顺利一切都好啊,662
馨雨朦朦qd,官宣了！中国的火星时代开启！棒棒哒！ ,320
白色柠檬,我们的征途，是星辰大海！并且我们成功了！ ,243
北斗_玉衡,仅凭一个航天器完成绕落巡，这可真的是，闻所未闻啊,193
面相隐士,中国的火星时代开启！棒棒哒！ ,171
白白胖胖的熊仔包,火星你好！中国来了！祝融来了！,124
柿子奔跑中,乌托邦平原，好浪漫哦！中国航天🌹,93
小王的神秘商店,来跟我一起：五星红旗你是我的骄傲，五星红旗我为你自豪，为你欢呼我为你喝彩，你的名字比我生命更重要 ,73
羊毛丹丹,祝贺中国航天👏👏👏👏,71
水漾月半暖,火星你好！中国的祝融来了！祝福中国航天 ,44
泠酩子,又见证了一个里程碑,27
我今天汲取知识了吗,沵恏 焱暒,25
不知羞o,火星语 怎么打来着 我忘了 /等我一下,24
言午士心弓口虫,恭喜中国航天 ,23
小沫绾绾,火星你好！祝贺中国航天！,20
未央时辰,广东人民发来贺电！,22
苏桃札,祝福中国航天 ,15
早乙女_凉,毛主席万岁,4556
iBingo,钬煋朲，窩們涞叻～ ,1375
京东斐讯诈骗洗钱,一觉醒来，祝融号已经登录火星了？！ ,1159
-KokiKurihara_,害 看到突然泪目了 祝一切顺利一切都好啊,662
馨雨朦朦qd,官宣了！中国的火星时代开启！棒棒哒！ ,320
白色柠檬,我们的征途，是星辰大海！并且我们成功了！ ,243
北斗_玉衡,仅凭一个航天器完成绕落巡，这可真的是，闻所未闻啊,193
面相隐士,中国的火星时代开启！棒棒哒！ ,171
白白胖胖的熊仔包,火星你好！中国来了！祝融来了！,124
柿子奔跑中,乌托邦平原，好浪漫哦！中国航天🌹,93
小王的神秘商店,来跟我一起：五星红旗你是我的骄傲，五星红旗我为你自豪，为你欢呼我为你喝彩，你的名字比我生命更重要 ,73
羊毛丹丹,祝贺中国航天👏👏👏👏,71
水漾月半暖,火星你好！中国的祝融来了！祝福中国航天 ,44
泠酩子,又见证了一个里程碑,27
我今天汲取知识了吗,沵恏 焱暒,25
不知羞o,火星语 怎么打来着 我忘了 /等我一下,24
言午士心弓口虫,恭喜中国航天 ,23
小沫绾绾,火星你好！祝贺中国航天！,20
未央时辰,广东人民发来贺电！,22
苏桃札,祝福中国航天 ,15
早乙女_凉,毛主席万岁,4559
iBingo,钬煋朲，窩們涞叻～ ,1375
京东斐讯诈骗洗钱,一觉醒来，祝融号已经登录火星了？！ ,1159
-KokiKurihara_,害 看到突然泪目了 祝一切顺利一切都好啊,662
馨雨朦朦qd,官宣了！中国的火星时代开启！棒棒哒！ ,320
白色柠檬,我们的征途，是星辰大海！并且我们成功了！ ,243
北斗_玉衡,仅凭一个航天器完成绕落巡，这可真的是，闻所未闻啊,193
面相隐士,中国的火星时代开启！棒棒哒！ ,171
白白胖胖的熊仔包,火星你好！中国来了！祝融来了！,124
柿子奔跑中,乌托邦平原，好浪漫哦！中国航天🌹,93
小王的神秘商店,来跟我一起：五星红旗你是我的骄傲，五星红旗我为你自豪，为你欢呼我为你喝彩，你的名字比我生命更重要 ,73
羊毛丹丹,祝贺中国航天👏👏👏👏,71
水漾月半暖,火星你好！中国的祝融来了！祝福中国航天 ,44
泠酩子,又见证了一个里程碑,27
我今天汲取知识了吗,沵恏 焱暒,25
不知羞o,火星语 怎么打来着 我忘了 /等我一下,24
言午士心弓口虫,恭喜中国航天 ,23
小沫绾绾,火星你好！祝贺中国航天！,20
未央时辰,广东人民发来贺电！,22
苏桃札,祝福中国航天 ,15
早乙女_凉,毛主席万岁,4559
iBingo,钬煋朲，窩們涞叻～ ,1375
京东斐讯诈骗洗钱,一觉醒来，祝融号已经登录火星了？！ ,1159
-KokiKurihara_,害 看到突然泪目了 祝一切顺利一切都好啊,662
馨雨朦朦qd,官宣了！中国的火星时代开启！棒棒哒！ ,320
白色柠檬,我们的征途，是星辰大海！并且我们成功了！ ,243
北斗_玉衡,仅凭一个航天器完成绕落巡，这可真的是，闻所未闻啊,193
面相隐士,中国的火星时代开启！棒棒哒！ ,171
白白胖胖的熊仔包,火星你好！中国来了！祝融来了！,124
柿子奔跑中,乌托邦平原，好浪漫哦！中国航天🌹,93
小王的神秘商店,来跟我一起：五星红旗你是我的骄傲，五星红旗我为你自豪，为你欢呼我为你喝彩，你的名字比我生命更重要 ,73
羊毛丹丹,祝贺中国航天👏👏👏👏,71
水漾月半暖,火星你好！中国的祝融来了！祝福中国航天 ,44
泠酩子,又见证了一个里程碑,27
我今天汲取知识了吗,沵恏 焱暒,25
不知羞o,火星语 怎么打来着 我忘了 /等我一下,24
言午士心弓口虫,恭喜中国航天 ,23
小沫绾绾,火星你好！祝贺中国航天！,20
未央时辰,广东人民发来贺电！,22
苏桃札,祝福中国航天 ,15
早乙女_凉,毛主席万岁,4560
iBingo,钬煋朲，窩們涞叻～ ,1375
京东斐讯诈骗洗钱,一觉醒来，祝融号已经登录火星了？！ ,1159
-KokiKurihara_,害 看到突然泪目了 祝一切顺利一切都好啊,662
馨雨朦朦qd,官宣了！中国的火星时代开启！棒棒哒！ ,320
白色柠檬,我们的征途，是星辰大海！并且我们成功了！ ,243
北斗_玉衡,仅凭一个航天器完成绕落巡，这可真的是，闻所未闻啊,193
面相隐士,中国的火星时代开启！棒棒哒！ ,171
白白胖胖的熊仔包,火星你好！中国来了！祝融来了！,124
柿子奔跑中,乌托邦平原，好浪漫哦！中国航天🌹,93
小王的神秘商店,来跟我一起：五星红旗你是我的骄傲，五星红旗我为你自豪，为你欢呼我为你喝彩，你的名字比我生命更重要 ,73
羊毛丹丹,祝贺中国航天👏👏👏👏,71
水漾月半暖,火星你好！中国的祝融来了！祝福中国航天 ,44
泠酩子,又见证了一个里程碑,27
我今天汲取知识了吗,沵恏 焱暒,25
不知羞o,火星语 怎么打来着 我忘了 /等我一下,24
言午士心弓口虫,恭喜中国航天 ,23
小沫绾绾,火星你好！祝贺中国航天！,20
未央时辰,广东人民发来贺电！,22
苏桃札,祝福中国航天 ,15
早乙女_凉,毛主席万岁,4560
iBingo,钬煋朲，窩們涞叻～ ,1375
京东斐讯诈骗洗钱,一觉醒来，祝融号已经登录火星了？！ ,1159
-KokiKurihara_,害 看到突然泪目了 祝一切顺利一切都好啊,662
馨雨朦朦qd,官宣了！中国的火星时代开启！棒棒哒！ ,320
白色柠檬,我们的征途，是星辰大海！并且我们成功了！ ,243
北斗_玉衡,仅凭一个航天器完成绕落巡，这可真的是，闻所未闻啊,193
面相隐士,中国的火星时代开启！棒棒哒！ ,171
白白胖胖的熊仔包,火星你好！中国来了！祝融来了！,124
柿子奔跑中,乌托邦平原，好浪漫哦！中国航天🌹,93
小王的神秘商店,来跟我一起：五星红旗你是我的骄傲，五星红旗我为你自豪，为你欢呼我为你喝彩，你的名字比我生命更重要 ,73
羊毛丹丹,祝贺中国航天👏👏👏👏,71
水漾月半暖,火星你好！中国的祝融来了！祝福中国航天 ,44
泠酩子,又见证了一个里程碑,27
我今天汲取知识了吗,沵恏 焱暒,25
不知羞o,火星语 怎么打来着 我忘了 /等我一下,24
言午士心弓口虫,恭喜中国航天 ,23
小沫绾绾,火星你好！祝贺中国航天！,20
未央时辰,广东人民发来贺电！,22
苏桃札,祝福中国航天 ,15
早乙女_凉,毛主席万岁,4561
