·-_-·,逃避可耻但可以结婚？？？,19329
Mr-Biscuit,夺妻之仇不共戴天,10780
年度心动报告,？？？？日本娱乐圈今天下午真是给我来一个大暴击…怎么我俩老婆一个要从政一个结婚了 救命🆘,5008
今日甜分,？？？？我老婆没了 ,4825
絕讚熱映中, ,2585
绵卷卷,啊？？？？老婆？！？！结婚？！？！？,1881
子涵Ada,？？？我不叫星野源啊,1801
你介似干嘛,我的老婆又少一个,787
黑教父, ,822
每天都好困喏,评论里叫老婆的 ,676
易经尊师,新恒结衣，乙木生在申月，秋金当令，日元休囚已极，从财官的命格，命中不乏贵气，喜欢走土金大运和流年。今年对命主来说运气比较好，日元乙未天克地冲，八字后面越来越好，祝福她。,236
苦艾酒来一杯吗,卧槽 他俩真的结了！祝福吧 ,365
·心动羊酱·,我和评论区好多人撞老婆了,198
黑石酱酱,老婆没了  祝福吧！,178
单身冲浪选手,结吧，还好我有 三上悠亚。,164
OswaldKirkland,卧槽 我老婆没了 尼玛的 但是 星野源的歌我也好喜欢听,124
匹诺曹凡凡,果然日媒每次一爆就直接是结婚……,99
一位高贵路人爬过,因戏生情啊 原来我磕的糖是真的 ,78
天还灰什么呢, ,46
·-_-·,逃避可耻但可以结婚？？？,19332
Mr-Biscuit,夺妻之仇不共戴天,10784
年度心动报告,？？？？日本娱乐圈今天下午真是给我来一个大暴击…怎么我俩老婆一个要从政一个结婚了 救命🆘,5008
今日甜分,？？？？我老婆没了 ,4827
絕讚熱映中, ,2586
绵卷卷,啊？？？？老婆？！？！结婚？！？！？,1881
子涵Ada,？？？我不叫星野源啊,1803
你介似干嘛,我的老婆又少一个,787
黑教父, ,822
每天都好困喏,评论里叫老婆的 ,676
易经尊师,新恒结衣，乙木生在申月，秋金当令，日元休囚已极，从财官的命格，命中不乏贵气，喜欢走土金大运和流年。今年对命主来说运气比较好，日元乙未天克地冲，八字后面越来越好，祝福她。,236
苦艾酒来一杯吗,卧槽 他俩真的结了！祝福吧 ,365
·心动羊酱·,我和评论区好多人撞老婆了,198
黑石酱酱,老婆没了  祝福吧！,178
单身冲浪选手,结吧，还好我有 三上悠亚。,164
OswaldKirkland,卧槽 我老婆没了 尼玛的 但是 星野源的歌我也好喜欢听,125
匹诺曹凡凡,果然日媒每次一爆就直接是结婚……,100
一位高贵路人爬过,因戏生情啊 原来我磕的糖是真的 ,78
天还灰什么呢, ,46
你是个什么登西a,  喜讯,30
·-_-·,逃避可耻但可以结婚？？？,19333
Mr-Biscuit,夺妻之仇不共戴天,10786
年度心动报告,？？？？日本娱乐圈今天下午真是给我来一个大暴击…怎么我俩老婆一个要从政一个结婚了 救命🆘,5008
今日甜分,？？？？我老婆没了 ,4829
絕讚熱映中, ,2586
绵卷卷,啊？？？？老婆？！？！结婚？！？！？,1881
子涵Ada,？？？我不叫星野源啊,1803
你介似干嘛,我的老婆又少一个,787
黑教父, ,822
每天都好困喏,评论里叫老婆的 ,676
易经尊师,新恒结衣，乙木生在申月，秋金当令，日元休囚已极，从财官的命格，命中不乏贵气，喜欢走土金大运和流年。今年对命主来说运气比较好，日元乙未天克地冲，八字后面越来越好，祝福她。,236
苦艾酒来一杯吗,卧槽 他俩真的结了！祝福吧 ,365
·心动羊酱·,我和评论区好多人撞老婆了,198
黑石酱酱,老婆没了  祝福吧！,178
单身冲浪选手,结吧，还好我有 三上悠亚。,164
OswaldKirkland,卧槽 我老婆没了 尼玛的 但是 星野源的歌我也好喜欢听,125
匹诺曹凡凡,果然日媒每次一爆就直接是结婚……,100
一位高贵路人爬过,因戏生情啊 原来我磕的糖是真的 ,78
天还灰什么呢, ,46
你是个什么登西a,  喜讯,30
·-_-·,逃避可耻但可以结婚？？？,19337
Mr-Biscuit,夺妻之仇不共戴天,10789
年度心动报告,？？？？日本娱乐圈今天下午真是给我来一个大暴击…怎么我俩老婆一个要从政一个结婚了 救命🆘,5011
今日甜分,？？？？我老婆没了 ,4830
絕讚熱映中, ,2586
绵卷卷,啊？？？？老婆？！？！结婚？！？！？,1881
子涵Ada,？？？我不叫星野源啊,1804
你介似干嘛,我的老婆又少一个,787
黑教父, ,822
每天都好困喏,评论里叫老婆的 ,676
易经尊师,新恒结衣，乙木生在申月，秋金当令，日元休囚已极，从财官的命格，命中不乏贵气，喜欢走土金大运和流年。今年对命主来说运气比较好，日元乙未天克地冲，八字后面越来越好，祝福她。,236
苦艾酒来一杯吗,卧槽 他俩真的结了！祝福吧 ,365
·心动羊酱·,我和评论区好多人撞老婆了,198
黑石酱酱,老婆没了  祝福吧！,178
单身冲浪选手,结吧，还好我有 三上悠亚。,164
OswaldKirkland,卧槽 我老婆没了 尼玛的 但是 星野源的歌我也好喜欢听,125
匹诺曹凡凡,果然日媒每次一爆就直接是结婚……,100
一位高贵路人爬过,因戏生情啊 原来我磕的糖是真的 ,78
天还灰什么呢, ,46
·-_-·,逃避可耻但可以结婚？？？,19345
Mr-Biscuit,夺妻之仇不共戴天,10790
年度心动报告,？？？？日本娱乐圈今天下午真是给我来一个大暴击…怎么我俩老婆一个要从政一个结婚了 救命🆘,5016
今日甜分,？？？？我老婆没了 ,4830
絕讚熱映中, ,2586
绵卷卷,啊？？？？老婆？！？！结婚？！？！？,1881
子涵Ada,？？？我不叫星野源啊,1806
你介似干嘛,我的老婆又少一个,787
黑教父, ,822
每天都好困喏,评论里叫老婆的 ,676
易经尊师,新恒结衣，乙木生在申月，秋金当令，日元休囚已极，从财官的命格，命中不乏贵气，喜欢走土金大运和流年。今年对命主来说运气比较好，日元乙未天克地冲，八字后面越来越好，祝福她。,236
苦艾酒来一杯吗,卧槽 他俩真的结了！祝福吧 ,365
·心动羊酱·,我和评论区好多人撞老婆了,198
黑石酱酱,老婆没了  祝福吧！,178
单身冲浪选手,结吧，还好我有 三上悠亚。,164
OswaldKirkland,卧槽 我老婆没了 尼玛的 但是 星野源的歌我也好喜欢听,125
匹诺曹凡凡,果然日媒每次一爆就直接是结婚……,100
一位高贵路人爬过,因戏生情啊 原来我磕的糖是真的 ,78
天还灰什么呢, ,46
·-_-·,逃避可耻但可以结婚？？？,19346
Mr-Biscuit,夺妻之仇不共戴天,10793
年度心动报告,？？？？日本娱乐圈今天下午真是给我来一个大暴击…怎么我俩老婆一个要从政一个结婚了 救命🆘,5016
今日甜分,？？？？我老婆没了 ,4830
絕讚熱映中, ,2587
绵卷卷,啊？？？？老婆？！？！结婚？！？！？,1882
子涵Ada,？？？我不叫星野源啊,1806
你介似干嘛,我的老婆又少一个,787
黑教父, ,822
每天都好困喏,评论里叫老婆的 ,676
易经尊师,新恒结衣，乙木生在申月，秋金当令，日元休囚已极，从财官的命格，命中不乏贵气，喜欢走土金大运和流年。今年对命主来说运气比较好，日元乙未天克地冲，八字后面越来越好，祝福她。,236
苦艾酒来一杯吗,卧槽 他俩真的结了！祝福吧 ,365
·心动羊酱·,我和评论区好多人撞老婆了,198
黑石酱酱,老婆没了  祝福吧！,178
单身冲浪选手,结吧，还好我有 三上悠亚。,164
OswaldKirkland,卧槽 我老婆没了 尼玛的 但是 星野源的歌我也好喜欢听,125
匹诺曹凡凡,果然日媒每次一爆就直接是结婚……,100
一位高贵路人爬过,因戏生情啊 原来我磕的糖是真的 ,78
天还灰什么呢, ,46
·-_-·,逃避可耻但可以结婚？？？,19349
Mr-Biscuit,夺妻之仇不共戴天,10793
年度心动报告,？？？？日本娱乐圈今天下午真是给我来一个大暴击…怎么我俩老婆一个要从政一个结婚了 救命🆘,5017
今日甜分,？？？？我老婆没了 ,4831
絕讚熱映中, ,2589
绵卷卷,啊？？？？老婆？！？！结婚？！？！？,1882
子涵Ada,？？？我不叫星野源啊,1806
你介似干嘛,我的老婆又少一个,787
黑教父, ,822
每天都好困喏,评论里叫老婆的 ,676
易经尊师,新恒结衣，乙木生在申月，秋金当令，日元休囚已极，从财官的命格，命中不乏贵气，喜欢走土金大运和流年。今年对命主来说运气比较好，日元乙未天克地冲，八字后面越来越好，祝福她。,236
苦艾酒来一杯吗,卧槽 他俩真的结了！祝福吧 ,365
·心动羊酱·,我和评论区好多人撞老婆了,198
黑石酱酱,老婆没了  祝福吧！,178
单身冲浪选手,结吧，还好我有 三上悠亚。,164
OswaldKirkland,卧槽 我老婆没了 尼玛的 但是 星野源的歌我也好喜欢听,125
匹诺曹凡凡,果然日媒每次一爆就直接是结婚……,100
一位高贵路人爬过,因戏生情啊 原来我磕的糖是真的 ,78
天还灰什么呢, ,46
·-_-·,逃避可耻但可以结婚？？？,19356
Mr-Biscuit,夺妻之仇不共戴天,10795
年度心动报告,？？？？日本娱乐圈今天下午真是给我来一个大暴击…怎么我俩老婆一个要从政一个结婚了 救命🆘,5018
今日甜分,？？？？我老婆没了 ,4831
絕讚熱映中, ,2589
绵卷卷,啊？？？？老婆？！？！结婚？！？！？,1882
子涵Ada,？？？我不叫星野源啊,1807
你介似干嘛,我的老婆又少一个,787
黑教父, ,822
每天都好困喏,评论里叫老婆的 ,676
易经尊师,新恒结衣，乙木生在申月，秋金当令，日元休囚已极，从财官的命格，命中不乏贵气，喜欢走土金大运和流年。今年对命主来说运气比较好，日元乙未天克地冲，八字后面越来越好，祝福她。,236
苦艾酒来一杯吗,卧槽 他俩真的结了！祝福吧 ,365
·心动羊酱·,我和评论区好多人撞老婆了,199
黑石酱酱,老婆没了  祝福吧！,178
单身冲浪选手,结吧，还好我有 三上悠亚。,164
OswaldKirkland,卧槽 我老婆没了 尼玛的 但是 星野源的歌我也好喜欢听,125
匹诺曹凡凡,果然日媒每次一爆就直接是结婚……,100
一位高贵路人爬过,因戏生情啊 原来我磕的糖是真的 ,78
天还灰什么呢, ,47
·-_-·,逃避可耻但可以结婚？？？,19357
Mr-Biscuit,夺妻之仇不共戴天,10797
年度心动报告,？？？？日本娱乐圈今天下午真是给我来一个大暴击…怎么我俩老婆一个要从政一个结婚了 救命🆘,5019
今日甜分,？？？？我老婆没了 ,4833
絕讚熱映中, ,2589
绵卷卷,啊？？？？老婆？！？！结婚？！？！？,1882
子涵Ada,？？？我不叫星野源啊,1809
你介似干嘛,我的老婆又少一个,788
黑教父, ,822
每天都好困喏,评论里叫老婆的 ,676
易经尊师,新恒结衣，乙木生在申月，秋金当令，日元休囚已极，从财官的命格，命中不乏贵气，喜欢走土金大运和流年。今年对命主来说运气比较好，日元乙未天克地冲，八字后面越来越好，祝福她。,236
苦艾酒来一杯吗,卧槽 他俩真的结了！祝福吧 ,366
·心动羊酱·,我和评论区好多人撞老婆了,199
黑石酱酱,老婆没了  祝福吧！,178
单身冲浪选手,结吧，还好我有 三上悠亚。,164
OswaldKirkland,卧槽 我老婆没了 尼玛的 但是 星野源的歌我也好喜欢听,125
匹诺曹凡凡,果然日媒每次一爆就直接是结婚……,101
一位高贵路人爬过,因戏生情啊 原来我磕的糖是真的 ,78
天还灰什么呢, ,47
·-_-·,逃避可耻但可以结婚？？？,19358
Mr-Biscuit,夺妻之仇不共戴天,10797
年度心动报告,？？？？日本娱乐圈今天下午真是给我来一个大暴击…怎么我俩老婆一个要从政一个结婚了 救命🆘,5020
今日甜分,？？？？我老婆没了 ,4832
絕讚熱映中, ,2588
绵卷卷,啊？？？？老婆？！？！结婚？！？！？,1882
子涵Ada,？？？我不叫星野源啊,1809
你介似干嘛,我的老婆又少一个,788
黑教父, ,822
每天都好困喏,评论里叫老婆的 ,676
易经尊师,新恒结衣，乙木生在申月，秋金当令，日元休囚已极，从财官的命格，命中不乏贵气，喜欢走土金大运和流年。今年对命主来说运气比较好，日元乙未天克地冲，八字后面越来越好，祝福她。,236
苦艾酒来一杯吗,卧槽 他俩真的结了！祝福吧 ,366
·心动羊酱·,我和评论区好多人撞老婆了,199
黑石酱酱,老婆没了  祝福吧！,178
单身冲浪选手,结吧，还好我有 三上悠亚。,164
OswaldKirkland,卧槽 我老婆没了 尼玛的 但是 星野源的歌我也好喜欢听,125
匹诺曹凡凡,果然日媒每次一爆就直接是结婚……,101
一位高贵路人爬过,因戏生情啊 原来我磕的糖是真的 ,78
天还灰什么呢, ,47
·-_-·,逃避可耻但可以结婚？？？,19359
Mr-Biscuit,夺妻之仇不共戴天,10801
年度心动报告,？？？？日本娱乐圈今天下午真是给我来一个大暴击…怎么我俩老婆一个要从政一个结婚了 救命🆘,5022
今日甜分,？？？？我老婆没了 ,4832
絕讚熱映中, ,2588
绵卷卷,啊？？？？老婆？！？！结婚？！？！？,1883
子涵Ada,？？？我不叫星野源啊,1809
你介似干嘛,我的老婆又少一个,788
黑教父, ,822
每天都好困喏,评论里叫老婆的 ,676
易经尊师,新恒结衣，乙木生在申月，秋金当令，日元休囚已极，从财官的命格，命中不乏贵气，喜欢走土金大运和流年。今年对命主来说运气比较好，日元乙未天克地冲，八字后面越来越好，祝福她。,236
苦艾酒来一杯吗,卧槽 他俩真的结了！祝福吧 ,366
·心动羊酱·,我和评论区好多人撞老婆了,199
黑石酱酱,老婆没了  祝福吧！,178
单身冲浪选手,结吧，还好我有 三上悠亚。,164
OswaldKirkland,卧槽 我老婆没了 尼玛的 但是 星野源的歌我也好喜欢听,125
匹诺曹凡凡,果然日媒每次一爆就直接是结婚……,101
一位高贵路人爬过,因戏生情啊 原来我磕的糖是真的 ,78
天还灰什么呢, ,47
·-_-·,逃避可耻但可以结婚？？？,19361
Mr-Biscuit,夺妻之仇不共戴天,10801
年度心动报告,？？？？日本娱乐圈今天下午真是给我来一个大暴击…怎么我俩老婆一个要从政一个结婚了 救命🆘,5023
今日甜分,？？？？我老婆没了 ,4832
絕讚熱映中, ,2588
绵卷卷,啊？？？？老婆？！？！结婚？！？！？,1883
子涵Ada,？？？我不叫星野源啊,1809
你介似干嘛,我的老婆又少一个,787
黑教父, ,822
每天都好困喏,评论里叫老婆的 ,676
易经尊师,新恒结衣，乙木生在申月，秋金当令，日元休囚已极，从财官的命格，命中不乏贵气，喜欢走土金大运和流年。今年对命主来说运气比较好，日元乙未天克地冲，八字后面越来越好，祝福她。,236
苦艾酒来一杯吗,卧槽 他俩真的结了！祝福吧 ,366
·心动羊酱·,我和评论区好多人撞老婆了,199
黑石酱酱,老婆没了  祝福吧！,178
单身冲浪选手,结吧，还好我有 三上悠亚。,164
OswaldKirkland,卧槽 我老婆没了 尼玛的 但是 星野源的歌我也好喜欢听,125
匹诺曹凡凡,果然日媒每次一爆就直接是结婚……,101
一位高贵路人爬过,因戏生情啊 原来我磕的糖是真的 ,78
天还灰什么呢, ,47
·-_-·,逃避可耻但可以结婚？？？,19362
Mr-Biscuit,夺妻之仇不共戴天,10805
年度心动报告,？？？？日本娱乐圈今天下午真是给我来一个大暴击…怎么我俩老婆一个要从政一个结婚了 救命🆘,5024
今日甜分,？？？？我老婆没了 ,4832
絕讚熱映中, ,2588
绵卷卷,啊？？？？老婆？！？！结婚？！？！？,1883
子涵Ada,？？？我不叫星野源啊,1809
你介似干嘛,我的老婆又少一个,787
黑教父, ,822
每天都好困喏,评论里叫老婆的 ,676
易经尊师,新恒结衣，乙木生在申月，秋金当令，日元休囚已极，从财官的命格，命中不乏贵气，喜欢走土金大运和流年。今年对命主来说运气比较好，日元乙未天克地冲，八字后面越来越好，祝福她。,236
苦艾酒来一杯吗,卧槽 他俩真的结了！祝福吧 ,366
·心动羊酱·,我和评论区好多人撞老婆了,199
黑石酱酱,老婆没了  祝福吧！,178
单身冲浪选手,结吧，还好我有 三上悠亚。,164
OswaldKirkland,卧槽 我老婆没了 尼玛的 但是 星野源的歌我也好喜欢听,125
匹诺曹凡凡,果然日媒每次一爆就直接是结婚……,101
一位高贵路人爬过,因戏生情啊 原来我磕的糖是真的 ,78
天还灰什么呢, ,47
·-_-·,逃避可耻但可以结婚？？？,19366
Mr-Biscuit,夺妻之仇不共戴天,10809
年度心动报告,？？？？日本娱乐圈今天下午真是给我来一个大暴击…怎么我俩老婆一个要从政一个结婚了 救命🆘,5025
今日甜分,？？？？我老婆没了 ,4832
絕讚熱映中, ,2588
绵卷卷,啊？？？？老婆？！？！结婚？！？！？,1883
子涵Ada,？？？我不叫星野源啊,1810
你介似干嘛,我的老婆又少一个,787
黑教父, ,822
每天都好困喏,评论里叫老婆的 ,676
易经尊师,新恒结衣，乙木生在申月，秋金当令，日元休囚已极，从财官的命格，命中不乏贵气，喜欢走土金大运和流年。今年对命主来说运气比较好，日元乙未天克地冲，八字后面越来越好，祝福她。,236
苦艾酒来一杯吗,卧槽 他俩真的结了！祝福吧 ,366
·心动羊酱·,我和评论区好多人撞老婆了,199
黑石酱酱,老婆没了  祝福吧！,178
单身冲浪选手,结吧，还好我有 三上悠亚。,164
OswaldKirkland,卧槽 我老婆没了 尼玛的 但是 星野源的歌我也好喜欢听,125
匹诺曹凡凡,果然日媒每次一爆就直接是结婚……,101
一位高贵路人爬过,因戏生情啊 原来我磕的糖是真的 ,78
天还灰什么呢, ,47
·-_-·,逃避可耻但可以结婚？？？,19372
Mr-Biscuit,夺妻之仇不共戴天,10810
年度心动报告,？？？？日本娱乐圈今天下午真是给我来一个大暴击…怎么我俩老婆一个要从政一个结婚了 救命🆘,5027
今日甜分,？？？？我老婆没了 ,4834
絕讚熱映中, ,2589
绵卷卷,啊？？？？老婆？！？！结婚？！？！？,1883
子涵Ada,？？？我不叫星野源啊,1810
你介似干嘛,我的老婆又少一个,787
黑教父, ,823
每天都好困喏,评论里叫老婆的 ,676
易经尊师,新恒结衣，乙木生在申月，秋金当令，日元休囚已极，从财官的命格，命中不乏贵气，喜欢走土金大运和流年。今年对命主来说运气比较好，日元乙未天克地冲，八字后面越来越好，祝福她。,236
苦艾酒来一杯吗,卧槽 他俩真的结了！祝福吧 ,366
·心动羊酱·,我和评论区好多人撞老婆了,199
黑石酱酱,老婆没了  祝福吧！,178
单身冲浪选手,结吧，还好我有 三上悠亚。,164
OswaldKirkland,卧槽 我老婆没了 尼玛的 但是 星野源的歌我也好喜欢听,125
匹诺曹凡凡,果然日媒每次一爆就直接是结婚……,101
一位高贵路人爬过,因戏生情啊 原来我磕的糖是真的 ,78
天还灰什么呢, ,47
·-_-·,逃避可耻但可以结婚？？？,19376
Mr-Biscuit,夺妻之仇不共戴天,10811
年度心动报告,？？？？日本娱乐圈今天下午真是给我来一个大暴击…怎么我俩老婆一个要从政一个结婚了 救命🆘,5027
今日甜分,？？？？我老婆没了 ,4835
絕讚熱映中, ,2589
绵卷卷,啊？？？？老婆？！？！结婚？！？！？,1883
子涵Ada,？？？我不叫星野源啊,1810
你介似干嘛,我的老婆又少一个,787
黑教父, ,823
每天都好困喏,评论里叫老婆的 ,676
易经尊师,新恒结衣，乙木生在申月，秋金当令，日元休囚已极，从财官的命格，命中不乏贵气，喜欢走土金大运和流年。今年对命主来说运气比较好，日元乙未天克地冲，八字后面越来越好，祝福她。,236
苦艾酒来一杯吗,卧槽 他俩真的结了！祝福吧 ,367
·心动羊酱·,我和评论区好多人撞老婆了,199
黑石酱酱,老婆没了  祝福吧！,178
单身冲浪选手,结吧，还好我有 三上悠亚。,164
OswaldKirkland,卧槽 我老婆没了 尼玛的 但是 星野源的歌我也好喜欢听,125
匹诺曹凡凡,果然日媒每次一爆就直接是结婚……,101
一位高贵路人爬过,因戏生情啊 原来我磕的糖是真的 ,78
天还灰什么呢, ,47
你是个什么登西a,  喜讯,31
·-_-·,逃避可耻但可以结婚？？？,19380
Mr-Biscuit,夺妻之仇不共戴天,10812
年度心动报告,？？？？日本娱乐圈今天下午真是给我来一个大暴击…怎么我俩老婆一个要从政一个结婚了 救命🆘,5031
今日甜分,？？？？我老婆没了 ,4836
絕讚熱映中, ,2589
绵卷卷,啊？？？？老婆？！？！结婚？！？！？,1883
子涵Ada,？？？我不叫星野源啊,1812
你介似干嘛,我的老婆又少一个,787
黑教父, ,823
每天都好困喏,评论里叫老婆的 ,676
易经尊师,新恒结衣，乙木生在申月，秋金当令，日元休囚已极，从财官的命格，命中不乏贵气，喜欢走土金大运和流年。今年对命主来说运气比较好，日元乙未天克地冲，八字后面越来越好，祝福她。,236
苦艾酒来一杯吗,卧槽 他俩真的结了！祝福吧 ,367
·心动羊酱·,我和评论区好多人撞老婆了,199
黑石酱酱,老婆没了  祝福吧！,178
单身冲浪选手,结吧，还好我有 三上悠亚。,164
OswaldKirkland,卧槽 我老婆没了 尼玛的 但是 星野源的歌我也好喜欢听,125
匹诺曹凡凡,果然日媒每次一爆就直接是结婚……,101
一位高贵路人爬过,因戏生情啊 原来我磕的糖是真的 ,78
天还灰什么呢, ,47
·-_-·,逃避可耻但可以结婚？？？,19382
Mr-Biscuit,夺妻之仇不共戴天,10817
年度心动报告,？？？？日本娱乐圈今天下午真是给我来一个大暴击…怎么我俩老婆一个要从政一个结婚了 救命🆘,5032
今日甜分,？？？？我老婆没了 ,4836
絕讚熱映中, ,2590
绵卷卷,啊？？？？老婆？！？！结婚？！？！？,1883
子涵Ada,？？？我不叫星野源啊,1813
你介似干嘛,我的老婆又少一个,787
黑教父, ,823
每天都好困喏,评论里叫老婆的 ,677
易经尊师,新恒结衣，乙木生在申月，秋金当令，日元休囚已极，从财官的命格，命中不乏贵气，喜欢走土金大运和流年。今年对命主来说运气比较好，日元乙未天克地冲，八字后面越来越好，祝福她。,236
苦艾酒来一杯吗,卧槽 他俩真的结了！祝福吧 ,367
·心动羊酱·,我和评论区好多人撞老婆了,199
黑石酱酱,老婆没了  祝福吧！,178
单身冲浪选手,结吧，还好我有 三上悠亚。,164
OswaldKirkland,卧槽 我老婆没了 尼玛的 但是 星野源的歌我也好喜欢听,125
匹诺曹凡凡,果然日媒每次一爆就直接是结婚……,102
一位高贵路人爬过,因戏生情啊 原来我磕的糖是真的 ,78
天还灰什么呢, ,47
·-_-·,逃避可耻但可以结婚？？？,19385
Mr-Biscuit,夺妻之仇不共戴天,10819
年度心动报告,？？？？日本娱乐圈今天下午真是给我来一个大暴击…怎么我俩老婆一个要从政一个结婚了 救命🆘,5035
今日甜分,？？？？我老婆没了 ,4836
絕讚熱映中, ,2591
绵卷卷,啊？？？？老婆？！？！结婚？！？！？,1883
子涵Ada,？？？我不叫星野源啊,1813
你介似干嘛,我的老婆又少一个,787
黑教父, ,823
每天都好困喏,评论里叫老婆的 ,677
易经尊师,新恒结衣，乙木生在申月，秋金当令，日元休囚已极，从财官的命格，命中不乏贵气，喜欢走土金大运和流年。今年对命主来说运气比较好，日元乙未天克地冲，八字后面越来越好，祝福她。,236
苦艾酒来一杯吗,卧槽 他俩真的结了！祝福吧 ,367
·心动羊酱·,我和评论区好多人撞老婆了,200
黑石酱酱,老婆没了  祝福吧！,178
单身冲浪选手,结吧，还好我有 三上悠亚。,165
OswaldKirkland,卧槽 我老婆没了 尼玛的 但是 星野源的歌我也好喜欢听,125
匹诺曹凡凡,果然日媒每次一爆就直接是结婚……,102
一位高贵路人爬过,因戏生情啊 原来我磕的糖是真的 ,78
天还灰什么呢, ,47
你是个什么登西a,  喜讯,31
·-_-·,逃避可耻但可以结婚？？？,19387
Mr-Biscuit,夺妻之仇不共戴天,10823
年度心动报告,？？？？日本娱乐圈今天下午真是给我来一个大暴击…怎么我俩老婆一个要从政一个结婚了 救命🆘,5034
今日甜分,？？？？我老婆没了 ,4838
絕讚熱映中, ,2592
绵卷卷,啊？？？？老婆？！？！结婚？！？！？,1883
子涵Ada,？？？我不叫星野源啊,1813
你介似干嘛,我的老婆又少一个,787
黑教父, ,823
每天都好困喏,评论里叫老婆的 ,677
易经尊师,新恒结衣，乙木生在申月，秋金当令，日元休囚已极，从财官的命格，命中不乏贵气，喜欢走土金大运和流年。今年对命主来说运气比较好，日元乙未天克地冲，八字后面越来越好，祝福她。,236
苦艾酒来一杯吗,卧槽 他俩真的结了！祝福吧 ,367
·心动羊酱·,我和评论区好多人撞老婆了,200
黑石酱酱,老婆没了  祝福吧！,178
单身冲浪选手,结吧，还好我有 三上悠亚。,165
OswaldKirkland,卧槽 我老婆没了 尼玛的 但是 星野源的歌我也好喜欢听,125
匹诺曹凡凡,果然日媒每次一爆就直接是结婚……,102
一位高贵路人爬过,因戏生情啊 原来我磕的糖是真的 ,78
天还灰什么呢, ,47
·-_-·,逃避可耻但可以结婚？？？,19391
Mr-Biscuit,夺妻之仇不共戴天,10824
年度心动报告,？？？？日本娱乐圈今天下午真是给我来一个大暴击…怎么我俩老婆一个要从政一个结婚了 救命🆘,5036
今日甜分,？？？？我老婆没了 ,4839
絕讚熱映中, ,2591
绵卷卷,啊？？？？老婆？！？！结婚？！？！？,1883
子涵Ada,？？？我不叫星野源啊,1813
你介似干嘛,我的老婆又少一个,787
黑教父, ,823
每天都好困喏,评论里叫老婆的 ,677
易经尊师,新恒结衣，乙木生在申月，秋金当令，日元休囚已极，从财官的命格，命中不乏贵气，喜欢走土金大运和流年。今年对命主来说运气比较好，日元乙未天克地冲，八字后面越来越好，祝福她。,236
苦艾酒来一杯吗,卧槽 他俩真的结了！祝福吧 ,367
·心动羊酱·,我和评论区好多人撞老婆了,200
黑石酱酱,老婆没了  祝福吧！,178
单身冲浪选手,结吧，还好我有 三上悠亚。,165
OswaldKirkland,卧槽 我老婆没了 尼玛的 但是 星野源的歌我也好喜欢听,126
匹诺曹凡凡,果然日媒每次一爆就直接是结婚……,102
一位高贵路人爬过,因戏生情啊 原来我磕的糖是真的 ,78
天还灰什么呢, ,47
·-_-·,逃避可耻但可以结婚？？？,19393
Mr-Biscuit,夺妻之仇不共戴天,10830
年度心动报告,？？？？日本娱乐圈今天下午真是给我来一个大暴击…怎么我俩老婆一个要从政一个结婚了 救命🆘,5037
今日甜分,？？？？我老婆没了 ,4840
絕讚熱映中, ,2594
绵卷卷,啊？？？？老婆？！？！结婚？！？！？,1883
子涵Ada,？？？我不叫星野源啊,1813
你介似干嘛,我的老婆又少一个,787
黑教父, ,823
每天都好困喏,评论里叫老婆的 ,677
易经尊师,新恒结衣，乙木生在申月，秋金当令，日元休囚已极，从财官的命格，命中不乏贵气，喜欢走土金大运和流年。今年对命主来说运气比较好，日元乙未天克地冲，八字后面越来越好，祝福她。,236
苦艾酒来一杯吗,卧槽 他俩真的结了！祝福吧 ,367
·心动羊酱·,我和评论区好多人撞老婆了,200
黑石酱酱,老婆没了  祝福吧！,178
单身冲浪选手,结吧，还好我有 三上悠亚。,165
OswaldKirkland,卧槽 我老婆没了 尼玛的 但是 星野源的歌我也好喜欢听,126
匹诺曹凡凡,果然日媒每次一爆就直接是结婚……,102
一位高贵路人爬过,因戏生情啊 原来我磕的糖是真的 ,78
天还灰什么呢, ,47
·-_-·,逃避可耻但可以结婚？？？,19396
Mr-Biscuit,夺妻之仇不共戴天,10830
年度心动报告,？？？？日本娱乐圈今天下午真是给我来一个大暴击…怎么我俩老婆一个要从政一个结婚了 救命🆘,5039
今日甜分,？？？？我老婆没了 ,4840
絕讚熱映中, ,2594
绵卷卷,啊？？？？老婆？！？！结婚？！？！？,1883
子涵Ada,？？？我不叫星野源啊,1813
你介似干嘛,我的老婆又少一个,787
黑教父, ,823
每天都好困喏,评论里叫老婆的 ,677
易经尊师,新恒结衣，乙木生在申月，秋金当令，日元休囚已极，从财官的命格，命中不乏贵气，喜欢走土金大运和流年。今年对命主来说运气比较好，日元乙未天克地冲，八字后面越来越好，祝福她。,236
苦艾酒来一杯吗,卧槽 他俩真的结了！祝福吧 ,367
·心动羊酱·,我和评论区好多人撞老婆了,200
黑石酱酱,老婆没了  祝福吧！,178
单身冲浪选手,结吧，还好我有 三上悠亚。,165
OswaldKirkland,卧槽 我老婆没了 尼玛的 但是 星野源的歌我也好喜欢听,126
匹诺曹凡凡,果然日媒每次一爆就直接是结婚……,103
一位高贵路人爬过,因戏生情啊 原来我磕的糖是真的 ,78
天还灰什么呢, ,47
你是个什么登西a,  喜讯,31
·-_-·,逃避可耻但可以结婚？？？,19401
Mr-Biscuit,夺妻之仇不共戴天,10833
年度心动报告,？？？？日本娱乐圈今天下午真是给我来一个大暴击…怎么我俩老婆一个要从政一个结婚了 救命🆘,5039
今日甜分,？？？？我老婆没了 ,4840
絕讚熱映中, ,2595
绵卷卷,啊？？？？老婆？！？！结婚？！？！？,1884
子涵Ada,？？？我不叫星野源啊,1816
你介似干嘛,我的老婆又少一个,787
黑教父, ,823
每天都好困喏,评论里叫老婆的 ,677
易经尊师,新恒结衣，乙木生在申月，秋金当令，日元休囚已极，从财官的命格，命中不乏贵气，喜欢走土金大运和流年。今年对命主来说运气比较好，日元乙未天克地冲，八字后面越来越好，祝福她。,236
苦艾酒来一杯吗,卧槽 他俩真的结了！祝福吧 ,367
·心动羊酱·,我和评论区好多人撞老婆了,200
黑石酱酱,老婆没了  祝福吧！,178
单身冲浪选手,结吧，还好我有 三上悠亚。,165
OswaldKirkland,卧槽 我老婆没了 尼玛的 但是 星野源的歌我也好喜欢听,126
匹诺曹凡凡,果然日媒每次一爆就直接是结婚……,103
一位高贵路人爬过,因戏生情啊 原来我磕的糖是真的 ,78
天还灰什么呢, ,47
·-_-·,逃避可耻但可以结婚？？？,19404
Mr-Biscuit,夺妻之仇不共戴天,10835
年度心动报告,？？？？日本娱乐圈今天下午真是给我来一个大暴击…怎么我俩老婆一个要从政一个结婚了 救命🆘,5039
今日甜分,？？？？我老婆没了 ,4841
絕讚熱映中, ,2595
绵卷卷,啊？？？？老婆？！？！结婚？！？！？,1884
子涵Ada,？？？我不叫星野源啊,1817
你介似干嘛,我的老婆又少一个,787
黑教父, ,824
每天都好困喏,评论里叫老婆的 ,677
易经尊师,新恒结衣，乙木生在申月，秋金当令，日元休囚已极，从财官的命格，命中不乏贵气，喜欢走土金大运和流年。今年对命主来说运气比较好，日元乙未天克地冲，八字后面越来越好，祝福她。,236
苦艾酒来一杯吗,卧槽 他俩真的结了！祝福吧 ,367
·心动羊酱·,我和评论区好多人撞老婆了,200
黑石酱酱,老婆没了  祝福吧！,178
单身冲浪选手,结吧，还好我有 三上悠亚。,165
OswaldKirkland,卧槽 我老婆没了 尼玛的 但是 星野源的歌我也好喜欢听,126
匹诺曹凡凡,果然日媒每次一爆就直接是结婚……,103
一位高贵路人爬过,因戏生情啊 原来我磕的糖是真的 ,78
天还灰什么呢, ,47
·-_-·,逃避可耻但可以结婚？？？,19413
Mr-Biscuit,夺妻之仇不共戴天,10837
年度心动报告,？？？？日本娱乐圈今天下午真是给我来一个大暴击…怎么我俩老婆一个要从政一个结婚了 救命🆘,5040
今日甜分,？？？？我老婆没了 ,4842
絕讚熱映中, ,2595
绵卷卷,啊？？？？老婆？！？！结婚？！？！？,1884
子涵Ada,？？？我不叫星野源啊,1818
你介似干嘛,我的老婆又少一个,787
黑教父, ,824
每天都好困喏,评论里叫老婆的 ,677
易经尊师,新恒结衣，乙木生在申月，秋金当令，日元休囚已极，从财官的命格，命中不乏贵气，喜欢走土金大运和流年。今年对命主来说运气比较好，日元乙未天克地冲，八字后面越来越好，祝福她。,236
苦艾酒来一杯吗,卧槽 他俩真的结了！祝福吧 ,367
·心动羊酱·,我和评论区好多人撞老婆了,200
黑石酱酱,老婆没了  祝福吧！,178
单身冲浪选手,结吧，还好我有 三上悠亚。,165
OswaldKirkland,卧槽 我老婆没了 尼玛的 但是 星野源的歌我也好喜欢听,126
匹诺曹凡凡,果然日媒每次一爆就直接是结婚……,103
一位高贵路人爬过,因戏生情啊 原来我磕的糖是真的 ,78
天还灰什么呢, ,47
·-_-·,逃避可耻但可以结婚？？？,19415
Mr-Biscuit,夺妻之仇不共戴天,10840
年度心动报告,？？？？日本娱乐圈今天下午真是给我来一个大暴击…怎么我俩老婆一个要从政一个结婚了 救命🆘,5041
今日甜分,？？？？我老婆没了 ,4842
絕讚熱映中, ,2595
绵卷卷,啊？？？？老婆？！？！结婚？！？！？,1885
子涵Ada,？？？我不叫星野源啊,1820
你介似干嘛,我的老婆又少一个,788
黑教父, ,824
每天都好困喏,评论里叫老婆的 ,677
易经尊师,新恒结衣，乙木生在申月，秋金当令，日元休囚已极，从财官的命格，命中不乏贵气，喜欢走土金大运和流年。今年对命主来说运气比较好，日元乙未天克地冲，八字后面越来越好，祝福她。,236
苦艾酒来一杯吗,卧槽 他俩真的结了！祝福吧 ,367
·心动羊酱·,我和评论区好多人撞老婆了,200
黑石酱酱,老婆没了  祝福吧！,178
单身冲浪选手,结吧，还好我有 三上悠亚。,165
OswaldKirkland,卧槽 我老婆没了 尼玛的 但是 星野源的歌我也好喜欢听,126
匹诺曹凡凡,果然日媒每次一爆就直接是结婚……,103
一位高贵路人爬过,因戏生情啊 原来我磕的糖是真的 ,78
天还灰什么呢, ,47
