蜜桃汽水乌龙茶,你赚了代言钱 蒙牛赚了奶钱 🐂 赚了中间钱 秀芬一直在花钱 求求你把未扫的奶卡钱的钱退了,50425
蜜桃汽水乌龙茶,你赚了代言钱 蒙牛赚了奶钱 🐂 赚了中间钱 秀芬一直在花钱 求求你把未扫的奶卡钱的钱退了,52196
有钱了就买猫,所以到底延迟到什么时候 其他选手怎么办,31776
甜味儿宁宁·,赔钱赔钱赔钱赔钱赔钱赔钱赔钱赔钱赔钱赔钱赔钱赔钱赔钱赔钱赔钱赔钱赔钱赔钱赔钱赔钱赔钱赔钱赔钱赔钱赔钱赔钱赔钱赔钱赔钱,21026
咬一口糯米慈,滚，你要是不给十九个弟弟一个交代，你赶紧倒闭,16989
看一眼就会记住的id啊,太好笑了，你们搞的破规则破包装为什么要无辜粉丝来替你们承受损失，我买的奶一滴都没有浪费，那么难喝的和洗洁精一样的都不能称为是奶的东西，喝了就窜稀的东西，我一滴都没有浪费。就是因为不想浪费所以我买的奶还没有拆完，现在你说停就停了？我的钱是大风刮来的吗？还钱吗？,8767
Ac穁叶吖,退钱！滚蛋！,7578
Ac穁叶吖,滚吧什么垃圾节目啊把青春受害人的钱都退了！！！！,6106
别问我粉谁-追星可不得自己开心,退钱退钱退钱,5621
有什么事不能床上说,别干了，还钱,3827
keri·,所以还成团吗,2764
信号满格-Chase,小孩的梦想你拿什么赔?,2598
灵啾, 前几届做票要查查吗,2317
你也消磁吗,。。。。。。。。。。,1809
一南有点困,滚 快把小孩放出来,1796
·一元余额·,所以呢？,1464
蜜桃汽水乌龙茶,你赚了代言钱 蒙牛赚了奶钱 🐂 赚了中间钱 秀芬一直在花钱 求求你把未扫的奶卡钱的钱退了,52199
有钱了就买猫,所以到底延迟到什么时候 其他选手怎么办,31778
甜味儿宁宁·,赔钱赔钱赔钱赔钱赔钱赔钱赔钱赔钱赔钱赔钱赔钱赔钱赔钱赔钱赔钱赔钱赔钱赔钱赔钱赔钱赔钱赔钱赔钱赔钱赔钱赔钱赔钱赔钱赔钱,21028
咬一口糯米慈,滚，你要是不给十九个弟弟一个交代，你赶紧倒闭,16989
看一眼就会记住的id啊,太好笑了，你们搞的破规则破包装为什么要无辜粉丝来替你们承受损失，我买的奶一滴都没有浪费，那么难喝的和洗洁精一样的都不能称为是奶的东西，喝了就窜稀的东西，我一滴都没有浪费。就是因为不想浪费所以我买的奶还没有拆完，现在你说停就停了？我的钱是大风刮来的吗？还钱吗？,8768
Ac穁叶吖,退钱！滚蛋！,7578
Ac穁叶吖,滚吧什么垃圾节目啊把青春受害人的钱都退了！！！！,6107
别问我粉谁-追星可不得自己开心,退钱退钱退钱,5621
有什么事不能床上说,别干了，还钱,3827
keri·,所以还成团吗,2764
信号满格-Chase,小孩的梦想你拿什么赔?,2598
灵啾, 前几届做票要查查吗,2318
你也消磁吗,。。。。。。。。。。,1809
一南有点困,滚 快把小孩放出来,1796
·一元余额·,所以呢？,1464
蜜桃汽水乌龙茶,你赚了代言钱 蒙牛赚了奶钱 🐂 赚了中间钱 秀芬一直在花钱 求求你把未扫的奶卡钱的钱退了,52201
有钱了就买猫,所以到底延迟到什么时候 其他选手怎么办,31779
甜味儿宁宁·,赔钱赔钱赔钱赔钱赔钱赔钱赔钱赔钱赔钱赔钱赔钱赔钱赔钱赔钱赔钱赔钱赔钱赔钱赔钱赔钱赔钱赔钱赔钱赔钱赔钱赔钱赔钱赔钱赔钱,21028
咬一口糯米慈,滚，你要是不给十九个弟弟一个交代，你赶紧倒闭,16992
看一眼就会记住的id啊,太好笑了，你们搞的破规则破包装为什么要无辜粉丝来替你们承受损失，我买的奶一滴都没有浪费，那么难喝的和洗洁精一样的都不能称为是奶的东西，喝了就窜稀的东西，我一滴都没有浪费。就是因为不想浪费所以我买的奶还没有拆完，现在你说停就停了？我的钱是大风刮来的吗？还钱吗？,8770
Ac穁叶吖,退钱！滚蛋！,7579
Ac穁叶吖,滚吧什么垃圾节目啊把青春受害人的钱都退了！！！！,6107
别问我粉谁-追星可不得自己开心,退钱退钱退钱,5621
有什么事不能床上说,别干了，还钱,3827
keri·,所以还成团吗,2765
信号满格-Chase,小孩的梦想你拿什么赔?,2598
灵啾, 前几届做票要查查吗,2318
你也消磁吗,。。。。。。。。。。,1809
一南有点困,滚 快把小孩放出来,1796
蜜桃汽水乌龙茶,你赚了代言钱 蒙牛赚了奶钱 🐂 赚了中间钱 秀芬一直在花钱 求求你把未扫的奶卡钱的钱退了,52206
有钱了就买猫,所以到底延迟到什么时候 其他选手怎么办,31780
甜味儿宁宁·,赔钱赔钱赔钱赔钱赔钱赔钱赔钱赔钱赔钱赔钱赔钱赔钱赔钱赔钱赔钱赔钱赔钱赔钱赔钱赔钱赔钱赔钱赔钱赔钱赔钱赔钱赔钱赔钱赔钱,21031
咬一口糯米慈,滚，你要是不给十九个弟弟一个交代，你赶紧倒闭,16994
看一眼就会记住的id啊,太好笑了，你们搞的破规则破包装为什么要无辜粉丝来替你们承受损失，我买的奶一滴都没有浪费，那么难喝的和洗洁精一样的都不能称为是奶的东西，喝了就窜稀的东西，我一滴都没有浪费。就是因为不想浪费所以我买的奶还没有拆完，现在你说停就停了？我的钱是大风刮来的吗？还钱吗？,8771
Ac穁叶吖,退钱！滚蛋！,7580
Ac穁叶吖,滚吧什么垃圾节目啊把青春受害人的钱都退了！！！！,6108
别问我粉谁-追星可不得自己开心,退钱退钱退钱,5622
有什么事不能床上说,别干了，还钱,3828
keri·,所以还成团吗,2765
信号满格-Chase,小孩的梦想你拿什么赔?,2598
灵啾, 前几届做票要查查吗,2318
你也消磁吗,。。。。。。。。。。,1809
一南有点困,滚 快把小孩放出来,1796
·一元余额·,所以呢？,1464
蜜桃汽水乌龙茶,你赚了代言钱 蒙牛赚了奶钱 🐂 赚了中间钱 秀芬一直在花钱 求求你把未扫的奶卡钱的钱退了,52212
有钱了就买猫,所以到底延迟到什么时候 其他选手怎么办,31781
甜味儿宁宁·,赔钱赔钱赔钱赔钱赔钱赔钱赔钱赔钱赔钱赔钱赔钱赔钱赔钱赔钱赔钱赔钱赔钱赔钱赔钱赔钱赔钱赔钱赔钱赔钱赔钱赔钱赔钱赔钱赔钱,21032
咬一口糯米慈,滚，你要是不给十九个弟弟一个交代，你赶紧倒闭,16995
看一眼就会记住的id啊,太好笑了，你们搞的破规则破包装为什么要无辜粉丝来替你们承受损失，我买的奶一滴都没有浪费，那么难喝的和洗洁精一样的都不能称为是奶的东西，喝了就窜稀的东西，我一滴都没有浪费。就是因为不想浪费所以我买的奶还没有拆完，现在你说停就停了？我的钱是大风刮来的吗？还钱吗？,8773
Ac穁叶吖,退钱！滚蛋！,7580
Ac穁叶吖,滚吧什么垃圾节目啊把青春受害人的钱都退了！！！！,6108
别问我粉谁-追星可不得自己开心,退钱退钱退钱,5622
有什么事不能床上说,别干了，还钱,3828
keri·,所以还成团吗,2765
信号满格-Chase,小孩的梦想你拿什么赔?,2598
灵啾, 前几届做票要查查吗,2318
你也消磁吗,。。。。。。。。。。,1809
一南有点困,滚 快把小孩放出来,1796
·一元余额·,所以呢？,1464
蜜桃汽水乌龙茶,你赚了代言钱 蒙牛赚了奶钱 🐂 赚了中间钱 秀芬一直在花钱 求求你把未扫的奶卡钱的钱退了,52218
有钱了就买猫,所以到底延迟到什么时候 其他选手怎么办,31782
甜味儿宁宁·,赔钱赔钱赔钱赔钱赔钱赔钱赔钱赔钱赔钱赔钱赔钱赔钱赔钱赔钱赔钱赔钱赔钱赔钱赔钱赔钱赔钱赔钱赔钱赔钱赔钱赔钱赔钱赔钱赔钱,21035
咬一口糯米慈,滚，你要是不给十九个弟弟一个交代，你赶紧倒闭,16995
看一眼就会记住的id啊,太好笑了，你们搞的破规则破包装为什么要无辜粉丝来替你们承受损失，我买的奶一滴都没有浪费，那么难喝的和洗洁精一样的都不能称为是奶的东西，喝了就窜稀的东西，我一滴都没有浪费。就是因为不想浪费所以我买的奶还没有拆完，现在你说停就停了？我的钱是大风刮来的吗？还钱吗？,8774
Ac穁叶吖,退钱！滚蛋！,7581
Ac穁叶吖,滚吧什么垃圾节目啊把青春受害人的钱都退了！！！！,6108
别问我粉谁-追星可不得自己开心,退钱退钱退钱,5623
有什么事不能床上说,别干了，还钱,3828
keri·,所以还成团吗,2765
信号满格-Chase,小孩的梦想你拿什么赔?,2598
灵啾, 前几届做票要查查吗,2318
你也消磁吗,。。。。。。。。。。,1809
一南有点困,滚 快把小孩放出来,1796
·一元余额·,所以呢？,1464
蜜桃汽水乌龙茶,你赚了代言钱 蒙牛赚了奶钱 🐂 赚了中间钱 秀芬一直在花钱 求求你把未扫的奶卡钱的钱退了,52220
有钱了就买猫,所以到底延迟到什么时候 其他选手怎么办,31784
甜味儿宁宁·,赔钱赔钱赔钱赔钱赔钱赔钱赔钱赔钱赔钱赔钱赔钱赔钱赔钱赔钱赔钱赔钱赔钱赔钱赔钱赔钱赔钱赔钱赔钱赔钱赔钱赔钱赔钱赔钱赔钱,21035
咬一口糯米慈,滚，你要是不给十九个弟弟一个交代，你赶紧倒闭,16996
看一眼就会记住的id啊,太好笑了，你们搞的破规则破包装为什么要无辜粉丝来替你们承受损失，我买的奶一滴都没有浪费，那么难喝的和洗洁精一样的都不能称为是奶的东西，喝了就窜稀的东西，我一滴都没有浪费。就是因为不想浪费所以我买的奶还没有拆完，现在你说停就停了？我的钱是大风刮来的吗？还钱吗？,8774
Ac穁叶吖,退钱！滚蛋！,7581
Ac穁叶吖,滚吧什么垃圾节目啊把青春受害人的钱都退了！！！！,6108
别问我粉谁-追星可不得自己开心,退钱退钱退钱,5623
有什么事不能床上说,别干了，还钱,3829
keri·,所以还成团吗,2765
信号满格-Chase,小孩的梦想你拿什么赔?,2598
灵啾, 前几届做票要查查吗,2318
你也消磁吗,。。。。。。。。。。,1809
一南有点困,滚 快把小孩放出来,1796
·一元余额·,所以呢？,1464
蜜桃汽水乌龙茶,你赚了代言钱 蒙牛赚了奶钱 🐂 赚了中间钱 秀芬一直在花钱 求求你把未扫的奶卡钱的钱退了,52223
有钱了就买猫,所以到底延迟到什么时候 其他选手怎么办,31785
甜味儿宁宁·,赔钱赔钱赔钱赔钱赔钱赔钱赔钱赔钱赔钱赔钱赔钱赔钱赔钱赔钱赔钱赔钱赔钱赔钱赔钱赔钱赔钱赔钱赔钱赔钱赔钱赔钱赔钱赔钱赔钱,21038
咬一口糯米慈,滚，你要是不给十九个弟弟一个交代，你赶紧倒闭,16996
看一眼就会记住的id啊,太好笑了，你们搞的破规则破包装为什么要无辜粉丝来替你们承受损失，我买的奶一滴都没有浪费，那么难喝的和洗洁精一样的都不能称为是奶的东西，喝了就窜稀的东西，我一滴都没有浪费。就是因为不想浪费所以我买的奶还没有拆完，现在你说停就停了？我的钱是大风刮来的吗？还钱吗？,8777
Ac穁叶吖,退钱！滚蛋！,7582
Ac穁叶吖,滚吧什么垃圾节目啊把青春受害人的钱都退了！！！！,6109
别问我粉谁-追星可不得自己开心,退钱退钱退钱,5623
有什么事不能床上说,别干了，还钱,3829
keri·,所以还成团吗,2765
信号满格-Chase,小孩的梦想你拿什么赔?,2598
灵啾, 前几届做票要查查吗,2319
你也消磁吗,。。。。。。。。。。,1809
一南有点困,滚 快把小孩放出来,1796
·一元余额·,所以呢？,1464
蜜桃汽水乌龙茶,你赚了代言钱 蒙牛赚了奶钱 🐂 赚了中间钱 秀芬一直在花钱 求求你把未扫的奶卡钱的钱退了,52230
有钱了就买猫,所以到底延迟到什么时候 其他选手怎么办,31789
甜味儿宁宁·,赔钱赔钱赔钱赔钱赔钱赔钱赔钱赔钱赔钱赔钱赔钱赔钱赔钱赔钱赔钱赔钱赔钱赔钱赔钱赔钱赔钱赔钱赔钱赔钱赔钱赔钱赔钱赔钱赔钱,21038
咬一口糯米慈,滚，你要是不给十九个弟弟一个交代，你赶紧倒闭,16998
看一眼就会记住的id啊,太好笑了，你们搞的破规则破包装为什么要无辜粉丝来替你们承受损失，我买的奶一滴都没有浪费，那么难喝的和洗洁精一样的都不能称为是奶的东西，喝了就窜稀的东西，我一滴都没有浪费。就是因为不想浪费所以我买的奶还没有拆完，现在你说停就停了？我的钱是大风刮来的吗？还钱吗？,8782
Ac穁叶吖,退钱！滚蛋！,7582
Ac穁叶吖,滚吧什么垃圾节目啊把青春受害人的钱都退了！！！！,6110
别问我粉谁-追星可不得自己开心,退钱退钱退钱,5623
有什么事不能床上说,别干了，还钱,3831
keri·,所以还成团吗,2765
信号满格-Chase,小孩的梦想你拿什么赔?,2598
灵啾, 前几届做票要查查吗,2318
你也消磁吗,。。。。。。。。。。,1809
一南有点困,滚 快把小孩放出来,1797
·一元余额·,所以呢？,1464
蜜桃汽水乌龙茶,你赚了代言钱 蒙牛赚了奶钱 🐂 赚了中间钱 秀芬一直在花钱 求求你把未扫的奶卡钱的钱退了,52232
有钱了就买猫,所以到底延迟到什么时候 其他选手怎么办,31794
甜味儿宁宁·,赔钱赔钱赔钱赔钱赔钱赔钱赔钱赔钱赔钱赔钱赔钱赔钱赔钱赔钱赔钱赔钱赔钱赔钱赔钱赔钱赔钱赔钱赔钱赔钱赔钱赔钱赔钱赔钱赔钱,21038
咬一口糯米慈,滚，你要是不给十九个弟弟一个交代，你赶紧倒闭,16999
看一眼就会记住的id啊,太好笑了，你们搞的破规则破包装为什么要无辜粉丝来替你们承受损失，我买的奶一滴都没有浪费，那么难喝的和洗洁精一样的都不能称为是奶的东西，喝了就窜稀的东西，我一滴都没有浪费。就是因为不想浪费所以我买的奶还没有拆完，现在你说停就停了？我的钱是大风刮来的吗？还钱吗？,8783
Ac穁叶吖,退钱！滚蛋！,7582
Ac穁叶吖,滚吧什么垃圾节目啊把青春受害人的钱都退了！！！！,6110
别问我粉谁-追星可不得自己开心,退钱退钱退钱,5623
有什么事不能床上说,别干了，还钱,3831
keri·,所以还成团吗,2766
信号满格-Chase,小孩的梦想你拿什么赔?,2598
灵啾, 前几届做票要查查吗,2318
你也消磁吗,。。。。。。。。。。,1809
一南有点困,滚 快把小孩放出来,1797
蜜桃汽水乌龙茶,你赚了代言钱 蒙牛赚了奶钱 🐂 赚了中间钱 秀芬一直在花钱 求求你把未扫的奶卡钱的钱退了,52237
有钱了就买猫,所以到底延迟到什么时候 其他选手怎么办,31796
甜味儿宁宁·,赔钱赔钱赔钱赔钱赔钱赔钱赔钱赔钱赔钱赔钱赔钱赔钱赔钱赔钱赔钱赔钱赔钱赔钱赔钱赔钱赔钱赔钱赔钱赔钱赔钱赔钱赔钱赔钱赔钱,21041
咬一口糯米慈,滚，你要是不给十九个弟弟一个交代，你赶紧倒闭,17000
看一眼就会记住的id啊,太好笑了，你们搞的破规则破包装为什么要无辜粉丝来替你们承受损失，我买的奶一滴都没有浪费，那么难喝的和洗洁精一样的都不能称为是奶的东西，喝了就窜稀的东西，我一滴都没有浪费。就是因为不想浪费所以我买的奶还没有拆完，现在你说停就停了？我的钱是大风刮来的吗？还钱吗？,8784
Ac穁叶吖,退钱！滚蛋！,7582
Ac穁叶吖,滚吧什么垃圾节目啊把青春受害人的钱都退了！！！！,6110
别问我粉谁-追星可不得自己开心,退钱退钱退钱,5623
有什么事不能床上说,别干了，还钱,3831
keri·,所以还成团吗,2766
信号满格-Chase,小孩的梦想你拿什么赔?,2598
灵啾, 前几届做票要查查吗,2319
你也消磁吗,。。。。。。。。。。,1809
一南有点困,滚 快把小孩放出来,1797
·一元余额·,所以呢？,1464
蜜桃汽水乌龙茶,你赚了代言钱 蒙牛赚了奶钱 🐂 赚了中间钱 秀芬一直在花钱 求求你把未扫的奶卡钱的钱退了,52244
有钱了就买猫,所以到底延迟到什么时候 其他选手怎么办,31801
甜味儿宁宁·,赔钱赔钱赔钱赔钱赔钱赔钱赔钱赔钱赔钱赔钱赔钱赔钱赔钱赔钱赔钱赔钱赔钱赔钱赔钱赔钱赔钱赔钱赔钱赔钱赔钱赔钱赔钱赔钱赔钱,21046
咬一口糯米慈,滚，你要是不给十九个弟弟一个交代，你赶紧倒闭,17001
看一眼就会记住的id啊,太好笑了，你们搞的破规则破包装为什么要无辜粉丝来替你们承受损失，我买的奶一滴都没有浪费，那么难喝的和洗洁精一样的都不能称为是奶的东西，喝了就窜稀的东西，我一滴都没有浪费。就是因为不想浪费所以我买的奶还没有拆完，现在你说停就停了？我的钱是大风刮来的吗？还钱吗？,8784
Ac穁叶吖,退钱！滚蛋！,7584
Ac穁叶吖,滚吧什么垃圾节目啊把青春受害人的钱都退了！！！！,6110
别问我粉谁-追星可不得自己开心,退钱退钱退钱,5623
有什么事不能床上说,别干了，还钱,3832
keri·,所以还成团吗,2767
信号满格-Chase,小孩的梦想你拿什么赔?,2598
灵啾, 前几届做票要查查吗,2321
你也消磁吗,。。。。。。。。。。,1809
一南有点困,滚 快把小孩放出来,1797
·一元余额·,所以呢？,1464
蜜桃汽水乌龙茶,你赚了代言钱 蒙牛赚了奶钱 🐂 赚了中间钱 秀芬一直在花钱 求求你把未扫的奶卡钱的钱退了,52246
有钱了就买猫,所以到底延迟到什么时候 其他选手怎么办,31803
甜味儿宁宁·,赔钱赔钱赔钱赔钱赔钱赔钱赔钱赔钱赔钱赔钱赔钱赔钱赔钱赔钱赔钱赔钱赔钱赔钱赔钱赔钱赔钱赔钱赔钱赔钱赔钱赔钱赔钱赔钱赔钱,21046
咬一口糯米慈,滚，你要是不给十九个弟弟一个交代，你赶紧倒闭,17003
看一眼就会记住的id啊,太好笑了，你们搞的破规则破包装为什么要无辜粉丝来替你们承受损失，我买的奶一滴都没有浪费，那么难喝的和洗洁精一样的都不能称为是奶的东西，喝了就窜稀的东西，我一滴都没有浪费。就是因为不想浪费所以我买的奶还没有拆完，现在你说停就停了？我的钱是大风刮来的吗？还钱吗？,8788
Ac穁叶吖,退钱！滚蛋！,7584
Ac穁叶吖,滚吧什么垃圾节目啊把青春受害人的钱都退了！！！！,6111
别问我粉谁-追星可不得自己开心,退钱退钱退钱,5623
有什么事不能床上说,别干了，还钱,3832
keri·,所以还成团吗,2767
信号满格-Chase,小孩的梦想你拿什么赔?,2598
灵啾, 前几届做票要查查吗,2321
你也消磁吗,。。。。。。。。。。,1809
一南有点困,滚 快把小孩放出来,1797
蜜桃汽水乌龙茶,你赚了代言钱 蒙牛赚了奶钱 🐂 赚了中间钱 秀芬一直在花钱 求求你把未扫的奶卡钱的钱退了,52249
有钱了就买猫,所以到底延迟到什么时候 其他选手怎么办,31802
甜味儿宁宁·,赔钱赔钱赔钱赔钱赔钱赔钱赔钱赔钱赔钱赔钱赔钱赔钱赔钱赔钱赔钱赔钱赔钱赔钱赔钱赔钱赔钱赔钱赔钱赔钱赔钱赔钱赔钱赔钱赔钱,21047
咬一口糯米慈,滚，你要是不给十九个弟弟一个交代，你赶紧倒闭,17005
看一眼就会记住的id啊,太好笑了，你们搞的破规则破包装为什么要无辜粉丝来替你们承受损失，我买的奶一滴都没有浪费，那么难喝的和洗洁精一样的都不能称为是奶的东西，喝了就窜稀的东西，我一滴都没有浪费。就是因为不想浪费所以我买的奶还没有拆完，现在你说停就停了？我的钱是大风刮来的吗？还钱吗？,8788
Ac穁叶吖,退钱！滚蛋！,7584
Ac穁叶吖,滚吧什么垃圾节目啊把青春受害人的钱都退了！！！！,6112
别问我粉谁-追星可不得自己开心,退钱退钱退钱,5623
有什么事不能床上说,别干了，还钱,3832
keri·,所以还成团吗,2767
信号满格-Chase,小孩的梦想你拿什么赔?,2598
灵啾, 前几届做票要查查吗,2321
你也消磁吗,。。。。。。。。。。,1809
一南有点困,滚 快把小孩放出来,1797
·一元余额·,所以呢？,1464
蜜桃汽水乌龙茶,你赚了代言钱 蒙牛赚了奶钱 🐂 赚了中间钱 秀芬一直在花钱 求求你把未扫的奶卡钱的钱退了,52262
有钱了就买猫,所以到底延迟到什么时候 其他选手怎么办,31805
甜味儿宁宁·,赔钱赔钱赔钱赔钱赔钱赔钱赔钱赔钱赔钱赔钱赔钱赔钱赔钱赔钱赔钱赔钱赔钱赔钱赔钱赔钱赔钱赔钱赔钱赔钱赔钱赔钱赔钱赔钱赔钱,21048
咬一口糯米慈,滚，你要是不给十九个弟弟一个交代，你赶紧倒闭,17008
看一眼就会记住的id啊,太好笑了，你们搞的破规则破包装为什么要无辜粉丝来替你们承受损失，我买的奶一滴都没有浪费，那么难喝的和洗洁精一样的都不能称为是奶的东西，喝了就窜稀的东西，我一滴都没有浪费。就是因为不想浪费所以我买的奶还没有拆完，现在你说停就停了？我的钱是大风刮来的吗？还钱吗？,8789
Ac穁叶吖,退钱！滚蛋！,7586
Ac穁叶吖,滚吧什么垃圾节目啊把青春受害人的钱都退了！！！！,6112
别问我粉谁-追星可不得自己开心,退钱退钱退钱,5623
有什么事不能床上说,别干了，还钱,3832
keri·,所以还成团吗,2767
信号满格-Chase,小孩的梦想你拿什么赔?,2598
灵啾, 前几届做票要查查吗,2322
你也消磁吗,。。。。。。。。。。,1809
一南有点困,滚 快把小孩放出来,1797
·一元余额·,所以呢？,1464
蜜桃汽水乌龙茶,你赚了代言钱 蒙牛赚了奶钱 🐂 赚了中间钱 秀芬一直在花钱 求求你把未扫的奶卡钱的钱退了,52265
有钱了就买猫,所以到底延迟到什么时候 其他选手怎么办,31808
甜味儿宁宁·,赔钱赔钱赔钱赔钱赔钱赔钱赔钱赔钱赔钱赔钱赔钱赔钱赔钱赔钱赔钱赔钱赔钱赔钱赔钱赔钱赔钱赔钱赔钱赔钱赔钱赔钱赔钱赔钱赔钱,21050
咬一口糯米慈,滚，你要是不给十九个弟弟一个交代，你赶紧倒闭,17010
看一眼就会记住的id啊,太好笑了，你们搞的破规则破包装为什么要无辜粉丝来替你们承受损失，我买的奶一滴都没有浪费，那么难喝的和洗洁精一样的都不能称为是奶的东西，喝了就窜稀的东西，我一滴都没有浪费。就是因为不想浪费所以我买的奶还没有拆完，现在你说停就停了？我的钱是大风刮来的吗？还钱吗？,8791
Ac穁叶吖,退钱！滚蛋！,7586
Ac穁叶吖,滚吧什么垃圾节目啊把青春受害人的钱都退了！！！！,6113
别问我粉谁-追星可不得自己开心,退钱退钱退钱,5623
有什么事不能床上说,别干了，还钱,3832
keri·,所以还成团吗,2768
信号满格-Chase,小孩的梦想你拿什么赔?,2598
灵啾, 前几届做票要查查吗,2323
你也消磁吗,。。。。。。。。。。,1809
一南有点困,滚 快把小孩放出来,1797
·一元余额·,所以呢？,1464
蜜桃汽水乌龙茶,你赚了代言钱 蒙牛赚了奶钱 🐂 赚了中间钱 秀芬一直在花钱 求求你把未扫的奶卡钱的钱退了,52274
有钱了就买猫,所以到底延迟到什么时候 其他选手怎么办,31811
甜味儿宁宁·,赔钱赔钱赔钱赔钱赔钱赔钱赔钱赔钱赔钱赔钱赔钱赔钱赔钱赔钱赔钱赔钱赔钱赔钱赔钱赔钱赔钱赔钱赔钱赔钱赔钱赔钱赔钱赔钱赔钱,21053
咬一口糯米慈,滚，你要是不给十九个弟弟一个交代，你赶紧倒闭,17012
看一眼就会记住的id啊,太好笑了，你们搞的破规则破包装为什么要无辜粉丝来替你们承受损失，我买的奶一滴都没有浪费，那么难喝的和洗洁精一样的都不能称为是奶的东西，喝了就窜稀的东西，我一滴都没有浪费。就是因为不想浪费所以我买的奶还没有拆完，现在你说停就停了？我的钱是大风刮来的吗？还钱吗？,8793
Ac穁叶吖,退钱！滚蛋！,7586
Ac穁叶吖,滚吧什么垃圾节目啊把青春受害人的钱都退了！！！！,6113
别问我粉谁-追星可不得自己开心,退钱退钱退钱,5623
有什么事不能床上说,别干了，还钱,3832
keri·,所以还成团吗,2768
信号满格-Chase,小孩的梦想你拿什么赔?,2598
灵啾, 前几届做票要查查吗,2323
你也消磁吗,。。。。。。。。。。,1809
一南有点困,滚 快把小孩放出来,1798
·一元余额·,所以呢？,1464
蜜桃汽水乌龙茶,你赚了代言钱 蒙牛赚了奶钱 🐂 赚了中间钱 秀芬一直在花钱 求求你把未扫的奶卡钱的钱退了,52281
有钱了就买猫,所以到底延迟到什么时候 其他选手怎么办,31814
甜味儿宁宁·,赔钱赔钱赔钱赔钱赔钱赔钱赔钱赔钱赔钱赔钱赔钱赔钱赔钱赔钱赔钱赔钱赔钱赔钱赔钱赔钱赔钱赔钱赔钱赔钱赔钱赔钱赔钱赔钱赔钱,21053
咬一口糯米慈,滚，你要是不给十九个弟弟一个交代，你赶紧倒闭,17014
看一眼就会记住的id啊,太好笑了，你们搞的破规则破包装为什么要无辜粉丝来替你们承受损失，我买的奶一滴都没有浪费，那么难喝的和洗洁精一样的都不能称为是奶的东西，喝了就窜稀的东西，我一滴都没有浪费。就是因为不想浪费所以我买的奶还没有拆完，现在你说停就停了？我的钱是大风刮来的吗？还钱吗？,8795
Ac穁叶吖,退钱！滚蛋！,7588
Ac穁叶吖,滚吧什么垃圾节目啊把青春受害人的钱都退了！！！！,6113
别问我粉谁-追星可不得自己开心,退钱退钱退钱,5624
有什么事不能床上说,别干了，还钱,3832
keri·,所以还成团吗,2769
信号满格-Chase,小孩的梦想你拿什么赔?,2598
灵啾, 前几届做票要查查吗,2323
你也消磁吗,。。。。。。。。。。,1810
一南有点困,滚 快把小孩放出来,1798
·一元余额·,所以呢？,1464
蜜桃汽水乌龙茶,你赚了代言钱 蒙牛赚了奶钱 🐂 赚了中间钱 秀芬一直在花钱 求求你把未扫的奶卡钱的钱退了,52284
有钱了就买猫,所以到底延迟到什么时候 其他选手怎么办,31815
甜味儿宁宁·,赔钱赔钱赔钱赔钱赔钱赔钱赔钱赔钱赔钱赔钱赔钱赔钱赔钱赔钱赔钱赔钱赔钱赔钱赔钱赔钱赔钱赔钱赔钱赔钱赔钱赔钱赔钱赔钱赔钱,21055
咬一口糯米慈,滚，你要是不给十九个弟弟一个交代，你赶紧倒闭,17016
看一眼就会记住的id啊,太好笑了，你们搞的破规则破包装为什么要无辜粉丝来替你们承受损失，我买的奶一滴都没有浪费，那么难喝的和洗洁精一样的都不能称为是奶的东西，喝了就窜稀的东西，我一滴都没有浪费。就是因为不想浪费所以我买的奶还没有拆完，现在你说停就停了？我的钱是大风刮来的吗？还钱吗？,8795
Ac穁叶吖,退钱！滚蛋！,7589
Ac穁叶吖,滚吧什么垃圾节目啊把青春受害人的钱都退了！！！！,6114
别问我粉谁-追星可不得自己开心,退钱退钱退钱,5625
有什么事不能床上说,别干了，还钱,3833
keri·,所以还成团吗,2769
信号满格-Chase,小孩的梦想你拿什么赔?,2598
灵啾, 前几届做票要查查吗,2323
你也消磁吗,。。。。。。。。。。,1810
一南有点困,滚 快把小孩放出来,1798
·一元余额·,所以呢？,1464
蜜桃汽水乌龙茶,你赚了代言钱 蒙牛赚了奶钱 🐂 赚了中间钱 秀芬一直在花钱 求求你把未扫的奶卡钱的钱退了,52285
有钱了就买猫,所以到底延迟到什么时候 其他选手怎么办,31816
甜味儿宁宁·,赔钱赔钱赔钱赔钱赔钱赔钱赔钱赔钱赔钱赔钱赔钱赔钱赔钱赔钱赔钱赔钱赔钱赔钱赔钱赔钱赔钱赔钱赔钱赔钱赔钱赔钱赔钱赔钱赔钱,21059
咬一口糯米慈,滚，你要是不给十九个弟弟一个交代，你赶紧倒闭,17018
看一眼就会记住的id啊,太好笑了，你们搞的破规则破包装为什么要无辜粉丝来替你们承受损失，我买的奶一滴都没有浪费，那么难喝的和洗洁精一样的都不能称为是奶的东西，喝了就窜稀的东西，我一滴都没有浪费。就是因为不想浪费所以我买的奶还没有拆完，现在你说停就停了？我的钱是大风刮来的吗？还钱吗？,8794
Ac穁叶吖,退钱！滚蛋！,7589
Ac穁叶吖,滚吧什么垃圾节目啊把青春受害人的钱都退了！！！！,6116
别问我粉谁-追星可不得自己开心,退钱退钱退钱,5625
有什么事不能床上说,别干了，还钱,3833
keri·,所以还成团吗,2769
信号满格-Chase,小孩的梦想你拿什么赔?,2598
灵啾, 前几届做票要查查吗,2323
你也消磁吗,。。。。。。。。。。,1810
一南有点困,滚 快把小孩放出来,1798
·一元余额·,所以呢？,1464
蜜桃汽水乌龙茶,你赚了代言钱 蒙牛赚了奶钱 🐂 赚了中间钱 秀芬一直在花钱 求求你把未扫的奶卡钱的钱退了,52292
有钱了就买猫,所以到底延迟到什么时候 其他选手怎么办,31820
甜味儿宁宁·,赔钱赔钱赔钱赔钱赔钱赔钱赔钱赔钱赔钱赔钱赔钱赔钱赔钱赔钱赔钱赔钱赔钱赔钱赔钱赔钱赔钱赔钱赔钱赔钱赔钱赔钱赔钱赔钱赔钱,21061
咬一口糯米慈,滚，你要是不给十九个弟弟一个交代，你赶紧倒闭,17020
看一眼就会记住的id啊,太好笑了，你们搞的破规则破包装为什么要无辜粉丝来替你们承受损失，我买的奶一滴都没有浪费，那么难喝的和洗洁精一样的都不能称为是奶的东西，喝了就窜稀的东西，我一滴都没有浪费。就是因为不想浪费所以我买的奶还没有拆完，现在你说停就停了？我的钱是大风刮来的吗？还钱吗？,8794
Ac穁叶吖,退钱！滚蛋！,7590
Ac穁叶吖,滚吧什么垃圾节目啊把青春受害人的钱都退了！！！！,6116
别问我粉谁-追星可不得自己开心,退钱退钱退钱,5625
有什么事不能床上说,别干了，还钱,3834
keri·,所以还成团吗,2769
信号满格-Chase,小孩的梦想你拿什么赔?,2598
灵啾, 前几届做票要查查吗,2323
你也消磁吗,。。。。。。。。。。,1810
一南有点困,滚 快把小孩放出来,1798
·一元余额·,所以呢？,1464
蜜桃汽水乌龙茶,你赚了代言钱 蒙牛赚了奶钱 🐂 赚了中间钱 秀芬一直在花钱 求求你把未扫的奶卡钱的钱退了,52301
有钱了就买猫,所以到底延迟到什么时候 其他选手怎么办,31822
甜味儿宁宁·,赔钱赔钱赔钱赔钱赔钱赔钱赔钱赔钱赔钱赔钱赔钱赔钱赔钱赔钱赔钱赔钱赔钱赔钱赔钱赔钱赔钱赔钱赔钱赔钱赔钱赔钱赔钱赔钱赔钱,21064
咬一口糯米慈,滚，你要是不给十九个弟弟一个交代，你赶紧倒闭,17021
看一眼就会记住的id啊,太好笑了，你们搞的破规则破包装为什么要无辜粉丝来替你们承受损失，我买的奶一滴都没有浪费，那么难喝的和洗洁精一样的都不能称为是奶的东西，喝了就窜稀的东西，我一滴都没有浪费。就是因为不想浪费所以我买的奶还没有拆完，现在你说停就停了？我的钱是大风刮来的吗？还钱吗？,8797
Ac穁叶吖,退钱！滚蛋！,7590
Ac穁叶吖,滚吧什么垃圾节目啊把青春受害人的钱都退了！！！！,6117
别问我粉谁-追星可不得自己开心,退钱退钱退钱,5626
有什么事不能床上说,别干了，还钱,3834
keri·,所以还成团吗,2769
信号满格-Chase,小孩的梦想你拿什么赔?,2598
灵啾, 前几届做票要查查吗,2323
你也消磁吗,。。。。。。。。。。,1810
一南有点困,滚 快把小孩放出来,1798
·一元余额·,所以呢？,1464
蜜桃汽水乌龙茶,你赚了代言钱 蒙牛赚了奶钱 🐂 赚了中间钱 秀芬一直在花钱 求求你把未扫的奶卡钱的钱退了,52304
有钱了就买猫,所以到底延迟到什么时候 其他选手怎么办,31822
甜味儿宁宁·,赔钱赔钱赔钱赔钱赔钱赔钱赔钱赔钱赔钱赔钱赔钱赔钱赔钱赔钱赔钱赔钱赔钱赔钱赔钱赔钱赔钱赔钱赔钱赔钱赔钱赔钱赔钱赔钱赔钱,21066
咬一口糯米慈,滚，你要是不给十九个弟弟一个交代，你赶紧倒闭,17022
看一眼就会记住的id啊,太好笑了，你们搞的破规则破包装为什么要无辜粉丝来替你们承受损失，我买的奶一滴都没有浪费，那么难喝的和洗洁精一样的都不能称为是奶的东西，喝了就窜稀的东西，我一滴都没有浪费。就是因为不想浪费所以我买的奶还没有拆完，现在你说停就停了？我的钱是大风刮来的吗？还钱吗？,8800
Ac穁叶吖,退钱！滚蛋！,7591
Ac穁叶吖,滚吧什么垃圾节目啊把青春受害人的钱都退了！！！！,6117
别问我粉谁-追星可不得自己开心,退钱退钱退钱,5626
有什么事不能床上说,别干了，还钱,3834
keri·,所以还成团吗,2769
信号满格-Chase,小孩的梦想你拿什么赔?,2598
灵啾, 前几届做票要查查吗,2323
你也消磁吗,。。。。。。。。。。,1810
一南有点困,滚 快把小孩放出来,1798
·一元余额·,所以呢？,1464
蜜桃汽水乌龙茶,你赚了代言钱 蒙牛赚了奶钱 🐂 赚了中间钱 秀芬一直在花钱 求求你把未扫的奶卡钱的钱退了,52306
有钱了就买猫,所以到底延迟到什么时候 其他选手怎么办,31824
甜味儿宁宁·,赔钱赔钱赔钱赔钱赔钱赔钱赔钱赔钱赔钱赔钱赔钱赔钱赔钱赔钱赔钱赔钱赔钱赔钱赔钱赔钱赔钱赔钱赔钱赔钱赔钱赔钱赔钱赔钱赔钱,21069
咬一口糯米慈,滚，你要是不给十九个弟弟一个交代，你赶紧倒闭,17024
看一眼就会记住的id啊,太好笑了，你们搞的破规则破包装为什么要无辜粉丝来替你们承受损失，我买的奶一滴都没有浪费，那么难喝的和洗洁精一样的都不能称为是奶的东西，喝了就窜稀的东西，我一滴都没有浪费。就是因为不想浪费所以我买的奶还没有拆完，现在你说停就停了？我的钱是大风刮来的吗？还钱吗？,8802
Ac穁叶吖,退钱！滚蛋！,7592
Ac穁叶吖,滚吧什么垃圾节目啊把青春受害人的钱都退了！！！！,6118
别问我粉谁-追星可不得自己开心,退钱退钱退钱,5626
有什么事不能床上说,别干了，还钱,3834
keri·,所以还成团吗,2769
信号满格-Chase,小孩的梦想你拿什么赔?,2598
灵啾, 前几届做票要查查吗,2323
你也消磁吗,。。。。。。。。。。,1810
一南有点困,滚 快把小孩放出来,1798
·一元余额·,所以呢？,1464
蜜桃汽水乌龙茶,你赚了代言钱 蒙牛赚了奶钱 🐂 赚了中间钱 秀芬一直在花钱 求求你把未扫的奶卡钱的钱退了,52310
有钱了就买猫,所以到底延迟到什么时候 其他选手怎么办,31826
甜味儿宁宁·,赔钱赔钱赔钱赔钱赔钱赔钱赔钱赔钱赔钱赔钱赔钱赔钱赔钱赔钱赔钱赔钱赔钱赔钱赔钱赔钱赔钱赔钱赔钱赔钱赔钱赔钱赔钱赔钱赔钱,21071
咬一口糯米慈,滚，你要是不给十九个弟弟一个交代，你赶紧倒闭,17025
看一眼就会记住的id啊,太好笑了，你们搞的破规则破包装为什么要无辜粉丝来替你们承受损失，我买的奶一滴都没有浪费，那么难喝的和洗洁精一样的都不能称为是奶的东西，喝了就窜稀的东西，我一滴都没有浪费。就是因为不想浪费所以我买的奶还没有拆完，现在你说停就停了？我的钱是大风刮来的吗？还钱吗？,8803
Ac穁叶吖,退钱！滚蛋！,7593
Ac穁叶吖,滚吧什么垃圾节目啊把青春受害人的钱都退了！！！！,6119
别问我粉谁-追星可不得自己开心,退钱退钱退钱,5626
有什么事不能床上说,别干了，还钱,3835
keri·,所以还成团吗,2769
信号满格-Chase,小孩的梦想你拿什么赔?,2599
灵啾, 前几届做票要查查吗,2323
你也消磁吗,。。。。。。。。。。,1810
一南有点困,滚 快把小孩放出来,1798
·一元余额·,所以呢？,1464
蜜桃汽水乌龙茶,你赚了代言钱 蒙牛赚了奶钱 🐂 赚了中间钱 秀芬一直在花钱 求求你把未扫的奶卡钱的钱退了,52314
有钱了就买猫,所以到底延迟到什么时候 其他选手怎么办,31829
甜味儿宁宁·,赔钱赔钱赔钱赔钱赔钱赔钱赔钱赔钱赔钱赔钱赔钱赔钱赔钱赔钱赔钱赔钱赔钱赔钱赔钱赔钱赔钱赔钱赔钱赔钱赔钱赔钱赔钱赔钱赔钱,21071
咬一口糯米慈,滚，你要是不给十九个弟弟一个交代，你赶紧倒闭,17026
看一眼就会记住的id啊,太好笑了，你们搞的破规则破包装为什么要无辜粉丝来替你们承受损失，我买的奶一滴都没有浪费，那么难喝的和洗洁精一样的都不能称为是奶的东西，喝了就窜稀的东西，我一滴都没有浪费。就是因为不想浪费所以我买的奶还没有拆完，现在你说停就停了？我的钱是大风刮来的吗？还钱吗？,8804
Ac穁叶吖,退钱！滚蛋！,7595
Ac穁叶吖,滚吧什么垃圾节目啊把青春受害人的钱都退了！！！！,6120
别问我粉谁-追星可不得自己开心,退钱退钱退钱,5626
有什么事不能床上说,别干了，还钱,3835
keri·,所以还成团吗,2770
信号满格-Chase,小孩的梦想你拿什么赔?,2599
灵啾, 前几届做票要查查吗,2323
你也消磁吗,。。。。。。。。。。,1810
一南有点困,滚 快把小孩放出来,1798
蜜桃汽水乌龙茶,你赚了代言钱 蒙牛赚了奶钱 🐂 赚了中间钱 秀芬一直在花钱 求求你把未扫的奶卡钱的钱退了,52324
有钱了就买猫,所以到底延迟到什么时候 其他选手怎么办,31836
甜味儿宁宁·,赔钱赔钱赔钱赔钱赔钱赔钱赔钱赔钱赔钱赔钱赔钱赔钱赔钱赔钱赔钱赔钱赔钱赔钱赔钱赔钱赔钱赔钱赔钱赔钱赔钱赔钱赔钱赔钱赔钱,21075
咬一口糯米慈,滚，你要是不给十九个弟弟一个交代，你赶紧倒闭,17024
看一眼就会记住的id啊,太好笑了，你们搞的破规则破包装为什么要无辜粉丝来替你们承受损失，我买的奶一滴都没有浪费，那么难喝的和洗洁精一样的都不能称为是奶的东西，喝了就窜稀的东西，我一滴都没有浪费。就是因为不想浪费所以我买的奶还没有拆完，现在你说停就停了？我的钱是大风刮来的吗？还钱吗？,8806
Ac穁叶吖,退钱！滚蛋！,7595
Ac穁叶吖,滚吧什么垃圾节目啊把青春受害人的钱都退了！！！！,6120
别问我粉谁-追星可不得自己开心,退钱退钱退钱,5626
有什么事不能床上说,别干了，还钱,3835
keri·,所以还成团吗,2770
信号满格-Chase,小孩的梦想你拿什么赔?,2599
灵啾, 前几届做票要查查吗,2323
你也消磁吗,。。。。。。。。。。,1810
一南有点困,滚 快把小孩放出来,1799
·一元余额·,所以呢？,1464
蜜桃汽水乌龙茶,你赚了代言钱 蒙牛赚了奶钱 🐂 赚了中间钱 秀芬一直在花钱 求求你把未扫的奶卡钱的钱退了,52331
有钱了就买猫,所以到底延迟到什么时候 其他选手怎么办,31837
甜味儿宁宁·,赔钱赔钱赔钱赔钱赔钱赔钱赔钱赔钱赔钱赔钱赔钱赔钱赔钱赔钱赔钱赔钱赔钱赔钱赔钱赔钱赔钱赔钱赔钱赔钱赔钱赔钱赔钱赔钱赔钱,21076
咬一口糯米慈,滚，你要是不给十九个弟弟一个交代，你赶紧倒闭,17027
看一眼就会记住的id啊,太好笑了，你们搞的破规则破包装为什么要无辜粉丝来替你们承受损失，我买的奶一滴都没有浪费，那么难喝的和洗洁精一样的都不能称为是奶的东西，喝了就窜稀的东西，我一滴都没有浪费。就是因为不想浪费所以我买的奶还没有拆完，现在你说停就停了？我的钱是大风刮来的吗？还钱吗？,8807
Ac穁叶吖,退钱！滚蛋！,7595
Ac穁叶吖,滚吧什么垃圾节目啊把青春受害人的钱都退了！！！！,6120
别问我粉谁-追星可不得自己开心,退钱退钱退钱,5626
有什么事不能床上说,别干了，还钱,3835
keri·,所以还成团吗,2771
信号满格-Chase,小孩的梦想你拿什么赔?,2599
灵啾, 前几届做票要查查吗,2323
你也消磁吗,。。。。。。。。。。,1810
一南有点困,滚 快把小孩放出来,1799
蜜桃汽水乌龙茶,你赚了代言钱 蒙牛赚了奶钱 🐂 赚了中间钱 秀芬一直在花钱 求求你把未扫的奶卡钱的钱退了,52333
有钱了就买猫,所以到底延迟到什么时候 其他选手怎么办,31840
甜味儿宁宁·,赔钱赔钱赔钱赔钱赔钱赔钱赔钱赔钱赔钱赔钱赔钱赔钱赔钱赔钱赔钱赔钱赔钱赔钱赔钱赔钱赔钱赔钱赔钱赔钱赔钱赔钱赔钱赔钱赔钱,21079
咬一口糯米慈,滚，你要是不给十九个弟弟一个交代，你赶紧倒闭,17028
看一眼就会记住的id啊,太好笑了，你们搞的破规则破包装为什么要无辜粉丝来替你们承受损失，我买的奶一滴都没有浪费，那么难喝的和洗洁精一样的都不能称为是奶的东西，喝了就窜稀的东西，我一滴都没有浪费。就是因为不想浪费所以我买的奶还没有拆完，现在你说停就停了？我的钱是大风刮来的吗？还钱吗？,8808
Ac穁叶吖,退钱！滚蛋！,7595
Ac穁叶吖,滚吧什么垃圾节目啊把青春受害人的钱都退了！！！！,6121
别问我粉谁-追星可不得自己开心,退钱退钱退钱,5626
有什么事不能床上说,别干了，还钱,3835
keri·,所以还成团吗,2771
信号满格-Chase,小孩的梦想你拿什么赔?,2599
灵啾, 前几届做票要查查吗,2323
你也消磁吗,。。。。。。。。。。,1810
一南有点困,滚 快把小孩放出来,1799
·一元余额·,所以呢？,1464
蜜桃汽水乌龙茶,你赚了代言钱 蒙牛赚了奶钱 🐂 赚了中间钱 秀芬一直在花钱 求求你把未扫的奶卡钱的钱退了,52337
有钱了就买猫,所以到底延迟到什么时候 其他选手怎么办,31839
甜味儿宁宁·,赔钱赔钱赔钱赔钱赔钱赔钱赔钱赔钱赔钱赔钱赔钱赔钱赔钱赔钱赔钱赔钱赔钱赔钱赔钱赔钱赔钱赔钱赔钱赔钱赔钱赔钱赔钱赔钱赔钱,21082
咬一口糯米慈,滚，你要是不给十九个弟弟一个交代，你赶紧倒闭,17029
看一眼就会记住的id啊,太好笑了，你们搞的破规则破包装为什么要无辜粉丝来替你们承受损失，我买的奶一滴都没有浪费，那么难喝的和洗洁精一样的都不能称为是奶的东西，喝了就窜稀的东西，我一滴都没有浪费。就是因为不想浪费所以我买的奶还没有拆完，现在你说停就停了？我的钱是大风刮来的吗？还钱吗？,8811
Ac穁叶吖,退钱！滚蛋！,7596
Ac穁叶吖,滚吧什么垃圾节目啊把青春受害人的钱都退了！！！！,6121
别问我粉谁-追星可不得自己开心,退钱退钱退钱,5626
有什么事不能床上说,别干了，还钱,3835
keri·,所以还成团吗,2772
信号满格-Chase,小孩的梦想你拿什么赔?,2599
灵啾, 前几届做票要查查吗,2324
你也消磁吗,。。。。。。。。。。,1810
一南有点困,滚 快把小孩放出来,1799
·一元余额·,所以呢？,1464
蜜桃汽水乌龙茶,你赚了代言钱 蒙牛赚了奶钱 🐂 赚了中间钱 秀芬一直在花钱 求求你把未扫的奶卡钱的钱退了,52342
有钱了就买猫,所以到底延迟到什么时候 其他选手怎么办,31841
甜味儿宁宁·,赔钱赔钱赔钱赔钱赔钱赔钱赔钱赔钱赔钱赔钱赔钱赔钱赔钱赔钱赔钱赔钱赔钱赔钱赔钱赔钱赔钱赔钱赔钱赔钱赔钱赔钱赔钱赔钱赔钱,21086
咬一口糯米慈,滚，你要是不给十九个弟弟一个交代，你赶紧倒闭,17030
看一眼就会记住的id啊,太好笑了，你们搞的破规则破包装为什么要无辜粉丝来替你们承受损失，我买的奶一滴都没有浪费，那么难喝的和洗洁精一样的都不能称为是奶的东西，喝了就窜稀的东西，我一滴都没有浪费。就是因为不想浪费所以我买的奶还没有拆完，现在你说停就停了？我的钱是大风刮来的吗？还钱吗？,8811
Ac穁叶吖,退钱！滚蛋！,7597
Ac穁叶吖,滚吧什么垃圾节目啊把青春受害人的钱都退了！！！！,6122
别问我粉谁-追星可不得自己开心,退钱退钱退钱,5626
有什么事不能床上说,别干了，还钱,3835
keri·,所以还成团吗,2772
信号满格-Chase,小孩的梦想你拿什么赔?,2599
灵啾, 前几届做票要查查吗,2324
你也消磁吗,。。。。。。。。。。,1810
一南有点困,滚 快把小孩放出来,1799
·一元余额·,所以呢？,1464
蜜桃汽水乌龙茶,你赚了代言钱 蒙牛赚了奶钱 🐂 赚了中间钱 秀芬一直在花钱 求求你把未扫的奶卡钱的钱退了,52344
有钱了就买猫,所以到底延迟到什么时候 其他选手怎么办,31842
甜味儿宁宁·,赔钱赔钱赔钱赔钱赔钱赔钱赔钱赔钱赔钱赔钱赔钱赔钱赔钱赔钱赔钱赔钱赔钱赔钱赔钱赔钱赔钱赔钱赔钱赔钱赔钱赔钱赔钱赔钱赔钱,21087
咬一口糯米慈,滚，你要是不给十九个弟弟一个交代，你赶紧倒闭,17033
看一眼就会记住的id啊,太好笑了，你们搞的破规则破包装为什么要无辜粉丝来替你们承受损失，我买的奶一滴都没有浪费，那么难喝的和洗洁精一样的都不能称为是奶的东西，喝了就窜稀的东西，我一滴都没有浪费。就是因为不想浪费所以我买的奶还没有拆完，现在你说停就停了？我的钱是大风刮来的吗？还钱吗？,8811
Ac穁叶吖,退钱！滚蛋！,7597
Ac穁叶吖,滚吧什么垃圾节目啊把青春受害人的钱都退了！！！！,6124
别问我粉谁-追星可不得自己开心,退钱退钱退钱,5627
有什么事不能床上说,别干了，还钱,3835
keri·,所以还成团吗,2772
信号满格-Chase,小孩的梦想你拿什么赔?,2599
灵啾, 前几届做票要查查吗,2324
你也消磁吗,。。。。。。。。。。,1810
一南有点困,滚 快把小孩放出来,1799
·一元余额·,所以呢？,1464
蜜桃汽水乌龙茶,你赚了代言钱 蒙牛赚了奶钱 🐂 赚了中间钱 秀芬一直在花钱 求求你把未扫的奶卡钱的钱退了,52349
有钱了就买猫,所以到底延迟到什么时候 其他选手怎么办,31844
甜味儿宁宁·,赔钱赔钱赔钱赔钱赔钱赔钱赔钱赔钱赔钱赔钱赔钱赔钱赔钱赔钱赔钱赔钱赔钱赔钱赔钱赔钱赔钱赔钱赔钱赔钱赔钱赔钱赔钱赔钱赔钱,21088
咬一口糯米慈,滚，你要是不给十九个弟弟一个交代，你赶紧倒闭,17034
看一眼就会记住的id啊,太好笑了，你们搞的破规则破包装为什么要无辜粉丝来替你们承受损失，我买的奶一滴都没有浪费，那么难喝的和洗洁精一样的都不能称为是奶的东西，喝了就窜稀的东西，我一滴都没有浪费。就是因为不想浪费所以我买的奶还没有拆完，现在你说停就停了？我的钱是大风刮来的吗？还钱吗？,8811
Ac穁叶吖,退钱！滚蛋！,7597
Ac穁叶吖,滚吧什么垃圾节目啊把青春受害人的钱都退了！！！！,6124
别问我粉谁-追星可不得自己开心,退钱退钱退钱,5627
有什么事不能床上说,别干了，还钱,3835
keri·,所以还成团吗,2772
信号满格-Chase,小孩的梦想你拿什么赔?,2599
灵啾, 前几届做票要查查吗,2325
你也消磁吗,。。。。。。。。。。,1810
一南有点困,滚 快把小孩放出来,1799
·一元余额·,所以呢？,1464
蜜桃汽水乌龙茶,你赚了代言钱 蒙牛赚了奶钱 🐂 赚了中间钱 秀芬一直在花钱 求求你把未扫的奶卡钱的钱退了,52352
有钱了就买猫,所以到底延迟到什么时候 其他选手怎么办,31843
甜味儿宁宁·,赔钱赔钱赔钱赔钱赔钱赔钱赔钱赔钱赔钱赔钱赔钱赔钱赔钱赔钱赔钱赔钱赔钱赔钱赔钱赔钱赔钱赔钱赔钱赔钱赔钱赔钱赔钱赔钱赔钱,21089
咬一口糯米慈,滚，你要是不给十九个弟弟一个交代，你赶紧倒闭,17035
看一眼就会记住的id啊,太好笑了，你们搞的破规则破包装为什么要无辜粉丝来替你们承受损失，我买的奶一滴都没有浪费，那么难喝的和洗洁精一样的都不能称为是奶的东西，喝了就窜稀的东西，我一滴都没有浪费。就是因为不想浪费所以我买的奶还没有拆完，现在你说停就停了？我的钱是大风刮来的吗？还钱吗？,8812
Ac穁叶吖,退钱！滚蛋！,7597
Ac穁叶吖,滚吧什么垃圾节目啊把青春受害人的钱都退了！！！！,6124
别问我粉谁-追星可不得自己开心,退钱退钱退钱,5627
有什么事不能床上说,别干了，还钱,3836
keri·,所以还成团吗,2772
信号满格-Chase,小孩的梦想你拿什么赔?,2599
灵啾, 前几届做票要查查吗,2325
你也消磁吗,。。。。。。。。。。,1810
一南有点困,滚 快把小孩放出来,1799
·一元余额·,所以呢？,1464
蜜桃汽水乌龙茶,你赚了代言钱 蒙牛赚了奶钱 🐂 赚了中间钱 秀芬一直在花钱 求求你把未扫的奶卡钱的钱退了,52361
有钱了就买猫,所以到底延迟到什么时候 其他选手怎么办,31847
甜味儿宁宁·,赔钱赔钱赔钱赔钱赔钱赔钱赔钱赔钱赔钱赔钱赔钱赔钱赔钱赔钱赔钱赔钱赔钱赔钱赔钱赔钱赔钱赔钱赔钱赔钱赔钱赔钱赔钱赔钱赔钱,21090
咬一口糯米慈,滚，你要是不给十九个弟弟一个交代，你赶紧倒闭,17035
看一眼就会记住的id啊,太好笑了，你们搞的破规则破包装为什么要无辜粉丝来替你们承受损失，我买的奶一滴都没有浪费，那么难喝的和洗洁精一样的都不能称为是奶的东西，喝了就窜稀的东西，我一滴都没有浪费。就是因为不想浪费所以我买的奶还没有拆完，现在你说停就停了？我的钱是大风刮来的吗？还钱吗？,8814
Ac穁叶吖,退钱！滚蛋！,7598
Ac穁叶吖,滚吧什么垃圾节目啊把青春受害人的钱都退了！！！！,6125
别问我粉谁-追星可不得自己开心,退钱退钱退钱,5627
有什么事不能床上说,别干了，还钱,3836
keri·,所以还成团吗,2772
信号满格-Chase,小孩的梦想你拿什么赔?,2599
灵啾, 前几届做票要查查吗,2325
你也消磁吗,。。。。。。。。。。,1811
一南有点困,滚 快把小孩放出来,1799
·一元余额·,所以呢？,1464
蜜桃汽水乌龙茶,你赚了代言钱 蒙牛赚了奶钱 🐂 赚了中间钱 秀芬一直在花钱 求求你把未扫的奶卡钱的钱退了,52363
有钱了就买猫,所以到底延迟到什么时候 其他选手怎么办,31849
甜味儿宁宁·,赔钱赔钱赔钱赔钱赔钱赔钱赔钱赔钱赔钱赔钱赔钱赔钱赔钱赔钱赔钱赔钱赔钱赔钱赔钱赔钱赔钱赔钱赔钱赔钱赔钱赔钱赔钱赔钱赔钱,21090
咬一口糯米慈,滚，你要是不给十九个弟弟一个交代，你赶紧倒闭,17037
看一眼就会记住的id啊,太好笑了，你们搞的破规则破包装为什么要无辜粉丝来替你们承受损失，我买的奶一滴都没有浪费，那么难喝的和洗洁精一样的都不能称为是奶的东西，喝了就窜稀的东西，我一滴都没有浪费。就是因为不想浪费所以我买的奶还没有拆完，现在你说停就停了？我的钱是大风刮来的吗？还钱吗？,8814
Ac穁叶吖,退钱！滚蛋！,7598
Ac穁叶吖,滚吧什么垃圾节目啊把青春受害人的钱都退了！！！！,6126
别问我粉谁-追星可不得自己开心,退钱退钱退钱,5627
有什么事不能床上说,别干了，还钱,3837
keri·,所以还成团吗,2772
信号满格-Chase,小孩的梦想你拿什么赔?,2599
灵啾, 前几届做票要查查吗,2325
你也消磁吗,。。。。。。。。。。,1811
一南有点困,滚 快把小孩放出来,1799
·一元余额·,所以呢？,1464
蜜桃汽水乌龙茶,你赚了代言钱 蒙牛赚了奶钱 🐂 赚了中间钱 秀芬一直在花钱 求求你把未扫的奶卡钱的钱退了,52366
有钱了就买猫,所以到底延迟到什么时候 其他选手怎么办,31849
甜味儿宁宁·,赔钱赔钱赔钱赔钱赔钱赔钱赔钱赔钱赔钱赔钱赔钱赔钱赔钱赔钱赔钱赔钱赔钱赔钱赔钱赔钱赔钱赔钱赔钱赔钱赔钱赔钱赔钱赔钱赔钱,21091
咬一口糯米慈,滚，你要是不给十九个弟弟一个交代，你赶紧倒闭,17038
看一眼就会记住的id啊,太好笑了，你们搞的破规则破包装为什么要无辜粉丝来替你们承受损失，我买的奶一滴都没有浪费，那么难喝的和洗洁精一样的都不能称为是奶的东西，喝了就窜稀的东西，我一滴都没有浪费。就是因为不想浪费所以我买的奶还没有拆完，现在你说停就停了？我的钱是大风刮来的吗？还钱吗？,8817
Ac穁叶吖,退钱！滚蛋！,7598
Ac穁叶吖,滚吧什么垃圾节目啊把青春受害人的钱都退了！！！！,6127
别问我粉谁-追星可不得自己开心,退钱退钱退钱,5627
有什么事不能床上说,别干了，还钱,3837
keri·,所以还成团吗,2772
信号满格-Chase,小孩的梦想你拿什么赔?,2599
灵啾, 前几届做票要查查吗,2325
你也消磁吗,。。。。。。。。。。,1811
一南有点困,滚 快把小孩放出来,1799
·一元余额·,所以呢？,1464
蜜桃汽水乌龙茶,你赚了代言钱 蒙牛赚了奶钱 🐂 赚了中间钱 秀芬一直在花钱 求求你把未扫的奶卡钱的钱退了,52370
有钱了就买猫,所以到底延迟到什么时候 其他选手怎么办,31850
甜味儿宁宁·,赔钱赔钱赔钱赔钱赔钱赔钱赔钱赔钱赔钱赔钱赔钱赔钱赔钱赔钱赔钱赔钱赔钱赔钱赔钱赔钱赔钱赔钱赔钱赔钱赔钱赔钱赔钱赔钱赔钱,21093
咬一口糯米慈,滚，你要是不给十九个弟弟一个交代，你赶紧倒闭,17039
看一眼就会记住的id啊,太好笑了，你们搞的破规则破包装为什么要无辜粉丝来替你们承受损失，我买的奶一滴都没有浪费，那么难喝的和洗洁精一样的都不能称为是奶的东西，喝了就窜稀的东西，我一滴都没有浪费。就是因为不想浪费所以我买的奶还没有拆完，现在你说停就停了？我的钱是大风刮来的吗？还钱吗？,8817
Ac穁叶吖,退钱！滚蛋！,7599
Ac穁叶吖,滚吧什么垃圾节目啊把青春受害人的钱都退了！！！！,6127
别问我粉谁-追星可不得自己开心,退钱退钱退钱,5628
有什么事不能床上说,别干了，还钱,3837
keri·,所以还成团吗,2773
信号满格-Chase,小孩的梦想你拿什么赔?,2599
灵啾, 前几届做票要查查吗,2325
你也消磁吗,。。。。。。。。。。,1811
一南有点困,滚 快把小孩放出来,1799
·一元余额·,所以呢？,1464
蜜桃汽水乌龙茶,你赚了代言钱 蒙牛赚了奶钱 🐂 赚了中间钱 秀芬一直在花钱 求求你把未扫的奶卡钱的钱退了,52381
有钱了就买猫,所以到底延迟到什么时候 其他选手怎么办,31852
甜味儿宁宁·,赔钱赔钱赔钱赔钱赔钱赔钱赔钱赔钱赔钱赔钱赔钱赔钱赔钱赔钱赔钱赔钱赔钱赔钱赔钱赔钱赔钱赔钱赔钱赔钱赔钱赔钱赔钱赔钱赔钱,21095
咬一口糯米慈,滚，你要是不给十九个弟弟一个交代，你赶紧倒闭,17037
看一眼就会记住的id啊,太好笑了，你们搞的破规则破包装为什么要无辜粉丝来替你们承受损失，我买的奶一滴都没有浪费，那么难喝的和洗洁精一样的都不能称为是奶的东西，喝了就窜稀的东西，我一滴都没有浪费。就是因为不想浪费所以我买的奶还没有拆完，现在你说停就停了？我的钱是大风刮来的吗？还钱吗？,8819
Ac穁叶吖,退钱！滚蛋！,7599
Ac穁叶吖,滚吧什么垃圾节目啊把青春受害人的钱都退了！！！！,6127
别问我粉谁-追星可不得自己开心,退钱退钱退钱,5629
有什么事不能床上说,别干了，还钱,3838
keri·,所以还成团吗,2773
信号满格-Chase,小孩的梦想你拿什么赔?,2599
灵啾, 前几届做票要查查吗,2325
你也消磁吗,。。。。。。。。。。,1811
一南有点困,滚 快把小孩放出来,1799
蜜桃汽水乌龙茶,你赚了代言钱 蒙牛赚了奶钱 🐂 赚了中间钱 秀芬一直在花钱 求求你把未扫的奶卡钱的钱退了,52393
有钱了就买猫,所以到底延迟到什么时候 其他选手怎么办,31852
甜味儿宁宁·,赔钱赔钱赔钱赔钱赔钱赔钱赔钱赔钱赔钱赔钱赔钱赔钱赔钱赔钱赔钱赔钱赔钱赔钱赔钱赔钱赔钱赔钱赔钱赔钱赔钱赔钱赔钱赔钱赔钱,21097
咬一口糯米慈,滚，你要是不给十九个弟弟一个交代，你赶紧倒闭,17040
看一眼就会记住的id啊,太好笑了，你们搞的破规则破包装为什么要无辜粉丝来替你们承受损失，我买的奶一滴都没有浪费，那么难喝的和洗洁精一样的都不能称为是奶的东西，喝了就窜稀的东西，我一滴都没有浪费。就是因为不想浪费所以我买的奶还没有拆完，现在你说停就停了？我的钱是大风刮来的吗？还钱吗？,8820
Ac穁叶吖,退钱！滚蛋！,7600
Ac穁叶吖,滚吧什么垃圾节目啊把青春受害人的钱都退了！！！！,6128
别问我粉谁-追星可不得自己开心,退钱退钱退钱,5629
有什么事不能床上说,别干了，还钱,3838
keri·,所以还成团吗,2774
信号满格-Chase,小孩的梦想你拿什么赔?,2599
灵啾, 前几届做票要查查吗,2326
你也消磁吗,。。。。。。。。。。,1811
一南有点困,滚 快把小孩放出来,1799
·一元余额·,所以呢？,1464
蜜桃汽水乌龙茶,你赚了代言钱 蒙牛赚了奶钱 🐂 赚了中间钱 秀芬一直在花钱 求求你把未扫的奶卡钱的钱退了,52397
有钱了就买猫,所以到底延迟到什么时候 其他选手怎么办,31854
甜味儿宁宁·,赔钱赔钱赔钱赔钱赔钱赔钱赔钱赔钱赔钱赔钱赔钱赔钱赔钱赔钱赔钱赔钱赔钱赔钱赔钱赔钱赔钱赔钱赔钱赔钱赔钱赔钱赔钱赔钱赔钱,21098
咬一口糯米慈,滚，你要是不给十九个弟弟一个交代，你赶紧倒闭,17040
看一眼就会记住的id啊,太好笑了，你们搞的破规则破包装为什么要无辜粉丝来替你们承受损失，我买的奶一滴都没有浪费，那么难喝的和洗洁精一样的都不能称为是奶的东西，喝了就窜稀的东西，我一滴都没有浪费。就是因为不想浪费所以我买的奶还没有拆完，现在你说停就停了？我的钱是大风刮来的吗？还钱吗？,8820
Ac穁叶吖,退钱！滚蛋！,7602
Ac穁叶吖,滚吧什么垃圾节目啊把青春受害人的钱都退了！！！！,6128
别问我粉谁-追星可不得自己开心,退钱退钱退钱,5629
有什么事不能床上说,别干了，还钱,3839
keri·,所以还成团吗,2774
信号满格-Chase,小孩的梦想你拿什么赔?,2599
灵啾, 前几届做票要查查吗,2326
你也消磁吗,。。。。。。。。。。,1811
一南有点困,滚 快把小孩放出来,1800
·一元余额·,所以呢？,1464
蜜桃汽水乌龙茶,你赚了代言钱 蒙牛赚了奶钱 🐂 赚了中间钱 秀芬一直在花钱 求求你把未扫的奶卡钱的钱退了,52400
有钱了就买猫,所以到底延迟到什么时候 其他选手怎么办,31859
甜味儿宁宁·,赔钱赔钱赔钱赔钱赔钱赔钱赔钱赔钱赔钱赔钱赔钱赔钱赔钱赔钱赔钱赔钱赔钱赔钱赔钱赔钱赔钱赔钱赔钱赔钱赔钱赔钱赔钱赔钱赔钱,21098
咬一口糯米慈,滚，你要是不给十九个弟弟一个交代，你赶紧倒闭,17042
看一眼就会记住的id啊,太好笑了，你们搞的破规则破包装为什么要无辜粉丝来替你们承受损失，我买的奶一滴都没有浪费，那么难喝的和洗洁精一样的都不能称为是奶的东西，喝了就窜稀的东西，我一滴都没有浪费。就是因为不想浪费所以我买的奶还没有拆完，现在你说停就停了？我的钱是大风刮来的吗？还钱吗？,8823
Ac穁叶吖,退钱！滚蛋！,7604
Ac穁叶吖,滚吧什么垃圾节目啊把青春受害人的钱都退了！！！！,6130
别问我粉谁-追星可不得自己开心,退钱退钱退钱,5629
有什么事不能床上说,别干了，还钱,3839
keri·,所以还成团吗,2774
信号满格-Chase,小孩的梦想你拿什么赔?,2599
灵啾, 前几届做票要查查吗,2326
你也消磁吗,。。。。。。。。。。,1811
一南有点困,滚 快把小孩放出来,1800
·一元余额·,所以呢？,1464
蜜桃汽水乌龙茶,你赚了代言钱 蒙牛赚了奶钱 🐂 赚了中间钱 秀芬一直在花钱 求求你把未扫的奶卡钱的钱退了,52403
有钱了就买猫,所以到底延迟到什么时候 其他选手怎么办,31862
甜味儿宁宁·,赔钱赔钱赔钱赔钱赔钱赔钱赔钱赔钱赔钱赔钱赔钱赔钱赔钱赔钱赔钱赔钱赔钱赔钱赔钱赔钱赔钱赔钱赔钱赔钱赔钱赔钱赔钱赔钱赔钱,21099
咬一口糯米慈,滚，你要是不给十九个弟弟一个交代，你赶紧倒闭,17043
看一眼就会记住的id啊,太好笑了，你们搞的破规则破包装为什么要无辜粉丝来替你们承受损失，我买的奶一滴都没有浪费，那么难喝的和洗洁精一样的都不能称为是奶的东西，喝了就窜稀的东西，我一滴都没有浪费。就是因为不想浪费所以我买的奶还没有拆完，现在你说停就停了？我的钱是大风刮来的吗？还钱吗？,8825
Ac穁叶吖,退钱！滚蛋！,7604
Ac穁叶吖,滚吧什么垃圾节目啊把青春受害人的钱都退了！！！！,6131
别问我粉谁-追星可不得自己开心,退钱退钱退钱,5629
有什么事不能床上说,别干了，还钱,3839
keri·,所以还成团吗,2774
信号满格-Chase,小孩的梦想你拿什么赔?,2600
灵啾, 前几届做票要查查吗,2327
你也消磁吗,。。。。。。。。。。,1811
一南有点困,滚 快把小孩放出来,1801
·一元余额·,所以呢？,1465
蜜桃汽水乌龙茶,你赚了代言钱 蒙牛赚了奶钱 🐂 赚了中间钱 秀芬一直在花钱 求求你把未扫的奶卡钱的钱退了,52412
有钱了就买猫,所以到底延迟到什么时候 其他选手怎么办,31864
甜味儿宁宁·,赔钱赔钱赔钱赔钱赔钱赔钱赔钱赔钱赔钱赔钱赔钱赔钱赔钱赔钱赔钱赔钱赔钱赔钱赔钱赔钱赔钱赔钱赔钱赔钱赔钱赔钱赔钱赔钱赔钱,21099
咬一口糯米慈,滚，你要是不给十九个弟弟一个交代，你赶紧倒闭,17046
看一眼就会记住的id啊,太好笑了，你们搞的破规则破包装为什么要无辜粉丝来替你们承受损失，我买的奶一滴都没有浪费，那么难喝的和洗洁精一样的都不能称为是奶的东西，喝了就窜稀的东西，我一滴都没有浪费。就是因为不想浪费所以我买的奶还没有拆完，现在你说停就停了？我的钱是大风刮来的吗？还钱吗？,8827
Ac穁叶吖,退钱！滚蛋！,7604
Ac穁叶吖,滚吧什么垃圾节目啊把青春受害人的钱都退了！！！！,6132
别问我粉谁-追星可不得自己开心,退钱退钱退钱,5629
有什么事不能床上说,别干了，还钱,3839
keri·,所以还成团吗,2774
信号满格-Chase,小孩的梦想你拿什么赔?,2600
灵啾, 前几届做票要查查吗,2327
你也消磁吗,。。。。。。。。。。,1811
一南有点困,滚 快把小孩放出来,1801
蜜桃汽水乌龙茶,你赚了代言钱 蒙牛赚了奶钱 🐂 赚了中间钱 秀芬一直在花钱 求求你把未扫的奶卡钱的钱退了,52419
有钱了就买猫,所以到底延迟到什么时候 其他选手怎么办,31867
甜味儿宁宁·,赔钱赔钱赔钱赔钱赔钱赔钱赔钱赔钱赔钱赔钱赔钱赔钱赔钱赔钱赔钱赔钱赔钱赔钱赔钱赔钱赔钱赔钱赔钱赔钱赔钱赔钱赔钱赔钱赔钱,21105
咬一口糯米慈,滚，你要是不给十九个弟弟一个交代，你赶紧倒闭,17046
看一眼就会记住的id啊,太好笑了，你们搞的破规则破包装为什么要无辜粉丝来替你们承受损失，我买的奶一滴都没有浪费，那么难喝的和洗洁精一样的都不能称为是奶的东西，喝了就窜稀的东西，我一滴都没有浪费。就是因为不想浪费所以我买的奶还没有拆完，现在你说停就停了？我的钱是大风刮来的吗？还钱吗？,8827
Ac穁叶吖,退钱！滚蛋！,7604
Ac穁叶吖,滚吧什么垃圾节目啊把青春受害人的钱都退了！！！！,6133
别问我粉谁-追星可不得自己开心,退钱退钱退钱,5629
有什么事不能床上说,别干了，还钱,3839
keri·,所以还成团吗,2775
信号满格-Chase,小孩的梦想你拿什么赔?,2600
灵啾, 前几届做票要查查吗,2327
你也消磁吗,。。。。。。。。。。,1811
一南有点困,滚 快把小孩放出来,1801
·一元余额·,所以呢？,1465
蜜桃汽水乌龙茶,你赚了代言钱 蒙牛赚了奶钱 🐂 赚了中间钱 秀芬一直在花钱 求求你把未扫的奶卡钱的钱退了,52421
有钱了就买猫,所以到底延迟到什么时候 其他选手怎么办,31868
甜味儿宁宁·,赔钱赔钱赔钱赔钱赔钱赔钱赔钱赔钱赔钱赔钱赔钱赔钱赔钱赔钱赔钱赔钱赔钱赔钱赔钱赔钱赔钱赔钱赔钱赔钱赔钱赔钱赔钱赔钱赔钱,21106
咬一口糯米慈,滚，你要是不给十九个弟弟一个交代，你赶紧倒闭,17049
看一眼就会记住的id啊,太好笑了，你们搞的破规则破包装为什么要无辜粉丝来替你们承受损失，我买的奶一滴都没有浪费，那么难喝的和洗洁精一样的都不能称为是奶的东西，喝了就窜稀的东西，我一滴都没有浪费。就是因为不想浪费所以我买的奶还没有拆完，现在你说停就停了？我的钱是大风刮来的吗？还钱吗？,8828
Ac穁叶吖,退钱！滚蛋！,7606
Ac穁叶吖,滚吧什么垃圾节目啊把青春受害人的钱都退了！！！！,6133
别问我粉谁-追星可不得自己开心,退钱退钱退钱,5631
有什么事不能床上说,别干了，还钱,3839
keri·,所以还成团吗,2775
信号满格-Chase,小孩的梦想你拿什么赔?,2600
灵啾, 前几届做票要查查吗,2328
你也消磁吗,。。。。。。。。。。,1811
一南有点困,滚 快把小孩放出来,1801
·一元余额·,所以呢？,1465
蜜桃汽水乌龙茶,你赚了代言钱 蒙牛赚了奶钱 🐂 赚了中间钱 秀芬一直在花钱 求求你把未扫的奶卡钱的钱退了,52426
有钱了就买猫,所以到底延迟到什么时候 其他选手怎么办,31869
甜味儿宁宁·,赔钱赔钱赔钱赔钱赔钱赔钱赔钱赔钱赔钱赔钱赔钱赔钱赔钱赔钱赔钱赔钱赔钱赔钱赔钱赔钱赔钱赔钱赔钱赔钱赔钱赔钱赔钱赔钱赔钱,21107
咬一口糯米慈,滚，你要是不给十九个弟弟一个交代，你赶紧倒闭,17053
看一眼就会记住的id啊,太好笑了，你们搞的破规则破包装为什么要无辜粉丝来替你们承受损失，我买的奶一滴都没有浪费，那么难喝的和洗洁精一样的都不能称为是奶的东西，喝了就窜稀的东西，我一滴都没有浪费。就是因为不想浪费所以我买的奶还没有拆完，现在你说停就停了？我的钱是大风刮来的吗？还钱吗？,8828
Ac穁叶吖,退钱！滚蛋！,7607
Ac穁叶吖,滚吧什么垃圾节目啊把青春受害人的钱都退了！！！！,6134
别问我粉谁-追星可不得自己开心,退钱退钱退钱,5631
有什么事不能床上说,别干了，还钱,3839
keri·,所以还成团吗,2775
信号满格-Chase,小孩的梦想你拿什么赔?,2600
灵啾, 前几届做票要查查吗,2328
你也消磁吗,。。。。。。。。。。,1811
一南有点困,滚 快把小孩放出来,1801
·一元余额·,所以呢？,1465
蜜桃汽水乌龙茶,你赚了代言钱 蒙牛赚了奶钱 🐂 赚了中间钱 秀芬一直在花钱 求求你把未扫的奶卡钱的钱退了,52431
有钱了就买猫,所以到底延迟到什么时候 其他选手怎么办,31871
甜味儿宁宁·,赔钱赔钱赔钱赔钱赔钱赔钱赔钱赔钱赔钱赔钱赔钱赔钱赔钱赔钱赔钱赔钱赔钱赔钱赔钱赔钱赔钱赔钱赔钱赔钱赔钱赔钱赔钱赔钱赔钱,21111
咬一口糯米慈,滚，你要是不给十九个弟弟一个交代，你赶紧倒闭,17053
看一眼就会记住的id啊,太好笑了，你们搞的破规则破包装为什么要无辜粉丝来替你们承受损失，我买的奶一滴都没有浪费，那么难喝的和洗洁精一样的都不能称为是奶的东西，喝了就窜稀的东西，我一滴都没有浪费。就是因为不想浪费所以我买的奶还没有拆完，现在你说停就停了？我的钱是大风刮来的吗？还钱吗？,8828
Ac穁叶吖,退钱！滚蛋！,7607
Ac穁叶吖,滚吧什么垃圾节目啊把青春受害人的钱都退了！！！！,6134
别问我粉谁-追星可不得自己开心,退钱退钱退钱,5631
有什么事不能床上说,别干了，还钱,3839
keri·,所以还成团吗,2775
信号满格-Chase,小孩的梦想你拿什么赔?,2600
灵啾, 前几届做票要查查吗,2328
你也消磁吗,。。。。。。。。。。,1811
一南有点困,滚 快把小孩放出来,1801
·一元余额·,所以呢？,1465
蜜桃汽水乌龙茶,你赚了代言钱 蒙牛赚了奶钱 🐂 赚了中间钱 秀芬一直在花钱 求求你把未扫的奶卡钱的钱退了,52437
有钱了就买猫,所以到底延迟到什么时候 其他选手怎么办,31872
甜味儿宁宁·,赔钱赔钱赔钱赔钱赔钱赔钱赔钱赔钱赔钱赔钱赔钱赔钱赔钱赔钱赔钱赔钱赔钱赔钱赔钱赔钱赔钱赔钱赔钱赔钱赔钱赔钱赔钱赔钱赔钱,21114
咬一口糯米慈,滚，你要是不给十九个弟弟一个交代，你赶紧倒闭,17056
看一眼就会记住的id啊,太好笑了，你们搞的破规则破包装为什么要无辜粉丝来替你们承受损失，我买的奶一滴都没有浪费，那么难喝的和洗洁精一样的都不能称为是奶的东西，喝了就窜稀的东西，我一滴都没有浪费。就是因为不想浪费所以我买的奶还没有拆完，现在你说停就停了？我的钱是大风刮来的吗？还钱吗？,8829
Ac穁叶吖,退钱！滚蛋！,7607
Ac穁叶吖,滚吧什么垃圾节目啊把青春受害人的钱都退了！！！！,6135
别问我粉谁-追星可不得自己开心,退钱退钱退钱,5631
有什么事不能床上说,别干了，还钱,3840
keri·,所以还成团吗,2775
信号满格-Chase,小孩的梦想你拿什么赔?,2601
灵啾, 前几届做票要查查吗,2328
你也消磁吗,。。。。。。。。。。,1811
一南有点困,滚 快把小孩放出来,1801
·一元余额·,所以呢？,1465
蜜桃汽水乌龙茶,你赚了代言钱 蒙牛赚了奶钱 🐂 赚了中间钱 秀芬一直在花钱 求求你把未扫的奶卡钱的钱退了,52444
有钱了就买猫,所以到底延迟到什么时候 其他选手怎么办,31872
甜味儿宁宁·,赔钱赔钱赔钱赔钱赔钱赔钱赔钱赔钱赔钱赔钱赔钱赔钱赔钱赔钱赔钱赔钱赔钱赔钱赔钱赔钱赔钱赔钱赔钱赔钱赔钱赔钱赔钱赔钱赔钱,21116
咬一口糯米慈,滚，你要是不给十九个弟弟一个交代，你赶紧倒闭,17056
看一眼就会记住的id啊,太好笑了，你们搞的破规则破包装为什么要无辜粉丝来替你们承受损失，我买的奶一滴都没有浪费，那么难喝的和洗洁精一样的都不能称为是奶的东西，喝了就窜稀的东西，我一滴都没有浪费。就是因为不想浪费所以我买的奶还没有拆完，现在你说停就停了？我的钱是大风刮来的吗？还钱吗？,8830
Ac穁叶吖,退钱！滚蛋！,7607
Ac穁叶吖,滚吧什么垃圾节目啊把青春受害人的钱都退了！！！！,6135
别问我粉谁-追星可不得自己开心,退钱退钱退钱,5631
有什么事不能床上说,别干了，还钱,3841
keri·,所以还成团吗,2775
信号满格-Chase,小孩的梦想你拿什么赔?,2601
灵啾, 前几届做票要查查吗,2328
你也消磁吗,。。。。。。。。。。,1811
一南有点困,滚 快把小孩放出来,1802
·一元余额·,所以呢？,1465
蜜桃汽水乌龙茶,你赚了代言钱 蒙牛赚了奶钱 🐂 赚了中间钱 秀芬一直在花钱 求求你把未扫的奶卡钱的钱退了,52449
有钱了就买猫,所以到底延迟到什么时候 其他选手怎么办,31873
甜味儿宁宁·,赔钱赔钱赔钱赔钱赔钱赔钱赔钱赔钱赔钱赔钱赔钱赔钱赔钱赔钱赔钱赔钱赔钱赔钱赔钱赔钱赔钱赔钱赔钱赔钱赔钱赔钱赔钱赔钱赔钱,21117
咬一口糯米慈,滚，你要是不给十九个弟弟一个交代，你赶紧倒闭,17056
看一眼就会记住的id啊,太好笑了，你们搞的破规则破包装为什么要无辜粉丝来替你们承受损失，我买的奶一滴都没有浪费，那么难喝的和洗洁精一样的都不能称为是奶的东西，喝了就窜稀的东西，我一滴都没有浪费。就是因为不想浪费所以我买的奶还没有拆完，现在你说停就停了？我的钱是大风刮来的吗？还钱吗？,8831
Ac穁叶吖,退钱！滚蛋！,7607
Ac穁叶吖,滚吧什么垃圾节目啊把青春受害人的钱都退了！！！！,6135
别问我粉谁-追星可不得自己开心,退钱退钱退钱,5631
有什么事不能床上说,别干了，还钱,3841
keri·,所以还成团吗,2775
信号满格-Chase,小孩的梦想你拿什么赔?,2602
灵啾, 前几届做票要查查吗,2328
你也消磁吗,。。。。。。。。。。,1811
一南有点困,滚 快把小孩放出来,1802
·一元余额·,所以呢？,1465
蜜桃汽水乌龙茶,你赚了代言钱 蒙牛赚了奶钱 🐂 赚了中间钱 秀芬一直在花钱 求求你把未扫的奶卡钱的钱退了,52453
有钱了就买猫,所以到底延迟到什么时候 其他选手怎么办,31875
甜味儿宁宁·,赔钱赔钱赔钱赔钱赔钱赔钱赔钱赔钱赔钱赔钱赔钱赔钱赔钱赔钱赔钱赔钱赔钱赔钱赔钱赔钱赔钱赔钱赔钱赔钱赔钱赔钱赔钱赔钱赔钱,21118
咬一口糯米慈,滚，你要是不给十九个弟弟一个交代，你赶紧倒闭,17056
看一眼就会记住的id啊,太好笑了，你们搞的破规则破包装为什么要无辜粉丝来替你们承受损失，我买的奶一滴都没有浪费，那么难喝的和洗洁精一样的都不能称为是奶的东西，喝了就窜稀的东西，我一滴都没有浪费。就是因为不想浪费所以我买的奶还没有拆完，现在你说停就停了？我的钱是大风刮来的吗？还钱吗？,8831
Ac穁叶吖,退钱！滚蛋！,7607
Ac穁叶吖,滚吧什么垃圾节目啊把青春受害人的钱都退了！！！！,6136
别问我粉谁-追星可不得自己开心,退钱退钱退钱,5631
有什么事不能床上说,别干了，还钱,3841
keri·,所以还成团吗,2775
信号满格-Chase,小孩的梦想你拿什么赔?,2602
灵啾, 前几届做票要查查吗,2328
你也消磁吗,。。。。。。。。。。,1811
一南有点困,滚 快把小孩放出来,1802
·一元余额·,所以呢？,1465
蜜桃汽水乌龙茶,你赚了代言钱 蒙牛赚了奶钱 🐂 赚了中间钱 秀芬一直在花钱 求求你把未扫的奶卡钱的钱退了,52456
有钱了就买猫,所以到底延迟到什么时候 其他选手怎么办,31883
甜味儿宁宁·,赔钱赔钱赔钱赔钱赔钱赔钱赔钱赔钱赔钱赔钱赔钱赔钱赔钱赔钱赔钱赔钱赔钱赔钱赔钱赔钱赔钱赔钱赔钱赔钱赔钱赔钱赔钱赔钱赔钱,21120
咬一口糯米慈,滚，你要是不给十九个弟弟一个交代，你赶紧倒闭,17057
看一眼就会记住的id啊,太好笑了，你们搞的破规则破包装为什么要无辜粉丝来替你们承受损失，我买的奶一滴都没有浪费，那么难喝的和洗洁精一样的都不能称为是奶的东西，喝了就窜稀的东西，我一滴都没有浪费。就是因为不想浪费所以我买的奶还没有拆完，现在你说停就停了？我的钱是大风刮来的吗？还钱吗？,8832
Ac穁叶吖,退钱！滚蛋！,7608
Ac穁叶吖,滚吧什么垃圾节目啊把青春受害人的钱都退了！！！！,6136
别问我粉谁-追星可不得自己开心,退钱退钱退钱,5631
有什么事不能床上说,别干了，还钱,3841
keri·,所以还成团吗,2776
信号满格-Chase,小孩的梦想你拿什么赔?,2602
灵啾, 前几届做票要查查吗,2328
你也消磁吗,。。。。。。。。。。,1811
一南有点困,滚 快把小孩放出来,1802
·一元余额·,所以呢？,1465
蜜桃汽水乌龙茶,你赚了代言钱 蒙牛赚了奶钱 🐂 赚了中间钱 秀芬一直在花钱 求求你把未扫的奶卡钱的钱退了,52464
有钱了就买猫,所以到底延迟到什么时候 其他选手怎么办,31885
甜味儿宁宁·,赔钱赔钱赔钱赔钱赔钱赔钱赔钱赔钱赔钱赔钱赔钱赔钱赔钱赔钱赔钱赔钱赔钱赔钱赔钱赔钱赔钱赔钱赔钱赔钱赔钱赔钱赔钱赔钱赔钱,21122
咬一口糯米慈,滚，你要是不给十九个弟弟一个交代，你赶紧倒闭,17057
看一眼就会记住的id啊,太好笑了，你们搞的破规则破包装为什么要无辜粉丝来替你们承受损失，我买的奶一滴都没有浪费，那么难喝的和洗洁精一样的都不能称为是奶的东西，喝了就窜稀的东西，我一滴都没有浪费。就是因为不想浪费所以我买的奶还没有拆完，现在你说停就停了？我的钱是大风刮来的吗？还钱吗？,8832
Ac穁叶吖,退钱！滚蛋！,7608
Ac穁叶吖,滚吧什么垃圾节目啊把青春受害人的钱都退了！！！！,6136
别问我粉谁-追星可不得自己开心,退钱退钱退钱,5631
有什么事不能床上说,别干了，还钱,3841
keri·,所以还成团吗,2776
信号满格-Chase,小孩的梦想你拿什么赔?,2602
灵啾, 前几届做票要查查吗,2328
你也消磁吗,。。。。。。。。。。,1811
一南有点困,滚 快把小孩放出来,1802
·一元余额·,所以呢？,1465
蜜桃汽水乌龙茶,你赚了代言钱 蒙牛赚了奶钱 🐂 赚了中间钱 秀芬一直在花钱 求求你把未扫的奶卡钱的钱退了,52469
有钱了就买猫,所以到底延迟到什么时候 其他选手怎么办,31887
甜味儿宁宁·,赔钱赔钱赔钱赔钱赔钱赔钱赔钱赔钱赔钱赔钱赔钱赔钱赔钱赔钱赔钱赔钱赔钱赔钱赔钱赔钱赔钱赔钱赔钱赔钱赔钱赔钱赔钱赔钱赔钱,21125
咬一口糯米慈,滚，你要是不给十九个弟弟一个交代，你赶紧倒闭,17058
看一眼就会记住的id啊,太好笑了，你们搞的破规则破包装为什么要无辜粉丝来替你们承受损失，我买的奶一滴都没有浪费，那么难喝的和洗洁精一样的都不能称为是奶的东西，喝了就窜稀的东西，我一滴都没有浪费。就是因为不想浪费所以我买的奶还没有拆完，现在你说停就停了？我的钱是大风刮来的吗？还钱吗？,8833
Ac穁叶吖,退钱！滚蛋！,7608
Ac穁叶吖,滚吧什么垃圾节目啊把青春受害人的钱都退了！！！！,6138
别问我粉谁-追星可不得自己开心,退钱退钱退钱,5631
有什么事不能床上说,别干了，还钱,3841
keri·,所以还成团吗,2776
信号满格-Chase,小孩的梦想你拿什么赔?,2602
灵啾, 前几届做票要查查吗,2328
你也消磁吗,。。。。。。。。。。,1811
一南有点困,滚 快把小孩放出来,1802
·一元余额·,所以呢？,1465
蜜桃汽水乌龙茶,你赚了代言钱 蒙牛赚了奶钱 🐂 赚了中间钱 秀芬一直在花钱 求求你把未扫的奶卡钱的钱退了,52474
有钱了就买猫,所以到底延迟到什么时候 其他选手怎么办,31888
甜味儿宁宁·,赔钱赔钱赔钱赔钱赔钱赔钱赔钱赔钱赔钱赔钱赔钱赔钱赔钱赔钱赔钱赔钱赔钱赔钱赔钱赔钱赔钱赔钱赔钱赔钱赔钱赔钱赔钱赔钱赔钱,21128
咬一口糯米慈,滚，你要是不给十九个弟弟一个交代，你赶紧倒闭,17060
看一眼就会记住的id啊,太好笑了，你们搞的破规则破包装为什么要无辜粉丝来替你们承受损失，我买的奶一滴都没有浪费，那么难喝的和洗洁精一样的都不能称为是奶的东西，喝了就窜稀的东西，我一滴都没有浪费。就是因为不想浪费所以我买的奶还没有拆完，现在你说停就停了？我的钱是大风刮来的吗？还钱吗？,8834
Ac穁叶吖,退钱！滚蛋！,7609
Ac穁叶吖,滚吧什么垃圾节目啊把青春受害人的钱都退了！！！！,6139
别问我粉谁-追星可不得自己开心,退钱退钱退钱,5633
有什么事不能床上说,别干了，还钱,3841
keri·,所以还成团吗,2776
信号满格-Chase,小孩的梦想你拿什么赔?,2602
灵啾, 前几届做票要查查吗,2328
你也消磁吗,。。。。。。。。。。,1811
一南有点困,滚 快把小孩放出来,1802
·一元余额·,所以呢？,1465
蜜桃汽水乌龙茶,你赚了代言钱 蒙牛赚了奶钱 🐂 赚了中间钱 秀芬一直在花钱 求求你把未扫的奶卡钱的钱退了,52481
有钱了就买猫,所以到底延迟到什么时候 其他选手怎么办,31891
甜味儿宁宁·,赔钱赔钱赔钱赔钱赔钱赔钱赔钱赔钱赔钱赔钱赔钱赔钱赔钱赔钱赔钱赔钱赔钱赔钱赔钱赔钱赔钱赔钱赔钱赔钱赔钱赔钱赔钱赔钱赔钱,21130
咬一口糯米慈,滚，你要是不给十九个弟弟一个交代，你赶紧倒闭,17062
看一眼就会记住的id啊,太好笑了，你们搞的破规则破包装为什么要无辜粉丝来替你们承受损失，我买的奶一滴都没有浪费，那么难喝的和洗洁精一样的都不能称为是奶的东西，喝了就窜稀的东西，我一滴都没有浪费。就是因为不想浪费所以我买的奶还没有拆完，现在你说停就停了？我的钱是大风刮来的吗？还钱吗？,8835
Ac穁叶吖,退钱！滚蛋！,7610
Ac穁叶吖,滚吧什么垃圾节目啊把青春受害人的钱都退了！！！！,6139
别问我粉谁-追星可不得自己开心,退钱退钱退钱,5633
有什么事不能床上说,别干了，还钱,3842
keri·,所以还成团吗,2776
信号满格-Chase,小孩的梦想你拿什么赔?,2602
灵啾, 前几届做票要查查吗,2328
你也消磁吗,。。。。。。。。。。,1812
一南有点困,滚 快把小孩放出来,1802
·一元余额·,所以呢？,1465
蜜桃汽水乌龙茶,你赚了代言钱 蒙牛赚了奶钱 🐂 赚了中间钱 秀芬一直在花钱 求求你把未扫的奶卡钱的钱退了,52485
有钱了就买猫,所以到底延迟到什么时候 其他选手怎么办,31893
甜味儿宁宁·,赔钱赔钱赔钱赔钱赔钱赔钱赔钱赔钱赔钱赔钱赔钱赔钱赔钱赔钱赔钱赔钱赔钱赔钱赔钱赔钱赔钱赔钱赔钱赔钱赔钱赔钱赔钱赔钱赔钱,21131
咬一口糯米慈,滚，你要是不给十九个弟弟一个交代，你赶紧倒闭,17067
看一眼就会记住的id啊,太好笑了，你们搞的破规则破包装为什么要无辜粉丝来替你们承受损失，我买的奶一滴都没有浪费，那么难喝的和洗洁精一样的都不能称为是奶的东西，喝了就窜稀的东西，我一滴都没有浪费。就是因为不想浪费所以我买的奶还没有拆完，现在你说停就停了？我的钱是大风刮来的吗？还钱吗？,8838
Ac穁叶吖,退钱！滚蛋！,7611
Ac穁叶吖,滚吧什么垃圾节目啊把青春受害人的钱都退了！！！！,6140
别问我粉谁-追星可不得自己开心,退钱退钱退钱,5634
有什么事不能床上说,别干了，还钱,3843
keri·,所以还成团吗,2776
信号满格-Chase,小孩的梦想你拿什么赔?,2602
灵啾, 前几届做票要查查吗,2328
你也消磁吗,。。。。。。。。。。,1812
一南有点困,滚 快把小孩放出来,1802
·一元余额·,所以呢？,1465
蜜桃汽水乌龙茶,你赚了代言钱 蒙牛赚了奶钱 🐂 赚了中间钱 秀芬一直在花钱 求求你把未扫的奶卡钱的钱退了,52488
有钱了就买猫,所以到底延迟到什么时候 其他选手怎么办,31895
甜味儿宁宁·,赔钱赔钱赔钱赔钱赔钱赔钱赔钱赔钱赔钱赔钱赔钱赔钱赔钱赔钱赔钱赔钱赔钱赔钱赔钱赔钱赔钱赔钱赔钱赔钱赔钱赔钱赔钱赔钱赔钱,21134
咬一口糯米慈,滚，你要是不给十九个弟弟一个交代，你赶紧倒闭,17067
看一眼就会记住的id啊,太好笑了，你们搞的破规则破包装为什么要无辜粉丝来替你们承受损失，我买的奶一滴都没有浪费，那么难喝的和洗洁精一样的都不能称为是奶的东西，喝了就窜稀的东西，我一滴都没有浪费。就是因为不想浪费所以我买的奶还没有拆完，现在你说停就停了？我的钱是大风刮来的吗？还钱吗？,8839
Ac穁叶吖,退钱！滚蛋！,7613
Ac穁叶吖,滚吧什么垃圾节目啊把青春受害人的钱都退了！！！！,6140
别问我粉谁-追星可不得自己开心,退钱退钱退钱,5634
有什么事不能床上说,别干了，还钱,3843
keri·,所以还成团吗,2777
信号满格-Chase,小孩的梦想你拿什么赔?,2602
灵啾, 前几届做票要查查吗,2328
你也消磁吗,。。。。。。。。。。,1812
一南有点困,滚 快把小孩放出来,1802
·一元余额·,所以呢？,1465
蜜桃汽水乌龙茶,你赚了代言钱 蒙牛赚了奶钱 🐂 赚了中间钱 秀芬一直在花钱 求求你把未扫的奶卡钱的钱退了,52490
有钱了就买猫,所以到底延迟到什么时候 其他选手怎么办,31897
甜味儿宁宁·,赔钱赔钱赔钱赔钱赔钱赔钱赔钱赔钱赔钱赔钱赔钱赔钱赔钱赔钱赔钱赔钱赔钱赔钱赔钱赔钱赔钱赔钱赔钱赔钱赔钱赔钱赔钱赔钱赔钱,21135
咬一口糯米慈,滚，你要是不给十九个弟弟一个交代，你赶紧倒闭,17068
看一眼就会记住的id啊,太好笑了，你们搞的破规则破包装为什么要无辜粉丝来替你们承受损失，我买的奶一滴都没有浪费，那么难喝的和洗洁精一样的都不能称为是奶的东西，喝了就窜稀的东西，我一滴都没有浪费。就是因为不想浪费所以我买的奶还没有拆完，现在你说停就停了？我的钱是大风刮来的吗？还钱吗？,8843
Ac穁叶吖,退钱！滚蛋！,7614
Ac穁叶吖,滚吧什么垃圾节目啊把青春受害人的钱都退了！！！！,6142
别问我粉谁-追星可不得自己开心,退钱退钱退钱,5635
有什么事不能床上说,别干了，还钱,3844
keri·,所以还成团吗,2777
信号满格-Chase,小孩的梦想你拿什么赔?,2602
灵啾, 前几届做票要查查吗,2328
你也消磁吗,。。。。。。。。。。,1812
一南有点困,滚 快把小孩放出来,1802
·一元余额·,所以呢？,1465
蜜桃汽水乌龙茶,你赚了代言钱 蒙牛赚了奶钱 🐂 赚了中间钱 秀芬一直在花钱 求求你把未扫的奶卡钱的钱退了,52491
有钱了就买猫,所以到底延迟到什么时候 其他选手怎么办,31899
甜味儿宁宁·,赔钱赔钱赔钱赔钱赔钱赔钱赔钱赔钱赔钱赔钱赔钱赔钱赔钱赔钱赔钱赔钱赔钱赔钱赔钱赔钱赔钱赔钱赔钱赔钱赔钱赔钱赔钱赔钱赔钱,21138
咬一口糯米慈,滚，你要是不给十九个弟弟一个交代，你赶紧倒闭,17069
看一眼就会记住的id啊,太好笑了，你们搞的破规则破包装为什么要无辜粉丝来替你们承受损失，我买的奶一滴都没有浪费，那么难喝的和洗洁精一样的都不能称为是奶的东西，喝了就窜稀的东西，我一滴都没有浪费。就是因为不想浪费所以我买的奶还没有拆完，现在你说停就停了？我的钱是大风刮来的吗？还钱吗？,8845
Ac穁叶吖,退钱！滚蛋！,7614
Ac穁叶吖,滚吧什么垃圾节目啊把青春受害人的钱都退了！！！！,6142
别问我粉谁-追星可不得自己开心,退钱退钱退钱,5635
有什么事不能床上说,别干了，还钱,3845
keri·,所以还成团吗,2777
信号满格-Chase,小孩的梦想你拿什么赔?,2602
灵啾, 前几届做票要查查吗,2328
你也消磁吗,。。。。。。。。。。,1812
一南有点困,滚 快把小孩放出来,1802
·一元余额·,所以呢？,1465
蜜桃汽水乌龙茶,你赚了代言钱 蒙牛赚了奶钱 🐂 赚了中间钱 秀芬一直在花钱 求求你把未扫的奶卡钱的钱退了,52499
有钱了就买猫,所以到底延迟到什么时候 其他选手怎么办,31902
甜味儿宁宁·,赔钱赔钱赔钱赔钱赔钱赔钱赔钱赔钱赔钱赔钱赔钱赔钱赔钱赔钱赔钱赔钱赔钱赔钱赔钱赔钱赔钱赔钱赔钱赔钱赔钱赔钱赔钱赔钱赔钱,21138
咬一口糯米慈,滚，你要是不给十九个弟弟一个交代，你赶紧倒闭,17069
看一眼就会记住的id啊,太好笑了，你们搞的破规则破包装为什么要无辜粉丝来替你们承受损失，我买的奶一滴都没有浪费，那么难喝的和洗洁精一样的都不能称为是奶的东西，喝了就窜稀的东西，我一滴都没有浪费。就是因为不想浪费所以我买的奶还没有拆完，现在你说停就停了？我的钱是大风刮来的吗？还钱吗？,8845
Ac穁叶吖,退钱！滚蛋！,7615
Ac穁叶吖,滚吧什么垃圾节目啊把青春受害人的钱都退了！！！！,6142
别问我粉谁-追星可不得自己开心,退钱退钱退钱,5637
有什么事不能床上说,别干了，还钱,3845
keri·,所以还成团吗,2777
信号满格-Chase,小孩的梦想你拿什么赔?,2603
灵啾, 前几届做票要查查吗,2328
你也消磁吗,。。。。。。。。。。,1812
一南有点困,滚 快把小孩放出来,1802
蜜桃汽水乌龙茶,你赚了代言钱 蒙牛赚了奶钱 🐂 赚了中间钱 秀芬一直在花钱 求求你把未扫的奶卡钱的钱退了,52509
有钱了就买猫,所以到底延迟到什么时候 其他选手怎么办,31903
甜味儿宁宁·,赔钱赔钱赔钱赔钱赔钱赔钱赔钱赔钱赔钱赔钱赔钱赔钱赔钱赔钱赔钱赔钱赔钱赔钱赔钱赔钱赔钱赔钱赔钱赔钱赔钱赔钱赔钱赔钱赔钱,21138
咬一口糯米慈,滚，你要是不给十九个弟弟一个交代，你赶紧倒闭,17073
看一眼就会记住的id啊,太好笑了，你们搞的破规则破包装为什么要无辜粉丝来替你们承受损失，我买的奶一滴都没有浪费，那么难喝的和洗洁精一样的都不能称为是奶的东西，喝了就窜稀的东西，我一滴都没有浪费。就是因为不想浪费所以我买的奶还没有拆完，现在你说停就停了？我的钱是大风刮来的吗？还钱吗？,8846
Ac穁叶吖,退钱！滚蛋！,7615
Ac穁叶吖,滚吧什么垃圾节目啊把青春受害人的钱都退了！！！！,6143
别问我粉谁-追星可不得自己开心,退钱退钱退钱,5637
有什么事不能床上说,别干了，还钱,3846
keri·,所以还成团吗,2780
信号满格-Chase,小孩的梦想你拿什么赔?,2603
灵啾, 前几届做票要查查吗,2328
你也消磁吗,。。。。。。。。。。,1812
一南有点困,滚 快把小孩放出来,1802
·一元余额·,所以呢？,1465
蜜桃汽水乌龙茶,你赚了代言钱 蒙牛赚了奶钱 🐂 赚了中间钱 秀芬一直在花钱 求求你把未扫的奶卡钱的钱退了,52514
有钱了就买猫,所以到底延迟到什么时候 其他选手怎么办,31904
甜味儿宁宁·,赔钱赔钱赔钱赔钱赔钱赔钱赔钱赔钱赔钱赔钱赔钱赔钱赔钱赔钱赔钱赔钱赔钱赔钱赔钱赔钱赔钱赔钱赔钱赔钱赔钱赔钱赔钱赔钱赔钱,21139
咬一口糯米慈,滚，你要是不给十九个弟弟一个交代，你赶紧倒闭,17074
看一眼就会记住的id啊,太好笑了，你们搞的破规则破包装为什么要无辜粉丝来替你们承受损失，我买的奶一滴都没有浪费，那么难喝的和洗洁精一样的都不能称为是奶的东西，喝了就窜稀的东西，我一滴都没有浪费。就是因为不想浪费所以我买的奶还没有拆完，现在你说停就停了？我的钱是大风刮来的吗？还钱吗？,8846
Ac穁叶吖,退钱！滚蛋！,7616
Ac穁叶吖,滚吧什么垃圾节目啊把青春受害人的钱都退了！！！！,6143
别问我粉谁-追星可不得自己开心,退钱退钱退钱,5637
有什么事不能床上说,别干了，还钱,3847
keri·,所以还成团吗,2780
信号满格-Chase,小孩的梦想你拿什么赔?,2603
灵啾, 前几届做票要查查吗,2328
你也消磁吗,。。。。。。。。。。,1812
一南有点困,滚 快把小孩放出来,1802
·一元余额·,所以呢？,1465
蜜桃汽水乌龙茶,你赚了代言钱 蒙牛赚了奶钱 🐂 赚了中间钱 秀芬一直在花钱 求求你把未扫的奶卡钱的钱退了,52517
有钱了就买猫,所以到底延迟到什么时候 其他选手怎么办,31907
甜味儿宁宁·,赔钱赔钱赔钱赔钱赔钱赔钱赔钱赔钱赔钱赔钱赔钱赔钱赔钱赔钱赔钱赔钱赔钱赔钱赔钱赔钱赔钱赔钱赔钱赔钱赔钱赔钱赔钱赔钱赔钱,21143
咬一口糯米慈,滚，你要是不给十九个弟弟一个交代，你赶紧倒闭,17074
看一眼就会记住的id啊,太好笑了，你们搞的破规则破包装为什么要无辜粉丝来替你们承受损失，我买的奶一滴都没有浪费，那么难喝的和洗洁精一样的都不能称为是奶的东西，喝了就窜稀的东西，我一滴都没有浪费。就是因为不想浪费所以我买的奶还没有拆完，现在你说停就停了？我的钱是大风刮来的吗？还钱吗？,8847
Ac穁叶吖,退钱！滚蛋！,7616
Ac穁叶吖,滚吧什么垃圾节目啊把青春受害人的钱都退了！！！！,6143
别问我粉谁-追星可不得自己开心,退钱退钱退钱,5637
有什么事不能床上说,别干了，还钱,3847
keri·,所以还成团吗,2780
信号满格-Chase,小孩的梦想你拿什么赔?,2603
灵啾, 前几届做票要查查吗,2328
你也消磁吗,。。。。。。。。。。,1812
一南有点困,滚 快把小孩放出来,1802
·一元余额·,所以呢？,1465
蜜桃汽水乌龙茶,你赚了代言钱 蒙牛赚了奶钱 🐂 赚了中间钱 秀芬一直在花钱 求求你把未扫的奶卡钱的钱退了,52527
有钱了就买猫,所以到底延迟到什么时候 其他选手怎么办,31910
甜味儿宁宁·,赔钱赔钱赔钱赔钱赔钱赔钱赔钱赔钱赔钱赔钱赔钱赔钱赔钱赔钱赔钱赔钱赔钱赔钱赔钱赔钱赔钱赔钱赔钱赔钱赔钱赔钱赔钱赔钱赔钱,21145
咬一口糯米慈,滚，你要是不给十九个弟弟一个交代，你赶紧倒闭,17074
看一眼就会记住的id啊,太好笑了，你们搞的破规则破包装为什么要无辜粉丝来替你们承受损失，我买的奶一滴都没有浪费，那么难喝的和洗洁精一样的都不能称为是奶的东西，喝了就窜稀的东西，我一滴都没有浪费。就是因为不想浪费所以我买的奶还没有拆完，现在你说停就停了？我的钱是大风刮来的吗？还钱吗？,8849
Ac穁叶吖,退钱！滚蛋！,7618
Ac穁叶吖,滚吧什么垃圾节目啊把青春受害人的钱都退了！！！！,6143
别问我粉谁-追星可不得自己开心,退钱退钱退钱,5638
有什么事不能床上说,别干了，还钱,3847
keri·,所以还成团吗,2780
信号满格-Chase,小孩的梦想你拿什么赔?,2603
灵啾, 前几届做票要查查吗,2328
你也消磁吗,。。。。。。。。。。,1812
一南有点困,滚 快把小孩放出来,1802
·一元余额·,所以呢？,1465
蜜桃汽水乌龙茶,你赚了代言钱 蒙牛赚了奶钱 🐂 赚了中间钱 秀芬一直在花钱 求求你把未扫的奶卡钱的钱退了,52534
有钱了就买猫,所以到底延迟到什么时候 其他选手怎么办,31912
甜味儿宁宁·,赔钱赔钱赔钱赔钱赔钱赔钱赔钱赔钱赔钱赔钱赔钱赔钱赔钱赔钱赔钱赔钱赔钱赔钱赔钱赔钱赔钱赔钱赔钱赔钱赔钱赔钱赔钱赔钱赔钱,21147
咬一口糯米慈,滚，你要是不给十九个弟弟一个交代，你赶紧倒闭,17079
看一眼就会记住的id啊,太好笑了，你们搞的破规则破包装为什么要无辜粉丝来替你们承受损失，我买的奶一滴都没有浪费，那么难喝的和洗洁精一样的都不能称为是奶的东西，喝了就窜稀的东西，我一滴都没有浪费。就是因为不想浪费所以我买的奶还没有拆完，现在你说停就停了？我的钱是大风刮来的吗？还钱吗？,8849
Ac穁叶吖,退钱！滚蛋！,7618
Ac穁叶吖,滚吧什么垃圾节目啊把青春受害人的钱都退了！！！！,6144
别问我粉谁-追星可不得自己开心,退钱退钱退钱,5638
有什么事不能床上说,别干了，还钱,3847
keri·,所以还成团吗,2780
信号满格-Chase,小孩的梦想你拿什么赔?,2603
灵啾, 前几届做票要查查吗,2329
你也消磁吗,。。。。。。。。。。,1812
一南有点困,滚 快把小孩放出来,1803
·一元余额·,所以呢？,1465
蜜桃汽水乌龙茶,你赚了代言钱 蒙牛赚了奶钱 🐂 赚了中间钱 秀芬一直在花钱 求求你把未扫的奶卡钱的钱退了,52543
有钱了就买猫,所以到底延迟到什么时候 其他选手怎么办,31913
甜味儿宁宁·,赔钱赔钱赔钱赔钱赔钱赔钱赔钱赔钱赔钱赔钱赔钱赔钱赔钱赔钱赔钱赔钱赔钱赔钱赔钱赔钱赔钱赔钱赔钱赔钱赔钱赔钱赔钱赔钱赔钱,21148
咬一口糯米慈,滚，你要是不给十九个弟弟一个交代，你赶紧倒闭,17082
看一眼就会记住的id啊,太好笑了，你们搞的破规则破包装为什么要无辜粉丝来替你们承受损失，我买的奶一滴都没有浪费，那么难喝的和洗洁精一样的都不能称为是奶的东西，喝了就窜稀的东西，我一滴都没有浪费。就是因为不想浪费所以我买的奶还没有拆完，现在你说停就停了？我的钱是大风刮来的吗？还钱吗？,8851
Ac穁叶吖,退钱！滚蛋！,7618
Ac穁叶吖,滚吧什么垃圾节目啊把青春受害人的钱都退了！！！！,6145
别问我粉谁-追星可不得自己开心,退钱退钱退钱,5638
有什么事不能床上说,别干了，还钱,3848
keri·,所以还成团吗,2780
信号满格-Chase,小孩的梦想你拿什么赔?,2603
灵啾, 前几届做票要查查吗,2329
你也消磁吗,。。。。。。。。。。,1812
一南有点困,滚 快把小孩放出来,1803
·一元余额·,所以呢？,1465
蜜桃汽水乌龙茶,你赚了代言钱 蒙牛赚了奶钱 🐂 赚了中间钱 秀芬一直在花钱 求求你把未扫的奶卡钱的钱退了,52553
有钱了就买猫,所以到底延迟到什么时候 其他选手怎么办,31914
甜味儿宁宁·,赔钱赔钱赔钱赔钱赔钱赔钱赔钱赔钱赔钱赔钱赔钱赔钱赔钱赔钱赔钱赔钱赔钱赔钱赔钱赔钱赔钱赔钱赔钱赔钱赔钱赔钱赔钱赔钱赔钱,21148
咬一口糯米慈,滚，你要是不给十九个弟弟一个交代，你赶紧倒闭,17086
看一眼就会记住的id啊,太好笑了，你们搞的破规则破包装为什么要无辜粉丝来替你们承受损失，我买的奶一滴都没有浪费，那么难喝的和洗洁精一样的都不能称为是奶的东西，喝了就窜稀的东西，我一滴都没有浪费。就是因为不想浪费所以我买的奶还没有拆完，现在你说停就停了？我的钱是大风刮来的吗？还钱吗？,8853
Ac穁叶吖,退钱！滚蛋！,7618
Ac穁叶吖,滚吧什么垃圾节目啊把青春受害人的钱都退了！！！！,6146
别问我粉谁-追星可不得自己开心,退钱退钱退钱,5639
有什么事不能床上说,别干了，还钱,3848
keri·,所以还成团吗,2780
信号满格-Chase,小孩的梦想你拿什么赔?,2603
灵啾, 前几届做票要查查吗,2329
你也消磁吗,。。。。。。。。。。,1812
一南有点困,滚 快把小孩放出来,1803
·一元余额·,所以呢？,1465
