yyyyyhxi,印瓶盖里时候是怎么想的... ,188890
小帆船会过万重山,你放什么屁呢，不就是你们把二维码印在瓶盖里的吗？,141920
Heureuxdormez,奶票是你们卖的，奶是你们自己倒的，甩锅给秀芬做什么？我敢保证我买的奶一滴不剩全部都自己喝了 ,91122
职业磕颜选手,退钱吗？决赛怎么搞？,43992
星星星_starlights,你们能神隐？有一句道歉是对粉丝和制作人们说的吗？奶盖里面印着二维码现在把锅扣粉丝头上了？,34684
奶盖加糖不加冰_,所以呢？处理方案？,20254
米免的潮流生活,退💰,16506
甜野辣妹,少他妈让粉丝背锅，我们买的都是电子码的奶卡，你们中间有多少中间商环环相扣割粉丝的韭菜，反过来把倒奶的屎盆子扣粉丝头上了，粉丝花钱了还要给你们擦屁股 ,13950
·星佑初戀·,麻烦可以不要把无良黄牛行为安插在粉丝上吗？我所有买的奶全部都是发给同学大家一起喝，我一瓶都没有倒过，以偏概全真的好吗？花的是我自己的钱，还要被这样诋毁？,10765
难逃月色Vir-,今年大部分后援会或散粉组织都是捐给了福利院等  正式公告道歉+出解决方案🤗,6712
白白白大白w,投过奶的都知道领的奶卡是电子的吧 ,5895
·別吃太飽·,又当又立 你是真茶。,5313
一壹叁四,哦？你们的产业链 ,5217
宋清慈,视频中倒的15瓶一箱的奶市面上很难大量买到，而且大家助力大部分是买的电子二维码，到底是谁倒的奶,3865
橙儿味孙鸭鸭·syh,不把二维码引瓶盖会出这种破事么？这么大的赞助商怎么做事这么不严谨,3001
西行寺的幽幽子_,u1s1 我买的奶都是自己喝，喝不完的送舍友。。。搞不懂奶是谁倒的,2921
咋了叭叭叭叭,干嘛啊 奶是谁倒的你们最清楚了吧？为了挣秀粉的钱你们批量倒卖所谓的奶卡 秀粉买的是你们手里的电子码 现在被曝光了又让秀粉背锅 真有你们的啊我说,3323
梦想是走进有求必应屋,感觉倒奶事件是拿出来为某人挡枪的，懂得都懂，反正我买的奶都自己喝了,2351
·南極指北·,嗯嗯所以退钱,2843
夏天不要喝可乐,正常人都不希望自己买的奶被浪费被倒掉吧，我的奶都是自己喝完的，到底是谁在倒奶啊无语,2174
yyyyyhxi,印瓶盖里时候是怎么想的... ,188892
小帆船会过万重山,你放什么屁呢，不就是你们把二维码印在瓶盖里的吗？,141920
Heureuxdormez,奶票是你们卖的，奶是你们自己倒的，甩锅给秀芬做什么？我敢保证我买的奶一滴不剩全部都自己喝了 ,91123
职业磕颜选手,退钱吗？决赛怎么搞？,43992
星星星_starlights,你们能神隐？有一句道歉是对粉丝和制作人们说的吗？奶盖里面印着二维码现在把锅扣粉丝头上了？,34685
奶盖加糖不加冰_,所以呢？处理方案？,20254
米免的潮流生活,退💰,16507
甜野辣妹,少他妈让粉丝背锅，我们买的都是电子码的奶卡，你们中间有多少中间商环环相扣割粉丝的韭菜，反过来把倒奶的屎盆子扣粉丝头上了，粉丝花钱了还要给你们擦屁股 ,13950
·星佑初戀·,麻烦可以不要把无良黄牛行为安插在粉丝上吗？我所有买的奶全部都是发给同学大家一起喝，我一瓶都没有倒过，以偏概全真的好吗？花的是我自己的钱，还要被这样诋毁？,10765
难逃月色Vir-,今年大部分后援会或散粉组织都是捐给了福利院等  正式公告道歉+出解决方案🤗,6712
白白白大白w,投过奶的都知道领的奶卡是电子的吧 ,5895
·別吃太飽·,又当又立 你是真茶。,5313
一壹叁四,哦？你们的产业链 ,5217
宋清慈,视频中倒的15瓶一箱的奶市面上很难大量买到，而且大家助力大部分是买的电子二维码，到底是谁倒的奶,3865
橙儿味孙鸭鸭·syh,不把二维码引瓶盖会出这种破事么？这么大的赞助商怎么做事这么不严谨,3001
西行寺的幽幽子_,u1s1 我买的奶都是自己喝，喝不完的送舍友。。。搞不懂奶是谁倒的,2921
咋了叭叭叭叭,干嘛啊 奶是谁倒的你们最清楚了吧？为了挣秀粉的钱你们批量倒卖所谓的奶卡 秀粉买的是你们手里的电子码 现在被曝光了又让秀粉背锅 真有你们的啊我说,3323
梦想是走进有求必应屋,感觉倒奶事件是拿出来为某人挡枪的，懂得都懂，反正我买的奶都自己喝了,2351
·南極指北·,嗯嗯所以退钱,2843
夏天不要喝可乐,正常人都不希望自己买的奶被浪费被倒掉吧，我的奶都是自己喝完的，到底是谁在倒奶啊无语,2174
yyyyyhxi,印瓶盖里时候是怎么想的... ,188894
小帆船会过万重山,你放什么屁呢，不就是你们把二维码印在瓶盖里的吗？,141920
Heureuxdormez,奶票是你们卖的，奶是你们自己倒的，甩锅给秀芬做什么？我敢保证我买的奶一滴不剩全部都自己喝了 ,91123
职业磕颜选手,退钱吗？决赛怎么搞？,43992
星星星_starlights,你们能神隐？有一句道歉是对粉丝和制作人们说的吗？奶盖里面印着二维码现在把锅扣粉丝头上了？,34686
奶盖加糖不加冰_,所以呢？处理方案？,20254
米免的潮流生活,退💰,16507
甜野辣妹,少他妈让粉丝背锅，我们买的都是电子码的奶卡，你们中间有多少中间商环环相扣割粉丝的韭菜，反过来把倒奶的屎盆子扣粉丝头上了，粉丝花钱了还要给你们擦屁股 ,13950
·星佑初戀·,麻烦可以不要把无良黄牛行为安插在粉丝上吗？我所有买的奶全部都是发给同学大家一起喝，我一瓶都没有倒过，以偏概全真的好吗？花的是我自己的钱，还要被这样诋毁？,10765
难逃月色Vir-,今年大部分后援会或散粉组织都是捐给了福利院等  正式公告道歉+出解决方案🤗,6712
白白白大白w,投过奶的都知道领的奶卡是电子的吧 ,5895
·別吃太飽·,又当又立 你是真茶。,5313
一壹叁四,哦？你们的产业链 ,5217
宋清慈,视频中倒的15瓶一箱的奶市面上很难大量买到，而且大家助力大部分是买的电子二维码，到底是谁倒的奶,3865
橙儿味孙鸭鸭·syh,不把二维码引瓶盖会出这种破事么？这么大的赞助商怎么做事这么不严谨,3001
西行寺的幽幽子_,u1s1 我买的奶都是自己喝，喝不完的送舍友。。。搞不懂奶是谁倒的,2921
咋了叭叭叭叭,干嘛啊 奶是谁倒的你们最清楚了吧？为了挣秀粉的钱你们批量倒卖所谓的奶卡 秀粉买的是你们手里的电子码 现在被曝光了又让秀粉背锅 真有你们的啊我说,3323
梦想是走进有求必应屋,感觉倒奶事件是拿出来为某人挡枪的，懂得都懂，反正我买的奶都自己喝了,2352
·南極指北·,嗯嗯所以退钱,2843
夏天不要喝可乐,正常人都不希望自己买的奶被浪费被倒掉吧，我的奶都是自己喝完的，到底是谁在倒奶啊无语,2174
yyyyyhxi,印瓶盖里时候是怎么想的... ,188896
小帆船会过万重山,你放什么屁呢，不就是你们把二维码印在瓶盖里的吗？,141922
Heureuxdormez,奶票是你们卖的，奶是你们自己倒的，甩锅给秀芬做什么？我敢保证我买的奶一滴不剩全部都自己喝了 ,91124
职业磕颜选手,退钱吗？决赛怎么搞？,43993
星星星_starlights,你们能神隐？有一句道歉是对粉丝和制作人们说的吗？奶盖里面印着二维码现在把锅扣粉丝头上了？,34686
奶盖加糖不加冰_,所以呢？处理方案？,20254
米免的潮流生活,退💰,16508
甜野辣妹,少他妈让粉丝背锅，我们买的都是电子码的奶卡，你们中间有多少中间商环环相扣割粉丝的韭菜，反过来把倒奶的屎盆子扣粉丝头上了，粉丝花钱了还要给你们擦屁股 ,13950
·星佑初戀·,麻烦可以不要把无良黄牛行为安插在粉丝上吗？我所有买的奶全部都是发给同学大家一起喝，我一瓶都没有倒过，以偏概全真的好吗？花的是我自己的钱，还要被这样诋毁？,10765
难逃月色Vir-,今年大部分后援会或散粉组织都是捐给了福利院等  正式公告道歉+出解决方案🤗,6712
白白白大白w,投过奶的都知道领的奶卡是电子的吧 ,5895
·別吃太飽·,又当又立 你是真茶。,5313
一壹叁四,哦？你们的产业链 ,5217
宋清慈,视频中倒的15瓶一箱的奶市面上很难大量买到，而且大家助力大部分是买的电子二维码，到底是谁倒的奶,3865
橙儿味孙鸭鸭·syh,不把二维码引瓶盖会出这种破事么？这么大的赞助商怎么做事这么不严谨,3001
西行寺的幽幽子_,u1s1 我买的奶都是自己喝，喝不完的送舍友。。。搞不懂奶是谁倒的,2921
咋了叭叭叭叭,干嘛啊 奶是谁倒的你们最清楚了吧？为了挣秀粉的钱你们批量倒卖所谓的奶卡 秀粉买的是你们手里的电子码 现在被曝光了又让秀粉背锅 真有你们的啊我说,3323
梦想是走进有求必应屋,感觉倒奶事件是拿出来为某人挡枪的，懂得都懂，反正我买的奶都自己喝了,2352
·南極指北·,嗯嗯所以退钱,2843
夏天不要喝可乐,正常人都不希望自己买的奶被浪费被倒掉吧，我的奶都是自己喝完的，到底是谁在倒奶啊无语,2174
yyyyyhxi,印瓶盖里时候是怎么想的... ,188896
小帆船会过万重山,你放什么屁呢，不就是你们把二维码印在瓶盖里的吗？,141925
Heureuxdormez,奶票是你们卖的，奶是你们自己倒的，甩锅给秀芬做什么？我敢保证我买的奶一滴不剩全部都自己喝了 ,91124
职业磕颜选手,退钱吗？决赛怎么搞？,43993
星星星_starlights,你们能神隐？有一句道歉是对粉丝和制作人们说的吗？奶盖里面印着二维码现在把锅扣粉丝头上了？,34686
奶盖加糖不加冰_,所以呢？处理方案？,20254
米免的潮流生活,退💰,16508
甜野辣妹,少他妈让粉丝背锅，我们买的都是电子码的奶卡，你们中间有多少中间商环环相扣割粉丝的韭菜，反过来把倒奶的屎盆子扣粉丝头上了，粉丝花钱了还要给你们擦屁股 ,13950
·星佑初戀·,麻烦可以不要把无良黄牛行为安插在粉丝上吗？我所有买的奶全部都是发给同学大家一起喝，我一瓶都没有倒过，以偏概全真的好吗？花的是我自己的钱，还要被这样诋毁？,10765
难逃月色Vir-,今年大部分后援会或散粉组织都是捐给了福利院等  正式公告道歉+出解决方案🤗,6712
白白白大白w,投过奶的都知道领的奶卡是电子的吧 ,5895
·別吃太飽·,又当又立 你是真茶。,5313
一壹叁四,哦？你们的产业链 ,5217
宋清慈,视频中倒的15瓶一箱的奶市面上很难大量买到，而且大家助力大部分是买的电子二维码，到底是谁倒的奶,3865
橙儿味孙鸭鸭·syh,不把二维码引瓶盖会出这种破事么？这么大的赞助商怎么做事这么不严谨,3001
西行寺的幽幽子_,u1s1 我买的奶都是自己喝，喝不完的送舍友。。。搞不懂奶是谁倒的,2921
咋了叭叭叭叭,干嘛啊 奶是谁倒的你们最清楚了吧？为了挣秀粉的钱你们批量倒卖所谓的奶卡 秀粉买的是你们手里的电子码 现在被曝光了又让秀粉背锅 真有你们的啊我说,3323
梦想是走进有求必应屋,感觉倒奶事件是拿出来为某人挡枪的，懂得都懂，反正我买的奶都自己喝了,2352
·南極指北·,嗯嗯所以退钱,2843
夏天不要喝可乐,正常人都不希望自己买的奶被浪费被倒掉吧，我的奶都是自己喝完的，到底是谁在倒奶啊无语,2174
yyyyyhxi,印瓶盖里时候是怎么想的... ,188897
小帆船会过万重山,你放什么屁呢，不就是你们把二维码印在瓶盖里的吗？,141926
Heureuxdormez,奶票是你们卖的，奶是你们自己倒的，甩锅给秀芬做什么？我敢保证我买的奶一滴不剩全部都自己喝了 ,91124
职业磕颜选手,退钱吗？决赛怎么搞？,43993
星星星_starlights,你们能神隐？有一句道歉是对粉丝和制作人们说的吗？奶盖里面印着二维码现在把锅扣粉丝头上了？,34686
奶盖加糖不加冰_,所以呢？处理方案？,20254
米免的潮流生活,退💰,16508
甜野辣妹,少他妈让粉丝背锅，我们买的都是电子码的奶卡，你们中间有多少中间商环环相扣割粉丝的韭菜，反过来把倒奶的屎盆子扣粉丝头上了，粉丝花钱了还要给你们擦屁股 ,13950
·星佑初戀·,麻烦可以不要把无良黄牛行为安插在粉丝上吗？我所有买的奶全部都是发给同学大家一起喝，我一瓶都没有倒过，以偏概全真的好吗？花的是我自己的钱，还要被这样诋毁？,10765
难逃月色Vir-,今年大部分后援会或散粉组织都是捐给了福利院等  正式公告道歉+出解决方案🤗,6712
白白白大白w,投过奶的都知道领的奶卡是电子的吧 ,5895
·別吃太飽·,又当又立 你是真茶。,5313
一壹叁四,哦？你们的产业链 ,5217
宋清慈,视频中倒的15瓶一箱的奶市面上很难大量买到，而且大家助力大部分是买的电子二维码，到底是谁倒的奶,3865
橙儿味孙鸭鸭·syh,不把二维码引瓶盖会出这种破事么？这么大的赞助商怎么做事这么不严谨,3001
西行寺的幽幽子_,u1s1 我买的奶都是自己喝，喝不完的送舍友。。。搞不懂奶是谁倒的,2921
咋了叭叭叭叭,干嘛啊 奶是谁倒的你们最清楚了吧？为了挣秀粉的钱你们批量倒卖所谓的奶卡 秀粉买的是你们手里的电子码 现在被曝光了又让秀粉背锅 真有你们的啊我说,3324
梦想是走进有求必应屋,感觉倒奶事件是拿出来为某人挡枪的，懂得都懂，反正我买的奶都自己喝了,2352
·南極指北·,嗯嗯所以退钱,2843
夏天不要喝可乐,正常人都不希望自己买的奶被浪费被倒掉吧，我的奶都是自己喝完的，到底是谁在倒奶啊无语,2174
yyyyyhxi,印瓶盖里时候是怎么想的... ,188900
小帆船会过万重山,你放什么屁呢，不就是你们把二维码印在瓶盖里的吗？,141927
Heureuxdormez,奶票是你们卖的，奶是你们自己倒的，甩锅给秀芬做什么？我敢保证我买的奶一滴不剩全部都自己喝了 ,91125
职业磕颜选手,退钱吗？决赛怎么搞？,43993
星星星_starlights,你们能神隐？有一句道歉是对粉丝和制作人们说的吗？奶盖里面印着二维码现在把锅扣粉丝头上了？,34686
奶盖加糖不加冰_,所以呢？处理方案？,20254
米免的潮流生活,退💰,16508
甜野辣妹,少他妈让粉丝背锅，我们买的都是电子码的奶卡，你们中间有多少中间商环环相扣割粉丝的韭菜，反过来把倒奶的屎盆子扣粉丝头上了，粉丝花钱了还要给你们擦屁股 ,13950
·星佑初戀·,麻烦可以不要把无良黄牛行为安插在粉丝上吗？我所有买的奶全部都是发给同学大家一起喝，我一瓶都没有倒过，以偏概全真的好吗？花的是我自己的钱，还要被这样诋毁？,10765
难逃月色Vir-,今年大部分后援会或散粉组织都是捐给了福利院等  正式公告道歉+出解决方案🤗,6712
白白白大白w,投过奶的都知道领的奶卡是电子的吧 ,5895
·別吃太飽·,又当又立 你是真茶。,5313
一壹叁四,哦？你们的产业链 ,5217
宋清慈,视频中倒的15瓶一箱的奶市面上很难大量买到，而且大家助力大部分是买的电子二维码，到底是谁倒的奶,3865
橙儿味孙鸭鸭·syh,不把二维码引瓶盖会出这种破事么？这么大的赞助商怎么做事这么不严谨,3001
西行寺的幽幽子_,u1s1 我买的奶都是自己喝，喝不完的送舍友。。。搞不懂奶是谁倒的,2921
咋了叭叭叭叭,干嘛啊 奶是谁倒的你们最清楚了吧？为了挣秀粉的钱你们批量倒卖所谓的奶卡 秀粉买的是你们手里的电子码 现在被曝光了又让秀粉背锅 真有你们的啊我说,3324
梦想是走进有求必应屋,感觉倒奶事件是拿出来为某人挡枪的，懂得都懂，反正我买的奶都自己喝了,2352
·南極指北·,嗯嗯所以退钱,2843
夏天不要喝可乐,正常人都不希望自己买的奶被浪费被倒掉吧，我的奶都是自己喝完的，到底是谁在倒奶啊无语,2174
yyyyyhxi,印瓶盖里时候是怎么想的... ,188901
小帆船会过万重山,你放什么屁呢，不就是你们把二维码印在瓶盖里的吗？,141929
Heureuxdormez,奶票是你们卖的，奶是你们自己倒的，甩锅给秀芬做什么？我敢保证我买的奶一滴不剩全部都自己喝了 ,91129
职业磕颜选手,退钱吗？决赛怎么搞？,43994
星星星_starlights,你们能神隐？有一句道歉是对粉丝和制作人们说的吗？奶盖里面印着二维码现在把锅扣粉丝头上了？,34686
奶盖加糖不加冰_,所以呢？处理方案？,20254
米免的潮流生活,退💰,16508
甜野辣妹,少他妈让粉丝背锅，我们买的都是电子码的奶卡，你们中间有多少中间商环环相扣割粉丝的韭菜，反过来把倒奶的屎盆子扣粉丝头上了，粉丝花钱了还要给你们擦屁股 ,13950
·星佑初戀·,麻烦可以不要把无良黄牛行为安插在粉丝上吗？我所有买的奶全部都是发给同学大家一起喝，我一瓶都没有倒过，以偏概全真的好吗？花的是我自己的钱，还要被这样诋毁？,10765
难逃月色Vir-,今年大部分后援会或散粉组织都是捐给了福利院等  正式公告道歉+出解决方案🤗,6712
白白白大白w,投过奶的都知道领的奶卡是电子的吧 ,5895
·別吃太飽·,又当又立 你是真茶。,5313
一壹叁四,哦？你们的产业链 ,5217
宋清慈,视频中倒的15瓶一箱的奶市面上很难大量买到，而且大家助力大部分是买的电子二维码，到底是谁倒的奶,3865
橙儿味孙鸭鸭·syh,不把二维码引瓶盖会出这种破事么？这么大的赞助商怎么做事这么不严谨,3001
西行寺的幽幽子_,u1s1 我买的奶都是自己喝，喝不完的送舍友。。。搞不懂奶是谁倒的,2921
咋了叭叭叭叭,干嘛啊 奶是谁倒的你们最清楚了吧？为了挣秀粉的钱你们批量倒卖所谓的奶卡 秀粉买的是你们手里的电子码 现在被曝光了又让秀粉背锅 真有你们的啊我说,3324
梦想是走进有求必应屋,感觉倒奶事件是拿出来为某人挡枪的，懂得都懂，反正我买的奶都自己喝了,2352
·南極指北·,嗯嗯所以退钱,2843
夏天不要喝可乐,正常人都不希望自己买的奶被浪费被倒掉吧，我的奶都是自己喝完的，到底是谁在倒奶啊无语,2174
yyyyyhxi,印瓶盖里时候是怎么想的... ,188907
小帆船会过万重山,你放什么屁呢，不就是你们把二维码印在瓶盖里的吗？,141937
Heureuxdormez,奶票是你们卖的，奶是你们自己倒的，甩锅给秀芬做什么？我敢保证我买的奶一滴不剩全部都自己喝了 ,91132
职业磕颜选手,退钱吗？决赛怎么搞？,43995
星星星_starlights,你们能神隐？有一句道歉是对粉丝和制作人们说的吗？奶盖里面印着二维码现在把锅扣粉丝头上了？,34687
奶盖加糖不加冰_,所以呢？处理方案？,20254
米免的潮流生活,退💰,16508
甜野辣妹,少他妈让粉丝背锅，我们买的都是电子码的奶卡，你们中间有多少中间商环环相扣割粉丝的韭菜，反过来把倒奶的屎盆子扣粉丝头上了，粉丝花钱了还要给你们擦屁股 ,13951
·星佑初戀·,麻烦可以不要把无良黄牛行为安插在粉丝上吗？我所有买的奶全部都是发给同学大家一起喝，我一瓶都没有倒过，以偏概全真的好吗？花的是我自己的钱，还要被这样诋毁？,10766
难逃月色Vir-,今年大部分后援会或散粉组织都是捐给了福利院等  正式公告道歉+出解决方案🤗,6712
白白白大白w,投过奶的都知道领的奶卡是电子的吧 ,5895
·別吃太飽·,又当又立 你是真茶。,5313
一壹叁四,哦？你们的产业链 ,5218
宋清慈,视频中倒的15瓶一箱的奶市面上很难大量买到，而且大家助力大部分是买的电子二维码，到底是谁倒的奶,3866
橙儿味孙鸭鸭·syh,不把二维码引瓶盖会出这种破事么？这么大的赞助商怎么做事这么不严谨,3001
西行寺的幽幽子_,u1s1 我买的奶都是自己喝，喝不完的送舍友。。。搞不懂奶是谁倒的,2921
咋了叭叭叭叭,干嘛啊 奶是谁倒的你们最清楚了吧？为了挣秀粉的钱你们批量倒卖所谓的奶卡 秀粉买的是你们手里的电子码 现在被曝光了又让秀粉背锅 真有你们的啊我说,3324
梦想是走进有求必应屋,感觉倒奶事件是拿出来为某人挡枪的，懂得都懂，反正我买的奶都自己喝了,2353
·南極指北·,嗯嗯所以退钱,2843
夏天不要喝可乐,正常人都不希望自己买的奶被浪费被倒掉吧，我的奶都是自己喝完的，到底是谁在倒奶啊无语,2174
yyyyyhxi,印瓶盖里时候是怎么想的... ,188914
小帆船会过万重山,你放什么屁呢，不就是你们把二维码印在瓶盖里的吗？,141937
Heureuxdormez,奶票是你们卖的，奶是你们自己倒的，甩锅给秀芬做什么？我敢保证我买的奶一滴不剩全部都自己喝了 ,91133
职业磕颜选手,退钱吗？决赛怎么搞？,43995
星星星_starlights,你们能神隐？有一句道歉是对粉丝和制作人们说的吗？奶盖里面印着二维码现在把锅扣粉丝头上了？,34687
奶盖加糖不加冰_,所以呢？处理方案？,20254
米免的潮流生活,退💰,16508
甜野辣妹,少他妈让粉丝背锅，我们买的都是电子码的奶卡，你们中间有多少中间商环环相扣割粉丝的韭菜，反过来把倒奶的屎盆子扣粉丝头上了，粉丝花钱了还要给你们擦屁股 ,13951
·星佑初戀·,麻烦可以不要把无良黄牛行为安插在粉丝上吗？我所有买的奶全部都是发给同学大家一起喝，我一瓶都没有倒过，以偏概全真的好吗？花的是我自己的钱，还要被这样诋毁？,10766
难逃月色Vir-,今年大部分后援会或散粉组织都是捐给了福利院等  正式公告道歉+出解决方案🤗,6712
白白白大白w,投过奶的都知道领的奶卡是电子的吧 ,5895
·別吃太飽·,又当又立 你是真茶。,5313
一壹叁四,哦？你们的产业链 ,5218
宋清慈,视频中倒的15瓶一箱的奶市面上很难大量买到，而且大家助力大部分是买的电子二维码，到底是谁倒的奶,3866
橙儿味孙鸭鸭·syh,不把二维码引瓶盖会出这种破事么？这么大的赞助商怎么做事这么不严谨,3001
西行寺的幽幽子_,u1s1 我买的奶都是自己喝，喝不完的送舍友。。。搞不懂奶是谁倒的,2921
咋了叭叭叭叭,干嘛啊 奶是谁倒的你们最清楚了吧？为了挣秀粉的钱你们批量倒卖所谓的奶卡 秀粉买的是你们手里的电子码 现在被曝光了又让秀粉背锅 真有你们的啊我说,3324
梦想是走进有求必应屋,感觉倒奶事件是拿出来为某人挡枪的，懂得都懂，反正我买的奶都自己喝了,2353
·南極指北·,嗯嗯所以退钱,2843
夏天不要喝可乐,正常人都不希望自己买的奶被浪费被倒掉吧，我的奶都是自己喝完的，到底是谁在倒奶啊无语,2174
yyyyyhxi,印瓶盖里时候是怎么想的... ,188915
小帆船会过万重山,你放什么屁呢，不就是你们把二维码印在瓶盖里的吗？,141937
Heureuxdormez,奶票是你们卖的，奶是你们自己倒的，甩锅给秀芬做什么？我敢保证我买的奶一滴不剩全部都自己喝了 ,91133
职业磕颜选手,退钱吗？决赛怎么搞？,43995
星星星_starlights,你们能神隐？有一句道歉是对粉丝和制作人们说的吗？奶盖里面印着二维码现在把锅扣粉丝头上了？,34689
奶盖加糖不加冰_,所以呢？处理方案？,20255
米免的潮流生活,退💰,16508
甜野辣妹,少他妈让粉丝背锅，我们买的都是电子码的奶卡，你们中间有多少中间商环环相扣割粉丝的韭菜，反过来把倒奶的屎盆子扣粉丝头上了，粉丝花钱了还要给你们擦屁股 ,13951
·星佑初戀·,麻烦可以不要把无良黄牛行为安插在粉丝上吗？我所有买的奶全部都是发给同学大家一起喝，我一瓶都没有倒过，以偏概全真的好吗？花的是我自己的钱，还要被这样诋毁？,10766
难逃月色Vir-,今年大部分后援会或散粉组织都是捐给了福利院等  正式公告道歉+出解决方案🤗,6712
白白白大白w,投过奶的都知道领的奶卡是电子的吧 ,5895
·別吃太飽·,又当又立 你是真茶。,5314
一壹叁四,哦？你们的产业链 ,5218
宋清慈,视频中倒的15瓶一箱的奶市面上很难大量买到，而且大家助力大部分是买的电子二维码，到底是谁倒的奶,3866
橙儿味孙鸭鸭·syh,不把二维码引瓶盖会出这种破事么？这么大的赞助商怎么做事这么不严谨,3001
西行寺的幽幽子_,u1s1 我买的奶都是自己喝，喝不完的送舍友。。。搞不懂奶是谁倒的,2921
咋了叭叭叭叭,干嘛啊 奶是谁倒的你们最清楚了吧？为了挣秀粉的钱你们批量倒卖所谓的奶卡 秀粉买的是你们手里的电子码 现在被曝光了又让秀粉背锅 真有你们的啊我说,3324
梦想是走进有求必应屋,感觉倒奶事件是拿出来为某人挡枪的，懂得都懂，反正我买的奶都自己喝了,2353
·南極指北·,嗯嗯所以退钱,2844
夏天不要喝可乐,正常人都不希望自己买的奶被浪费被倒掉吧，我的奶都是自己喝完的，到底是谁在倒奶啊无语,2174
yyyyyhxi,印瓶盖里时候是怎么想的... ,188918
小帆船会过万重山,你放什么屁呢，不就是你们把二维码印在瓶盖里的吗？,141940
Heureuxdormez,奶票是你们卖的，奶是你们自己倒的，甩锅给秀芬做什么？我敢保证我买的奶一滴不剩全部都自己喝了 ,91135
职业磕颜选手,退钱吗？决赛怎么搞？,43995
星星星_starlights,你们能神隐？有一句道歉是对粉丝和制作人们说的吗？奶盖里面印着二维码现在把锅扣粉丝头上了？,34689
奶盖加糖不加冰_,所以呢？处理方案？,20255
米免的潮流生活,退💰,16509
甜野辣妹,少他妈让粉丝背锅，我们买的都是电子码的奶卡，你们中间有多少中间商环环相扣割粉丝的韭菜，反过来把倒奶的屎盆子扣粉丝头上了，粉丝花钱了还要给你们擦屁股 ,13951
·星佑初戀·,麻烦可以不要把无良黄牛行为安插在粉丝上吗？我所有买的奶全部都是发给同学大家一起喝，我一瓶都没有倒过，以偏概全真的好吗？花的是我自己的钱，还要被这样诋毁？,10767
难逃月色Vir-,今年大部分后援会或散粉组织都是捐给了福利院等  正式公告道歉+出解决方案🤗,6712
白白白大白w,投过奶的都知道领的奶卡是电子的吧 ,5895
·別吃太飽·,又当又立 你是真茶。,5314
一壹叁四,哦？你们的产业链 ,5218
宋清慈,视频中倒的15瓶一箱的奶市面上很难大量买到，而且大家助力大部分是买的电子二维码，到底是谁倒的奶,3866
橙儿味孙鸭鸭·syh,不把二维码引瓶盖会出这种破事么？这么大的赞助商怎么做事这么不严谨,3001
西行寺的幽幽子_,u1s1 我买的奶都是自己喝，喝不完的送舍友。。。搞不懂奶是谁倒的,2921
咋了叭叭叭叭,干嘛啊 奶是谁倒的你们最清楚了吧？为了挣秀粉的钱你们批量倒卖所谓的奶卡 秀粉买的是你们手里的电子码 现在被曝光了又让秀粉背锅 真有你们的啊我说,3324
梦想是走进有求必应屋,感觉倒奶事件是拿出来为某人挡枪的，懂得都懂，反正我买的奶都自己喝了,2353
·南極指北·,嗯嗯所以退钱,2844
夏天不要喝可乐,正常人都不希望自己买的奶被浪费被倒掉吧，我的奶都是自己喝完的，到底是谁在倒奶啊无语,2174
yyyyyhxi,印瓶盖里时候是怎么想的... ,188919
小帆船会过万重山,你放什么屁呢，不就是你们把二维码印在瓶盖里的吗？,141942
Heureuxdormez,奶票是你们卖的，奶是你们自己倒的，甩锅给秀芬做什么？我敢保证我买的奶一滴不剩全部都自己喝了 ,91137
职业磕颜选手,退钱吗？决赛怎么搞？,43995
星星星_starlights,你们能神隐？有一句道歉是对粉丝和制作人们说的吗？奶盖里面印着二维码现在把锅扣粉丝头上了？,34689
奶盖加糖不加冰_,所以呢？处理方案？,20255
米免的潮流生活,退💰,16509
甜野辣妹,少他妈让粉丝背锅，我们买的都是电子码的奶卡，你们中间有多少中间商环环相扣割粉丝的韭菜，反过来把倒奶的屎盆子扣粉丝头上了，粉丝花钱了还要给你们擦屁股 ,13951
·星佑初戀·,麻烦可以不要把无良黄牛行为安插在粉丝上吗？我所有买的奶全部都是发给同学大家一起喝，我一瓶都没有倒过，以偏概全真的好吗？花的是我自己的钱，还要被这样诋毁？,10768
难逃月色Vir-,今年大部分后援会或散粉组织都是捐给了福利院等  正式公告道歉+出解决方案🤗,6712
白白白大白w,投过奶的都知道领的奶卡是电子的吧 ,5895
·別吃太飽·,又当又立 你是真茶。,5314
一壹叁四,哦？你们的产业链 ,5218
宋清慈,视频中倒的15瓶一箱的奶市面上很难大量买到，而且大家助力大部分是买的电子二维码，到底是谁倒的奶,3866
橙儿味孙鸭鸭·syh,不把二维码引瓶盖会出这种破事么？这么大的赞助商怎么做事这么不严谨,3001
西行寺的幽幽子_,u1s1 我买的奶都是自己喝，喝不完的送舍友。。。搞不懂奶是谁倒的,2921
咋了叭叭叭叭,干嘛啊 奶是谁倒的你们最清楚了吧？为了挣秀粉的钱你们批量倒卖所谓的奶卡 秀粉买的是你们手里的电子码 现在被曝光了又让秀粉背锅 真有你们的啊我说,3325
梦想是走进有求必应屋,感觉倒奶事件是拿出来为某人挡枪的，懂得都懂，反正我买的奶都自己喝了,2353
·南極指北·,嗯嗯所以退钱,2844
夏天不要喝可乐,正常人都不希望自己买的奶被浪费被倒掉吧，我的奶都是自己喝完的，到底是谁在倒奶啊无语,2175
yyyyyhxi,印瓶盖里时候是怎么想的... ,188920
小帆船会过万重山,你放什么屁呢，不就是你们把二维码印在瓶盖里的吗？,141943
Heureuxdormez,奶票是你们卖的，奶是你们自己倒的，甩锅给秀芬做什么？我敢保证我买的奶一滴不剩全部都自己喝了 ,91138
职业磕颜选手,退钱吗？决赛怎么搞？,43995
星星星_starlights,你们能神隐？有一句道歉是对粉丝和制作人们说的吗？奶盖里面印着二维码现在把锅扣粉丝头上了？,34689
奶盖加糖不加冰_,所以呢？处理方案？,20255
米免的潮流生活,退💰,16509
甜野辣妹,少他妈让粉丝背锅，我们买的都是电子码的奶卡，你们中间有多少中间商环环相扣割粉丝的韭菜，反过来把倒奶的屎盆子扣粉丝头上了，粉丝花钱了还要给你们擦屁股 ,13952
·星佑初戀·,麻烦可以不要把无良黄牛行为安插在粉丝上吗？我所有买的奶全部都是发给同学大家一起喝，我一瓶都没有倒过，以偏概全真的好吗？花的是我自己的钱，还要被这样诋毁？,10768
难逃月色Vir-,今年大部分后援会或散粉组织都是捐给了福利院等  正式公告道歉+出解决方案🤗,6712
白白白大白w,投过奶的都知道领的奶卡是电子的吧 ,5895
·別吃太飽·,又当又立 你是真茶。,5314
一壹叁四,哦？你们的产业链 ,5218
宋清慈,视频中倒的15瓶一箱的奶市面上很难大量买到，而且大家助力大部分是买的电子二维码，到底是谁倒的奶,3866
橙儿味孙鸭鸭·syh,不把二维码引瓶盖会出这种破事么？这么大的赞助商怎么做事这么不严谨,3001
西行寺的幽幽子_,u1s1 我买的奶都是自己喝，喝不完的送舍友。。。搞不懂奶是谁倒的,2921
咋了叭叭叭叭,干嘛啊 奶是谁倒的你们最清楚了吧？为了挣秀粉的钱你们批量倒卖所谓的奶卡 秀粉买的是你们手里的电子码 现在被曝光了又让秀粉背锅 真有你们的啊我说,3325
梦想是走进有求必应屋,感觉倒奶事件是拿出来为某人挡枪的，懂得都懂，反正我买的奶都自己喝了,2353
·南極指北·,嗯嗯所以退钱,2844
夏天不要喝可乐,正常人都不希望自己买的奶被浪费被倒掉吧，我的奶都是自己喝完的，到底是谁在倒奶啊无语,2175
yyyyyhxi,印瓶盖里时候是怎么想的... ,188922
小帆船会过万重山,你放什么屁呢，不就是你们把二维码印在瓶盖里的吗？,141945
Heureuxdormez,奶票是你们卖的，奶是你们自己倒的，甩锅给秀芬做什么？我敢保证我买的奶一滴不剩全部都自己喝了 ,91140
职业磕颜选手,退钱吗？决赛怎么搞？,43995
星星星_starlights,你们能神隐？有一句道歉是对粉丝和制作人们说的吗？奶盖里面印着二维码现在把锅扣粉丝头上了？,34689
奶盖加糖不加冰_,所以呢？处理方案？,20255
米免的潮流生活,退💰,16509
甜野辣妹,少他妈让粉丝背锅，我们买的都是电子码的奶卡，你们中间有多少中间商环环相扣割粉丝的韭菜，反过来把倒奶的屎盆子扣粉丝头上了，粉丝花钱了还要给你们擦屁股 ,13952
·星佑初戀·,麻烦可以不要把无良黄牛行为安插在粉丝上吗？我所有买的奶全部都是发给同学大家一起喝，我一瓶都没有倒过，以偏概全真的好吗？花的是我自己的钱，还要被这样诋毁？,10768
难逃月色Vir-,今年大部分后援会或散粉组织都是捐给了福利院等  正式公告道歉+出解决方案🤗,6713
白白白大白w,投过奶的都知道领的奶卡是电子的吧 ,5895
·別吃太飽·,又当又立 你是真茶。,5314
一壹叁四,哦？你们的产业链 ,5218
宋清慈,视频中倒的15瓶一箱的奶市面上很难大量买到，而且大家助力大部分是买的电子二维码，到底是谁倒的奶,3866
橙儿味孙鸭鸭·syh,不把二维码引瓶盖会出这种破事么？这么大的赞助商怎么做事这么不严谨,3001
西行寺的幽幽子_,u1s1 我买的奶都是自己喝，喝不完的送舍友。。。搞不懂奶是谁倒的,2921
咋了叭叭叭叭,干嘛啊 奶是谁倒的你们最清楚了吧？为了挣秀粉的钱你们批量倒卖所谓的奶卡 秀粉买的是你们手里的电子码 现在被曝光了又让秀粉背锅 真有你们的啊我说,3325
梦想是走进有求必应屋,感觉倒奶事件是拿出来为某人挡枪的，懂得都懂，反正我买的奶都自己喝了,2353
·南極指北·,嗯嗯所以退钱,2844
夏天不要喝可乐,正常人都不希望自己买的奶被浪费被倒掉吧，我的奶都是自己喝完的，到底是谁在倒奶啊无语,2175
yyyyyhxi,印瓶盖里时候是怎么想的... ,188923
小帆船会过万重山,你放什么屁呢，不就是你们把二维码印在瓶盖里的吗？,141947
Heureuxdormez,奶票是你们卖的，奶是你们自己倒的，甩锅给秀芬做什么？我敢保证我买的奶一滴不剩全部都自己喝了 ,91140
职业磕颜选手,退钱吗？决赛怎么搞？,43995
星星星_starlights,你们能神隐？有一句道歉是对粉丝和制作人们说的吗？奶盖里面印着二维码现在把锅扣粉丝头上了？,34690
奶盖加糖不加冰_,所以呢？处理方案？,20256
米免的潮流生活,退💰,16509
甜野辣妹,少他妈让粉丝背锅，我们买的都是电子码的奶卡，你们中间有多少中间商环环相扣割粉丝的韭菜，反过来把倒奶的屎盆子扣粉丝头上了，粉丝花钱了还要给你们擦屁股 ,13952
·星佑初戀·,麻烦可以不要把无良黄牛行为安插在粉丝上吗？我所有买的奶全部都是发给同学大家一起喝，我一瓶都没有倒过，以偏概全真的好吗？花的是我自己的钱，还要被这样诋毁？,10768
难逃月色Vir-,今年大部分后援会或散粉组织都是捐给了福利院等  正式公告道歉+出解决方案🤗,6713
白白白大白w,投过奶的都知道领的奶卡是电子的吧 ,5895
·別吃太飽·,又当又立 你是真茶。,5314
一壹叁四,哦？你们的产业链 ,5218
宋清慈,视频中倒的15瓶一箱的奶市面上很难大量买到，而且大家助力大部分是买的电子二维码，到底是谁倒的奶,3866
橙儿味孙鸭鸭·syh,不把二维码引瓶盖会出这种破事么？这么大的赞助商怎么做事这么不严谨,3001
西行寺的幽幽子_,u1s1 我买的奶都是自己喝，喝不完的送舍友。。。搞不懂奶是谁倒的,2921
咋了叭叭叭叭,干嘛啊 奶是谁倒的你们最清楚了吧？为了挣秀粉的钱你们批量倒卖所谓的奶卡 秀粉买的是你们手里的电子码 现在被曝光了又让秀粉背锅 真有你们的啊我说,3325
梦想是走进有求必应屋,感觉倒奶事件是拿出来为某人挡枪的，懂得都懂，反正我买的奶都自己喝了,2353
·南極指北·,嗯嗯所以退钱,2844
夏天不要喝可乐,正常人都不希望自己买的奶被浪费被倒掉吧，我的奶都是自己喝完的，到底是谁在倒奶啊无语,2175
yyyyyhxi,印瓶盖里时候是怎么想的... ,188923
小帆船会过万重山,你放什么屁呢，不就是你们把二维码印在瓶盖里的吗？,141950
Heureuxdormez,奶票是你们卖的，奶是你们自己倒的，甩锅给秀芬做什么？我敢保证我买的奶一滴不剩全部都自己喝了 ,91142
职业磕颜选手,退钱吗？决赛怎么搞？,43995
星星星_starlights,你们能神隐？有一句道歉是对粉丝和制作人们说的吗？奶盖里面印着二维码现在把锅扣粉丝头上了？,34690
奶盖加糖不加冰_,所以呢？处理方案？,20256
米免的潮流生活,退💰,16511
甜野辣妹,少他妈让粉丝背锅，我们买的都是电子码的奶卡，你们中间有多少中间商环环相扣割粉丝的韭菜，反过来把倒奶的屎盆子扣粉丝头上了，粉丝花钱了还要给你们擦屁股 ,13952
·星佑初戀·,麻烦可以不要把无良黄牛行为安插在粉丝上吗？我所有买的奶全部都是发给同学大家一起喝，我一瓶都没有倒过，以偏概全真的好吗？花的是我自己的钱，还要被这样诋毁？,10768
难逃月色Vir-,今年大部分后援会或散粉组织都是捐给了福利院等  正式公告道歉+出解决方案🤗,6713
白白白大白w,投过奶的都知道领的奶卡是电子的吧 ,5895
·別吃太飽·,又当又立 你是真茶。,5314
一壹叁四,哦？你们的产业链 ,5218
宋清慈,视频中倒的15瓶一箱的奶市面上很难大量买到，而且大家助力大部分是买的电子二维码，到底是谁倒的奶,3866
橙儿味孙鸭鸭·syh,不把二维码引瓶盖会出这种破事么？这么大的赞助商怎么做事这么不严谨,3001
西行寺的幽幽子_,u1s1 我买的奶都是自己喝，喝不完的送舍友。。。搞不懂奶是谁倒的,2921
咋了叭叭叭叭,干嘛啊 奶是谁倒的你们最清楚了吧？为了挣秀粉的钱你们批量倒卖所谓的奶卡 秀粉买的是你们手里的电子码 现在被曝光了又让秀粉背锅 真有你们的啊我说,3325
梦想是走进有求必应屋,感觉倒奶事件是拿出来为某人挡枪的，懂得都懂，反正我买的奶都自己喝了,2353
·南極指北·,嗯嗯所以退钱,2844
夏天不要喝可乐,正常人都不希望自己买的奶被浪费被倒掉吧，我的奶都是自己喝完的，到底是谁在倒奶啊无语,2175
yyyyyhxi,印瓶盖里时候是怎么想的... ,188925
小帆船会过万重山,你放什么屁呢，不就是你们把二维码印在瓶盖里的吗？,141952
Heureuxdormez,奶票是你们卖的，奶是你们自己倒的，甩锅给秀芬做什么？我敢保证我买的奶一滴不剩全部都自己喝了 ,91142
职业磕颜选手,退钱吗？决赛怎么搞？,43996
星星星_starlights,你们能神隐？有一句道歉是对粉丝和制作人们说的吗？奶盖里面印着二维码现在把锅扣粉丝头上了？,34690
奶盖加糖不加冰_,所以呢？处理方案？,20256
米免的潮流生活,退💰,16511
甜野辣妹,少他妈让粉丝背锅，我们买的都是电子码的奶卡，你们中间有多少中间商环环相扣割粉丝的韭菜，反过来把倒奶的屎盆子扣粉丝头上了，粉丝花钱了还要给你们擦屁股 ,13952
·星佑初戀·,麻烦可以不要把无良黄牛行为安插在粉丝上吗？我所有买的奶全部都是发给同学大家一起喝，我一瓶都没有倒过，以偏概全真的好吗？花的是我自己的钱，还要被这样诋毁？,10768
难逃月色Vir-,今年大部分后援会或散粉组织都是捐给了福利院等  正式公告道歉+出解决方案🤗,6713
白白白大白w,投过奶的都知道领的奶卡是电子的吧 ,5895
·別吃太飽·,又当又立 你是真茶。,5314
一壹叁四,哦？你们的产业链 ,5219
宋清慈,视频中倒的15瓶一箱的奶市面上很难大量买到，而且大家助力大部分是买的电子二维码，到底是谁倒的奶,3866
橙儿味孙鸭鸭·syh,不把二维码引瓶盖会出这种破事么？这么大的赞助商怎么做事这么不严谨,3001
西行寺的幽幽子_,u1s1 我买的奶都是自己喝，喝不完的送舍友。。。搞不懂奶是谁倒的,2921
咋了叭叭叭叭,干嘛啊 奶是谁倒的你们最清楚了吧？为了挣秀粉的钱你们批量倒卖所谓的奶卡 秀粉买的是你们手里的电子码 现在被曝光了又让秀粉背锅 真有你们的啊我说,3325
梦想是走进有求必应屋,感觉倒奶事件是拿出来为某人挡枪的，懂得都懂，反正我买的奶都自己喝了,2354
·南極指北·,嗯嗯所以退钱,2844
夏天不要喝可乐,正常人都不希望自己买的奶被浪费被倒掉吧，我的奶都是自己喝完的，到底是谁在倒奶啊无语,2175
yyyyyhxi,印瓶盖里时候是怎么想的... ,188927
小帆船会过万重山,你放什么屁呢，不就是你们把二维码印在瓶盖里的吗？,141952
Heureuxdormez,奶票是你们卖的，奶是你们自己倒的，甩锅给秀芬做什么？我敢保证我买的奶一滴不剩全部都自己喝了 ,91142
职业磕颜选手,退钱吗？决赛怎么搞？,43997
星星星_starlights,你们能神隐？有一句道歉是对粉丝和制作人们说的吗？奶盖里面印着二维码现在把锅扣粉丝头上了？,34690
奶盖加糖不加冰_,所以呢？处理方案？,20256
米免的潮流生活,退💰,16511
甜野辣妹,少他妈让粉丝背锅，我们买的都是电子码的奶卡，你们中间有多少中间商环环相扣割粉丝的韭菜，反过来把倒奶的屎盆子扣粉丝头上了，粉丝花钱了还要给你们擦屁股 ,13952
·星佑初戀·,麻烦可以不要把无良黄牛行为安插在粉丝上吗？我所有买的奶全部都是发给同学大家一起喝，我一瓶都没有倒过，以偏概全真的好吗？花的是我自己的钱，还要被这样诋毁？,10768
难逃月色Vir-,今年大部分后援会或散粉组织都是捐给了福利院等  正式公告道歉+出解决方案🤗,6713
白白白大白w,投过奶的都知道领的奶卡是电子的吧 ,5895
·別吃太飽·,又当又立 你是真茶。,5314
一壹叁四,哦？你们的产业链 ,5219
宋清慈,视频中倒的15瓶一箱的奶市面上很难大量买到，而且大家助力大部分是买的电子二维码，到底是谁倒的奶,3866
橙儿味孙鸭鸭·syh,不把二维码引瓶盖会出这种破事么？这么大的赞助商怎么做事这么不严谨,3001
西行寺的幽幽子_,u1s1 我买的奶都是自己喝，喝不完的送舍友。。。搞不懂奶是谁倒的,2921
咋了叭叭叭叭,干嘛啊 奶是谁倒的你们最清楚了吧？为了挣秀粉的钱你们批量倒卖所谓的奶卡 秀粉买的是你们手里的电子码 现在被曝光了又让秀粉背锅 真有你们的啊我说,3326
梦想是走进有求必应屋,感觉倒奶事件是拿出来为某人挡枪的，懂得都懂，反正我买的奶都自己喝了,2354
·南極指北·,嗯嗯所以退钱,2844
夏天不要喝可乐,正常人都不希望自己买的奶被浪费被倒掉吧，我的奶都是自己喝完的，到底是谁在倒奶啊无语,2175
yyyyyhxi,印瓶盖里时候是怎么想的... ,188930
小帆船会过万重山,你放什么屁呢，不就是你们把二维码印在瓶盖里的吗？,141953
Heureuxdormez,奶票是你们卖的，奶是你们自己倒的，甩锅给秀芬做什么？我敢保证我买的奶一滴不剩全部都自己喝了 ,91143
职业磕颜选手,退钱吗？决赛怎么搞？,43997
星星星_starlights,你们能神隐？有一句道歉是对粉丝和制作人们说的吗？奶盖里面印着二维码现在把锅扣粉丝头上了？,34690
奶盖加糖不加冰_,所以呢？处理方案？,20256
米免的潮流生活,退💰,16511
甜野辣妹,少他妈让粉丝背锅，我们买的都是电子码的奶卡，你们中间有多少中间商环环相扣割粉丝的韭菜，反过来把倒奶的屎盆子扣粉丝头上了，粉丝花钱了还要给你们擦屁股 ,13952
·星佑初戀·,麻烦可以不要把无良黄牛行为安插在粉丝上吗？我所有买的奶全部都是发给同学大家一起喝，我一瓶都没有倒过，以偏概全真的好吗？花的是我自己的钱，还要被这样诋毁？,10768
难逃月色Vir-,今年大部分后援会或散粉组织都是捐给了福利院等  正式公告道歉+出解决方案🤗,6713
白白白大白w,投过奶的都知道领的奶卡是电子的吧 ,5895
·別吃太飽·,又当又立 你是真茶。,5314
一壹叁四,哦？你们的产业链 ,5219
宋清慈,视频中倒的15瓶一箱的奶市面上很难大量买到，而且大家助力大部分是买的电子二维码，到底是谁倒的奶,3866
橙儿味孙鸭鸭·syh,不把二维码引瓶盖会出这种破事么？这么大的赞助商怎么做事这么不严谨,3001
西行寺的幽幽子_,u1s1 我买的奶都是自己喝，喝不完的送舍友。。。搞不懂奶是谁倒的,2921
咋了叭叭叭叭,干嘛啊 奶是谁倒的你们最清楚了吧？为了挣秀粉的钱你们批量倒卖所谓的奶卡 秀粉买的是你们手里的电子码 现在被曝光了又让秀粉背锅 真有你们的啊我说,3326
梦想是走进有求必应屋,感觉倒奶事件是拿出来为某人挡枪的，懂得都懂，反正我买的奶都自己喝了,2354
·南極指北·,嗯嗯所以退钱,2844
夏天不要喝可乐,正常人都不希望自己买的奶被浪费被倒掉吧，我的奶都是自己喝完的，到底是谁在倒奶啊无语,2175
yyyyyhxi,印瓶盖里时候是怎么想的... ,188931
小帆船会过万重山,你放什么屁呢，不就是你们把二维码印在瓶盖里的吗？,141954
Heureuxdormez,奶票是你们卖的，奶是你们自己倒的，甩锅给秀芬做什么？我敢保证我买的奶一滴不剩全部都自己喝了 ,91144
职业磕颜选手,退钱吗？决赛怎么搞？,43998
星星星_starlights,你们能神隐？有一句道歉是对粉丝和制作人们说的吗？奶盖里面印着二维码现在把锅扣粉丝头上了？,34690
奶盖加糖不加冰_,所以呢？处理方案？,20256
米免的潮流生活,退💰,16511
甜野辣妹,少他妈让粉丝背锅，我们买的都是电子码的奶卡，你们中间有多少中间商环环相扣割粉丝的韭菜，反过来把倒奶的屎盆子扣粉丝头上了，粉丝花钱了还要给你们擦屁股 ,13952
·星佑初戀·,麻烦可以不要把无良黄牛行为安插在粉丝上吗？我所有买的奶全部都是发给同学大家一起喝，我一瓶都没有倒过，以偏概全真的好吗？花的是我自己的钱，还要被这样诋毁？,10768
难逃月色Vir-,今年大部分后援会或散粉组织都是捐给了福利院等  正式公告道歉+出解决方案🤗,6713
白白白大白w,投过奶的都知道领的奶卡是电子的吧 ,5895
·別吃太飽·,又当又立 你是真茶。,5314
一壹叁四,哦？你们的产业链 ,5219
宋清慈,视频中倒的15瓶一箱的奶市面上很难大量买到，而且大家助力大部分是买的电子二维码，到底是谁倒的奶,3866
橙儿味孙鸭鸭·syh,不把二维码引瓶盖会出这种破事么？这么大的赞助商怎么做事这么不严谨,3001
西行寺的幽幽子_,u1s1 我买的奶都是自己喝，喝不完的送舍友。。。搞不懂奶是谁倒的,2921
咋了叭叭叭叭,干嘛啊 奶是谁倒的你们最清楚了吧？为了挣秀粉的钱你们批量倒卖所谓的奶卡 秀粉买的是你们手里的电子码 现在被曝光了又让秀粉背锅 真有你们的啊我说,3326
梦想是走进有求必应屋,感觉倒奶事件是拿出来为某人挡枪的，懂得都懂，反正我买的奶都自己喝了,2354
·南極指北·,嗯嗯所以退钱,2844
夏天不要喝可乐,正常人都不希望自己买的奶被浪费被倒掉吧，我的奶都是自己喝完的，到底是谁在倒奶啊无语,2175
yyyyyhxi,印瓶盖里时候是怎么想的... ,188933
小帆船会过万重山,你放什么屁呢，不就是你们把二维码印在瓶盖里的吗？,141956
Heureuxdormez,奶票是你们卖的，奶是你们自己倒的，甩锅给秀芬做什么？我敢保证我买的奶一滴不剩全部都自己喝了 ,91147
职业磕颜选手,退钱吗？决赛怎么搞？,43999
星星星_starlights,你们能神隐？有一句道歉是对粉丝和制作人们说的吗？奶盖里面印着二维码现在把锅扣粉丝头上了？,34690
奶盖加糖不加冰_,所以呢？处理方案？,20256
米免的潮流生活,退💰,16511
甜野辣妹,少他妈让粉丝背锅，我们买的都是电子码的奶卡，你们中间有多少中间商环环相扣割粉丝的韭菜，反过来把倒奶的屎盆子扣粉丝头上了，粉丝花钱了还要给你们擦屁股 ,13952
·星佑初戀·,麻烦可以不要把无良黄牛行为安插在粉丝上吗？我所有买的奶全部都是发给同学大家一起喝，我一瓶都没有倒过，以偏概全真的好吗？花的是我自己的钱，还要被这样诋毁？,10768
难逃月色Vir-,今年大部分后援会或散粉组织都是捐给了福利院等  正式公告道歉+出解决方案🤗,6713
白白白大白w,投过奶的都知道领的奶卡是电子的吧 ,5895
·別吃太飽·,又当又立 你是真茶。,5314
一壹叁四,哦？你们的产业链 ,5219
宋清慈,视频中倒的15瓶一箱的奶市面上很难大量买到，而且大家助力大部分是买的电子二维码，到底是谁倒的奶,3866
橙儿味孙鸭鸭·syh,不把二维码引瓶盖会出这种破事么？这么大的赞助商怎么做事这么不严谨,3001
西行寺的幽幽子_,u1s1 我买的奶都是自己喝，喝不完的送舍友。。。搞不懂奶是谁倒的,2921
咋了叭叭叭叭,干嘛啊 奶是谁倒的你们最清楚了吧？为了挣秀粉的钱你们批量倒卖所谓的奶卡 秀粉买的是你们手里的电子码 现在被曝光了又让秀粉背锅 真有你们的啊我说,3326
梦想是走进有求必应屋,感觉倒奶事件是拿出来为某人挡枪的，懂得都懂，反正我买的奶都自己喝了,2354
·南極指北·,嗯嗯所以退钱,2844
夏天不要喝可乐,正常人都不希望自己买的奶被浪费被倒掉吧，我的奶都是自己喝完的，到底是谁在倒奶啊无语,2175
yyyyyhxi,印瓶盖里时候是怎么想的... ,188934
小帆船会过万重山,你放什么屁呢，不就是你们把二维码印在瓶盖里的吗？,141957
Heureuxdormez,奶票是你们卖的，奶是你们自己倒的，甩锅给秀芬做什么？我敢保证我买的奶一滴不剩全部都自己喝了 ,91147
职业磕颜选手,退钱吗？决赛怎么搞？,44001
星星星_starlights,你们能神隐？有一句道歉是对粉丝和制作人们说的吗？奶盖里面印着二维码现在把锅扣粉丝头上了？,34690
奶盖加糖不加冰_,所以呢？处理方案？,20256
米免的潮流生活,退💰,16511
甜野辣妹,少他妈让粉丝背锅，我们买的都是电子码的奶卡，你们中间有多少中间商环环相扣割粉丝的韭菜，反过来把倒奶的屎盆子扣粉丝头上了，粉丝花钱了还要给你们擦屁股 ,13952
·星佑初戀·,麻烦可以不要把无良黄牛行为安插在粉丝上吗？我所有买的奶全部都是发给同学大家一起喝，我一瓶都没有倒过，以偏概全真的好吗？花的是我自己的钱，还要被这样诋毁？,10768
难逃月色Vir-,今年大部分后援会或散粉组织都是捐给了福利院等  正式公告道歉+出解决方案🤗,6713
白白白大白w,投过奶的都知道领的奶卡是电子的吧 ,5895
·別吃太飽·,又当又立 你是真茶。,5314
一壹叁四,哦？你们的产业链 ,5219
宋清慈,视频中倒的15瓶一箱的奶市面上很难大量买到，而且大家助力大部分是买的电子二维码，到底是谁倒的奶,3868
橙儿味孙鸭鸭·syh,不把二维码引瓶盖会出这种破事么？这么大的赞助商怎么做事这么不严谨,3001
西行寺的幽幽子_,u1s1 我买的奶都是自己喝，喝不完的送舍友。。。搞不懂奶是谁倒的,2921
咋了叭叭叭叭,干嘛啊 奶是谁倒的你们最清楚了吧？为了挣秀粉的钱你们批量倒卖所谓的奶卡 秀粉买的是你们手里的电子码 现在被曝光了又让秀粉背锅 真有你们的啊我说,3326
梦想是走进有求必应屋,感觉倒奶事件是拿出来为某人挡枪的，懂得都懂，反正我买的奶都自己喝了,2354
·南極指北·,嗯嗯所以退钱,2844
夏天不要喝可乐,正常人都不希望自己买的奶被浪费被倒掉吧，我的奶都是自己喝完的，到底是谁在倒奶啊无语,2175
yyyyyhxi,印瓶盖里时候是怎么想的... ,188934
小帆船会过万重山,你放什么屁呢，不就是你们把二维码印在瓶盖里的吗？,141958
Heureuxdormez,奶票是你们卖的，奶是你们自己倒的，甩锅给秀芬做什么？我敢保证我买的奶一滴不剩全部都自己喝了 ,91148
职业磕颜选手,退钱吗？决赛怎么搞？,44002
星星星_starlights,你们能神隐？有一句道歉是对粉丝和制作人们说的吗？奶盖里面印着二维码现在把锅扣粉丝头上了？,34693
奶盖加糖不加冰_,所以呢？处理方案？,20256
米免的潮流生活,退💰,16511
甜野辣妹,少他妈让粉丝背锅，我们买的都是电子码的奶卡，你们中间有多少中间商环环相扣割粉丝的韭菜，反过来把倒奶的屎盆子扣粉丝头上了，粉丝花钱了还要给你们擦屁股 ,13952
·星佑初戀·,麻烦可以不要把无良黄牛行为安插在粉丝上吗？我所有买的奶全部都是发给同学大家一起喝，我一瓶都没有倒过，以偏概全真的好吗？花的是我自己的钱，还要被这样诋毁？,10768
难逃月色Vir-,今年大部分后援会或散粉组织都是捐给了福利院等  正式公告道歉+出解决方案🤗,6713
白白白大白w,投过奶的都知道领的奶卡是电子的吧 ,5895
·別吃太飽·,又当又立 你是真茶。,5314
一壹叁四,哦？你们的产业链 ,5219
宋清慈,视频中倒的15瓶一箱的奶市面上很难大量买到，而且大家助力大部分是买的电子二维码，到底是谁倒的奶,3868
橙儿味孙鸭鸭·syh,不把二维码引瓶盖会出这种破事么？这么大的赞助商怎么做事这么不严谨,3001
西行寺的幽幽子_,u1s1 我买的奶都是自己喝，喝不完的送舍友。。。搞不懂奶是谁倒的,2921
咋了叭叭叭叭,干嘛啊 奶是谁倒的你们最清楚了吧？为了挣秀粉的钱你们批量倒卖所谓的奶卡 秀粉买的是你们手里的电子码 现在被曝光了又让秀粉背锅 真有你们的啊我说,3326
梦想是走进有求必应屋,感觉倒奶事件是拿出来为某人挡枪的，懂得都懂，反正我买的奶都自己喝了,2354
·南極指北·,嗯嗯所以退钱,2844
夏天不要喝可乐,正常人都不希望自己买的奶被浪费被倒掉吧，我的奶都是自己喝完的，到底是谁在倒奶啊无语,2175
yyyyyhxi,印瓶盖里时候是怎么想的... ,188935
小帆船会过万重山,你放什么屁呢，不就是你们把二维码印在瓶盖里的吗？,141960
Heureuxdormez,奶票是你们卖的，奶是你们自己倒的，甩锅给秀芬做什么？我敢保证我买的奶一滴不剩全部都自己喝了 ,91149
职业磕颜选手,退钱吗？决赛怎么搞？,44002
星星星_starlights,你们能神隐？有一句道歉是对粉丝和制作人们说的吗？奶盖里面印着二维码现在把锅扣粉丝头上了？,34694
奶盖加糖不加冰_,所以呢？处理方案？,20256
米免的潮流生活,退💰,16511
甜野辣妹,少他妈让粉丝背锅，我们买的都是电子码的奶卡，你们中间有多少中间商环环相扣割粉丝的韭菜，反过来把倒奶的屎盆子扣粉丝头上了，粉丝花钱了还要给你们擦屁股 ,13952
·星佑初戀·,麻烦可以不要把无良黄牛行为安插在粉丝上吗？我所有买的奶全部都是发给同学大家一起喝，我一瓶都没有倒过，以偏概全真的好吗？花的是我自己的钱，还要被这样诋毁？,10768
难逃月色Vir-,今年大部分后援会或散粉组织都是捐给了福利院等  正式公告道歉+出解决方案🤗,6714
白白白大白w,投过奶的都知道领的奶卡是电子的吧 ,5895
·別吃太飽·,又当又立 你是真茶。,5314
一壹叁四,哦？你们的产业链 ,5219
宋清慈,视频中倒的15瓶一箱的奶市面上很难大量买到，而且大家助力大部分是买的电子二维码，到底是谁倒的奶,3868
橙儿味孙鸭鸭·syh,不把二维码引瓶盖会出这种破事么？这么大的赞助商怎么做事这么不严谨,3001
西行寺的幽幽子_,u1s1 我买的奶都是自己喝，喝不完的送舍友。。。搞不懂奶是谁倒的,2921
咋了叭叭叭叭,干嘛啊 奶是谁倒的你们最清楚了吧？为了挣秀粉的钱你们批量倒卖所谓的奶卡 秀粉买的是你们手里的电子码 现在被曝光了又让秀粉背锅 真有你们的啊我说,3326
梦想是走进有求必应屋,感觉倒奶事件是拿出来为某人挡枪的，懂得都懂，反正我买的奶都自己喝了,2354
·南極指北·,嗯嗯所以退钱,2844
夏天不要喝可乐,正常人都不希望自己买的奶被浪费被倒掉吧，我的奶都是自己喝完的，到底是谁在倒奶啊无语,2175
yyyyyhxi,印瓶盖里时候是怎么想的... ,188939
小帆船会过万重山,你放什么屁呢，不就是你们把二维码印在瓶盖里的吗？,141962
Heureuxdormez,奶票是你们卖的，奶是你们自己倒的，甩锅给秀芬做什么？我敢保证我买的奶一滴不剩全部都自己喝了 ,91151
职业磕颜选手,退钱吗？决赛怎么搞？,44003
星星星_starlights,你们能神隐？有一句道歉是对粉丝和制作人们说的吗？奶盖里面印着二维码现在把锅扣粉丝头上了？,34695
奶盖加糖不加冰_,所以呢？处理方案？,20256
米免的潮流生活,退💰,16511
甜野辣妹,少他妈让粉丝背锅，我们买的都是电子码的奶卡，你们中间有多少中间商环环相扣割粉丝的韭菜，反过来把倒奶的屎盆子扣粉丝头上了，粉丝花钱了还要给你们擦屁股 ,13952
·星佑初戀·,麻烦可以不要把无良黄牛行为安插在粉丝上吗？我所有买的奶全部都是发给同学大家一起喝，我一瓶都没有倒过，以偏概全真的好吗？花的是我自己的钱，还要被这样诋毁？,10768
难逃月色Vir-,今年大部分后援会或散粉组织都是捐给了福利院等  正式公告道歉+出解决方案🤗,6714
白白白大白w,投过奶的都知道领的奶卡是电子的吧 ,5896
·別吃太飽·,又当又立 你是真茶。,5314
一壹叁四,哦？你们的产业链 ,5219
宋清慈,视频中倒的15瓶一箱的奶市面上很难大量买到，而且大家助力大部分是买的电子二维码，到底是谁倒的奶,3868
橙儿味孙鸭鸭·syh,不把二维码引瓶盖会出这种破事么？这么大的赞助商怎么做事这么不严谨,3001
西行寺的幽幽子_,u1s1 我买的奶都是自己喝，喝不完的送舍友。。。搞不懂奶是谁倒的,2921
咋了叭叭叭叭,干嘛啊 奶是谁倒的你们最清楚了吧？为了挣秀粉的钱你们批量倒卖所谓的奶卡 秀粉买的是你们手里的电子码 现在被曝光了又让秀粉背锅 真有你们的啊我说,3326
梦想是走进有求必应屋,感觉倒奶事件是拿出来为某人挡枪的，懂得都懂，反正我买的奶都自己喝了,2354
·南極指北·,嗯嗯所以退钱,2844
夏天不要喝可乐,正常人都不希望自己买的奶被浪费被倒掉吧，我的奶都是自己喝完的，到底是谁在倒奶啊无语,2175
yyyyyhxi,印瓶盖里时候是怎么想的... ,188940
小帆船会过万重山,你放什么屁呢，不就是你们把二维码印在瓶盖里的吗？,141965
Heureuxdormez,奶票是你们卖的，奶是你们自己倒的，甩锅给秀芬做什么？我敢保证我买的奶一滴不剩全部都自己喝了 ,91152
职业磕颜选手,退钱吗？决赛怎么搞？,44004
星星星_starlights,你们能神隐？有一句道歉是对粉丝和制作人们说的吗？奶盖里面印着二维码现在把锅扣粉丝头上了？,34695
奶盖加糖不加冰_,所以呢？处理方案？,20256
米免的潮流生活,退💰,16511
甜野辣妹,少他妈让粉丝背锅，我们买的都是电子码的奶卡，你们中间有多少中间商环环相扣割粉丝的韭菜，反过来把倒奶的屎盆子扣粉丝头上了，粉丝花钱了还要给你们擦屁股 ,13952
·星佑初戀·,麻烦可以不要把无良黄牛行为安插在粉丝上吗？我所有买的奶全部都是发给同学大家一起喝，我一瓶都没有倒过，以偏概全真的好吗？花的是我自己的钱，还要被这样诋毁？,10768
难逃月色Vir-,今年大部分后援会或散粉组织都是捐给了福利院等  正式公告道歉+出解决方案🤗,6714
白白白大白w,投过奶的都知道领的奶卡是电子的吧 ,5896
·別吃太飽·,又当又立 你是真茶。,5314
一壹叁四,哦？你们的产业链 ,5219
宋清慈,视频中倒的15瓶一箱的奶市面上很难大量买到，而且大家助力大部分是买的电子二维码，到底是谁倒的奶,3868
橙儿味孙鸭鸭·syh,不把二维码引瓶盖会出这种破事么？这么大的赞助商怎么做事这么不严谨,3002
西行寺的幽幽子_,u1s1 我买的奶都是自己喝，喝不完的送舍友。。。搞不懂奶是谁倒的,2921
咋了叭叭叭叭,干嘛啊 奶是谁倒的你们最清楚了吧？为了挣秀粉的钱你们批量倒卖所谓的奶卡 秀粉买的是你们手里的电子码 现在被曝光了又让秀粉背锅 真有你们的啊我说,3326
梦想是走进有求必应屋,感觉倒奶事件是拿出来为某人挡枪的，懂得都懂，反正我买的奶都自己喝了,2354
·南極指北·,嗯嗯所以退钱,2844
夏天不要喝可乐,正常人都不希望自己买的奶被浪费被倒掉吧，我的奶都是自己喝完的，到底是谁在倒奶啊无语,2175
yyyyyhxi,印瓶盖里时候是怎么想的... ,188941
小帆船会过万重山,你放什么屁呢，不就是你们把二维码印在瓶盖里的吗？,141965
Heureuxdormez,奶票是你们卖的，奶是你们自己倒的，甩锅给秀芬做什么？我敢保证我买的奶一滴不剩全部都自己喝了 ,91151
职业磕颜选手,退钱吗？决赛怎么搞？,44004
星星星_starlights,你们能神隐？有一句道歉是对粉丝和制作人们说的吗？奶盖里面印着二维码现在把锅扣粉丝头上了？,34696
奶盖加糖不加冰_,所以呢？处理方案？,20257
米免的潮流生活,退💰,16510
甜野辣妹,少他妈让粉丝背锅，我们买的都是电子码的奶卡，你们中间有多少中间商环环相扣割粉丝的韭菜，反过来把倒奶的屎盆子扣粉丝头上了，粉丝花钱了还要给你们擦屁股 ,13952
·星佑初戀·,麻烦可以不要把无良黄牛行为安插在粉丝上吗？我所有买的奶全部都是发给同学大家一起喝，我一瓶都没有倒过，以偏概全真的好吗？花的是我自己的钱，还要被这样诋毁？,10768
难逃月色Vir-,今年大部分后援会或散粉组织都是捐给了福利院等  正式公告道歉+出解决方案🤗,6715
白白白大白w,投过奶的都知道领的奶卡是电子的吧 ,5896
·別吃太飽·,又当又立 你是真茶。,5314
一壹叁四,哦？你们的产业链 ,5219
宋清慈,视频中倒的15瓶一箱的奶市面上很难大量买到，而且大家助力大部分是买的电子二维码，到底是谁倒的奶,3868
橙儿味孙鸭鸭·syh,不把二维码引瓶盖会出这种破事么？这么大的赞助商怎么做事这么不严谨,3002
西行寺的幽幽子_,u1s1 我买的奶都是自己喝，喝不完的送舍友。。。搞不懂奶是谁倒的,2921
咋了叭叭叭叭,干嘛啊 奶是谁倒的你们最清楚了吧？为了挣秀粉的钱你们批量倒卖所谓的奶卡 秀粉买的是你们手里的电子码 现在被曝光了又让秀粉背锅 真有你们的啊我说,3326
梦想是走进有求必应屋,感觉倒奶事件是拿出来为某人挡枪的，懂得都懂，反正我买的奶都自己喝了,2354
·南極指北·,嗯嗯所以退钱,2844
夏天不要喝可乐,正常人都不希望自己买的奶被浪费被倒掉吧，我的奶都是自己喝完的，到底是谁在倒奶啊无语,2175
yyyyyhxi,印瓶盖里时候是怎么想的... ,188943
小帆船会过万重山,你放什么屁呢，不就是你们把二维码印在瓶盖里的吗？,141968
Heureuxdormez,奶票是你们卖的，奶是你们自己倒的，甩锅给秀芬做什么？我敢保证我买的奶一滴不剩全部都自己喝了 ,91151
职业磕颜选手,退钱吗？决赛怎么搞？,44004
星星星_starlights,你们能神隐？有一句道歉是对粉丝和制作人们说的吗？奶盖里面印着二维码现在把锅扣粉丝头上了？,34699
奶盖加糖不加冰_,所以呢？处理方案？,20259
米免的潮流生活,退💰,16511
甜野辣妹,少他妈让粉丝背锅，我们买的都是电子码的奶卡，你们中间有多少中间商环环相扣割粉丝的韭菜，反过来把倒奶的屎盆子扣粉丝头上了，粉丝花钱了还要给你们擦屁股 ,13953
·星佑初戀·,麻烦可以不要把无良黄牛行为安插在粉丝上吗？我所有买的奶全部都是发给同学大家一起喝，我一瓶都没有倒过，以偏概全真的好吗？花的是我自己的钱，还要被这样诋毁？,10768
难逃月色Vir-,今年大部分后援会或散粉组织都是捐给了福利院等  正式公告道歉+出解决方案🤗,6715
白白白大白w,投过奶的都知道领的奶卡是电子的吧 ,5896
·別吃太飽·,又当又立 你是真茶。,5314
一壹叁四,哦？你们的产业链 ,5219
宋清慈,视频中倒的15瓶一箱的奶市面上很难大量买到，而且大家助力大部分是买的电子二维码，到底是谁倒的奶,3868
橙儿味孙鸭鸭·syh,不把二维码引瓶盖会出这种破事么？这么大的赞助商怎么做事这么不严谨,3002
西行寺的幽幽子_,u1s1 我买的奶都是自己喝，喝不完的送舍友。。。搞不懂奶是谁倒的,2921
咋了叭叭叭叭,干嘛啊 奶是谁倒的你们最清楚了吧？为了挣秀粉的钱你们批量倒卖所谓的奶卡 秀粉买的是你们手里的电子码 现在被曝光了又让秀粉背锅 真有你们的啊我说,3326
梦想是走进有求必应屋,感觉倒奶事件是拿出来为某人挡枪的，懂得都懂，反正我买的奶都自己喝了,2354
·南極指北·,嗯嗯所以退钱,2844
夏天不要喝可乐,正常人都不希望自己买的奶被浪费被倒掉吧，我的奶都是自己喝完的，到底是谁在倒奶啊无语,2175
yyyyyhxi,印瓶盖里时候是怎么想的... ,188943
小帆船会过万重山,你放什么屁呢，不就是你们把二维码印在瓶盖里的吗？,141969
Heureuxdormez,奶票是你们卖的，奶是你们自己倒的，甩锅给秀芬做什么？我敢保证我买的奶一滴不剩全部都自己喝了 ,91151
职业磕颜选手,退钱吗？决赛怎么搞？,44004
星星星_starlights,你们能神隐？有一句道歉是对粉丝和制作人们说的吗？奶盖里面印着二维码现在把锅扣粉丝头上了？,34700
奶盖加糖不加冰_,所以呢？处理方案？,20261
米免的潮流生活,退💰,16512
甜野辣妹,少他妈让粉丝背锅，我们买的都是电子码的奶卡，你们中间有多少中间商环环相扣割粉丝的韭菜，反过来把倒奶的屎盆子扣粉丝头上了，粉丝花钱了还要给你们擦屁股 ,13953
·星佑初戀·,麻烦可以不要把无良黄牛行为安插在粉丝上吗？我所有买的奶全部都是发给同学大家一起喝，我一瓶都没有倒过，以偏概全真的好吗？花的是我自己的钱，还要被这样诋毁？,10768
难逃月色Vir-,今年大部分后援会或散粉组织都是捐给了福利院等  正式公告道歉+出解决方案🤗,6715
白白白大白w,投过奶的都知道领的奶卡是电子的吧 ,5897
·別吃太飽·,又当又立 你是真茶。,5314
一壹叁四,哦？你们的产业链 ,5219
宋清慈,视频中倒的15瓶一箱的奶市面上很难大量买到，而且大家助力大部分是买的电子二维码，到底是谁倒的奶,3868
橙儿味孙鸭鸭·syh,不把二维码引瓶盖会出这种破事么？这么大的赞助商怎么做事这么不严谨,3002
西行寺的幽幽子_,u1s1 我买的奶都是自己喝，喝不完的送舍友。。。搞不懂奶是谁倒的,2921
咋了叭叭叭叭,干嘛啊 奶是谁倒的你们最清楚了吧？为了挣秀粉的钱你们批量倒卖所谓的奶卡 秀粉买的是你们手里的电子码 现在被曝光了又让秀粉背锅 真有你们的啊我说,3326
梦想是走进有求必应屋,感觉倒奶事件是拿出来为某人挡枪的，懂得都懂，反正我买的奶都自己喝了,2354
·南極指北·,嗯嗯所以退钱,2844
夏天不要喝可乐,正常人都不希望自己买的奶被浪费被倒掉吧，我的奶都是自己喝完的，到底是谁在倒奶啊无语,2175
yyyyyhxi,印瓶盖里时候是怎么想的... ,188943
小帆船会过万重山,你放什么屁呢，不就是你们把二维码印在瓶盖里的吗？,141973
Heureuxdormez,奶票是你们卖的，奶是你们自己倒的，甩锅给秀芬做什么？我敢保证我买的奶一滴不剩全部都自己喝了 ,91151
职业磕颜选手,退钱吗？决赛怎么搞？,44004
星星星_starlights,你们能神隐？有一句道歉是对粉丝和制作人们说的吗？奶盖里面印着二维码现在把锅扣粉丝头上了？,34701
奶盖加糖不加冰_,所以呢？处理方案？,20262
米免的潮流生活,退💰,16514
甜野辣妹,少他妈让粉丝背锅，我们买的都是电子码的奶卡，你们中间有多少中间商环环相扣割粉丝的韭菜，反过来把倒奶的屎盆子扣粉丝头上了，粉丝花钱了还要给你们擦屁股 ,13953
·星佑初戀·,麻烦可以不要把无良黄牛行为安插在粉丝上吗？我所有买的奶全部都是发给同学大家一起喝，我一瓶都没有倒过，以偏概全真的好吗？花的是我自己的钱，还要被这样诋毁？,10768
难逃月色Vir-,今年大部分后援会或散粉组织都是捐给了福利院等  正式公告道歉+出解决方案🤗,6715
白白白大白w,投过奶的都知道领的奶卡是电子的吧 ,5897
·別吃太飽·,又当又立 你是真茶。,5314
一壹叁四,哦？你们的产业链 ,5219
宋清慈,视频中倒的15瓶一箱的奶市面上很难大量买到，而且大家助力大部分是买的电子二维码，到底是谁倒的奶,3868
橙儿味孙鸭鸭·syh,不把二维码引瓶盖会出这种破事么？这么大的赞助商怎么做事这么不严谨,3002
西行寺的幽幽子_,u1s1 我买的奶都是自己喝，喝不完的送舍友。。。搞不懂奶是谁倒的,2921
咋了叭叭叭叭,干嘛啊 奶是谁倒的你们最清楚了吧？为了挣秀粉的钱你们批量倒卖所谓的奶卡 秀粉买的是你们手里的电子码 现在被曝光了又让秀粉背锅 真有你们的啊我说,3326
梦想是走进有求必应屋,感觉倒奶事件是拿出来为某人挡枪的，懂得都懂，反正我买的奶都自己喝了,2354
·南極指北·,嗯嗯所以退钱,2844
夏天不要喝可乐,正常人都不希望自己买的奶被浪费被倒掉吧，我的奶都是自己喝完的，到底是谁在倒奶啊无语,2175
yyyyyhxi,印瓶盖里时候是怎么想的... ,188944
小帆船会过万重山,你放什么屁呢，不就是你们把二维码印在瓶盖里的吗？,141975
Heureuxdormez,奶票是你们卖的，奶是你们自己倒的，甩锅给秀芬做什么？我敢保证我买的奶一滴不剩全部都自己喝了 ,91151
职业磕颜选手,退钱吗？决赛怎么搞？,44005
星星星_starlights,你们能神隐？有一句道歉是对粉丝和制作人们说的吗？奶盖里面印着二维码现在把锅扣粉丝头上了？,34702
奶盖加糖不加冰_,所以呢？处理方案？,20262
米免的潮流生活,退💰,16516
甜野辣妹,少他妈让粉丝背锅，我们买的都是电子码的奶卡，你们中间有多少中间商环环相扣割粉丝的韭菜，反过来把倒奶的屎盆子扣粉丝头上了，粉丝花钱了还要给你们擦屁股 ,13953
·星佑初戀·,麻烦可以不要把无良黄牛行为安插在粉丝上吗？我所有买的奶全部都是发给同学大家一起喝，我一瓶都没有倒过，以偏概全真的好吗？花的是我自己的钱，还要被这样诋毁？,10768
难逃月色Vir-,今年大部分后援会或散粉组织都是捐给了福利院等  正式公告道歉+出解决方案🤗,6715
白白白大白w,投过奶的都知道领的奶卡是电子的吧 ,5897
·別吃太飽·,又当又立 你是真茶。,5314
一壹叁四,哦？你们的产业链 ,5220
宋清慈,视频中倒的15瓶一箱的奶市面上很难大量买到，而且大家助力大部分是买的电子二维码，到底是谁倒的奶,3868
橙儿味孙鸭鸭·syh,不把二维码引瓶盖会出这种破事么？这么大的赞助商怎么做事这么不严谨,3002
西行寺的幽幽子_,u1s1 我买的奶都是自己喝，喝不完的送舍友。。。搞不懂奶是谁倒的,2921
咋了叭叭叭叭,干嘛啊 奶是谁倒的你们最清楚了吧？为了挣秀粉的钱你们批量倒卖所谓的奶卡 秀粉买的是你们手里的电子码 现在被曝光了又让秀粉背锅 真有你们的啊我说,3326
梦想是走进有求必应屋,感觉倒奶事件是拿出来为某人挡枪的，懂得都懂，反正我买的奶都自己喝了,2354
·南極指北·,嗯嗯所以退钱,2844
夏天不要喝可乐,正常人都不希望自己买的奶被浪费被倒掉吧，我的奶都是自己喝完的，到底是谁在倒奶啊无语,2175
yyyyyhxi,印瓶盖里时候是怎么想的... ,188944
小帆船会过万重山,你放什么屁呢，不就是你们把二维码印在瓶盖里的吗？,141975
Heureuxdormez,奶票是你们卖的，奶是你们自己倒的，甩锅给秀芬做什么？我敢保证我买的奶一滴不剩全部都自己喝了 ,91151
职业磕颜选手,退钱吗？决赛怎么搞？,44007
星星星_starlights,你们能神隐？有一句道歉是对粉丝和制作人们说的吗？奶盖里面印着二维码现在把锅扣粉丝头上了？,34701
奶盖加糖不加冰_,所以呢？处理方案？,20262
米免的潮流生活,退💰,16516
甜野辣妹,少他妈让粉丝背锅，我们买的都是电子码的奶卡，你们中间有多少中间商环环相扣割粉丝的韭菜，反过来把倒奶的屎盆子扣粉丝头上了，粉丝花钱了还要给你们擦屁股 ,13953
·星佑初戀·,麻烦可以不要把无良黄牛行为安插在粉丝上吗？我所有买的奶全部都是发给同学大家一起喝，我一瓶都没有倒过，以偏概全真的好吗？花的是我自己的钱，还要被这样诋毁？,10768
难逃月色Vir-,今年大部分后援会或散粉组织都是捐给了福利院等  正式公告道歉+出解决方案🤗,6715
白白白大白w,投过奶的都知道领的奶卡是电子的吧 ,5897
·別吃太飽·,又当又立 你是真茶。,5315
一壹叁四,哦？你们的产业链 ,5220
宋清慈,视频中倒的15瓶一箱的奶市面上很难大量买到，而且大家助力大部分是买的电子二维码，到底是谁倒的奶,3868
橙儿味孙鸭鸭·syh,不把二维码引瓶盖会出这种破事么？这么大的赞助商怎么做事这么不严谨,3002
西行寺的幽幽子_,u1s1 我买的奶都是自己喝，喝不完的送舍友。。。搞不懂奶是谁倒的,2922
咋了叭叭叭叭,干嘛啊 奶是谁倒的你们最清楚了吧？为了挣秀粉的钱你们批量倒卖所谓的奶卡 秀粉买的是你们手里的电子码 现在被曝光了又让秀粉背锅 真有你们的啊我说,3326
梦想是走进有求必应屋,感觉倒奶事件是拿出来为某人挡枪的，懂得都懂，反正我买的奶都自己喝了,2354
·南極指北·,嗯嗯所以退钱,2844
夏天不要喝可乐,正常人都不希望自己买的奶被浪费被倒掉吧，我的奶都是自己喝完的，到底是谁在倒奶啊无语,2175
yyyyyhxi,印瓶盖里时候是怎么想的... ,188946
小帆船会过万重山,你放什么屁呢，不就是你们把二维码印在瓶盖里的吗？,141976
Heureuxdormez,奶票是你们卖的，奶是你们自己倒的，甩锅给秀芬做什么？我敢保证我买的奶一滴不剩全部都自己喝了 ,91151
职业磕颜选手,退钱吗？决赛怎么搞？,44008
星星星_starlights,你们能神隐？有一句道歉是对粉丝和制作人们说的吗？奶盖里面印着二维码现在把锅扣粉丝头上了？,34702
奶盖加糖不加冰_,所以呢？处理方案？,20262
米免的潮流生活,退💰,16516
甜野辣妹,少他妈让粉丝背锅，我们买的都是电子码的奶卡，你们中间有多少中间商环环相扣割粉丝的韭菜，反过来把倒奶的屎盆子扣粉丝头上了，粉丝花钱了还要给你们擦屁股 ,13953
·星佑初戀·,麻烦可以不要把无良黄牛行为安插在粉丝上吗？我所有买的奶全部都是发给同学大家一起喝，我一瓶都没有倒过，以偏概全真的好吗？花的是我自己的钱，还要被这样诋毁？,10768
难逃月色Vir-,今年大部分后援会或散粉组织都是捐给了福利院等  正式公告道歉+出解决方案🤗,6715
白白白大白w,投过奶的都知道领的奶卡是电子的吧 ,5897
·別吃太飽·,又当又立 你是真茶。,5315
一壹叁四,哦？你们的产业链 ,5220
宋清慈,视频中倒的15瓶一箱的奶市面上很难大量买到，而且大家助力大部分是买的电子二维码，到底是谁倒的奶,3868
橙儿味孙鸭鸭·syh,不把二维码引瓶盖会出这种破事么？这么大的赞助商怎么做事这么不严谨,3002
西行寺的幽幽子_,u1s1 我买的奶都是自己喝，喝不完的送舍友。。。搞不懂奶是谁倒的,2922
咋了叭叭叭叭,干嘛啊 奶是谁倒的你们最清楚了吧？为了挣秀粉的钱你们批量倒卖所谓的奶卡 秀粉买的是你们手里的电子码 现在被曝光了又让秀粉背锅 真有你们的啊我说,3326
梦想是走进有求必应屋,感觉倒奶事件是拿出来为某人挡枪的，懂得都懂，反正我买的奶都自己喝了,2354
·南極指北·,嗯嗯所以退钱,2844
夏天不要喝可乐,正常人都不希望自己买的奶被浪费被倒掉吧，我的奶都是自己喝完的，到底是谁在倒奶啊无语,2175
yyyyyhxi,印瓶盖里时候是怎么想的... ,188947
小帆船会过万重山,你放什么屁呢，不就是你们把二维码印在瓶盖里的吗？,141977
Heureuxdormez,奶票是你们卖的，奶是你们自己倒的，甩锅给秀芬做什么？我敢保证我买的奶一滴不剩全部都自己喝了 ,91151
职业磕颜选手,退钱吗？决赛怎么搞？,44009
星星星_starlights,你们能神隐？有一句道歉是对粉丝和制作人们说的吗？奶盖里面印着二维码现在把锅扣粉丝头上了？,34703
奶盖加糖不加冰_,所以呢？处理方案？,20262
米免的潮流生活,退💰,16517
甜野辣妹,少他妈让粉丝背锅，我们买的都是电子码的奶卡，你们中间有多少中间商环环相扣割粉丝的韭菜，反过来把倒奶的屎盆子扣粉丝头上了，粉丝花钱了还要给你们擦屁股 ,13953
·星佑初戀·,麻烦可以不要把无良黄牛行为安插在粉丝上吗？我所有买的奶全部都是发给同学大家一起喝，我一瓶都没有倒过，以偏概全真的好吗？花的是我自己的钱，还要被这样诋毁？,10769
难逃月色Vir-,今年大部分后援会或散粉组织都是捐给了福利院等  正式公告道歉+出解决方案🤗,6715
白白白大白w,投过奶的都知道领的奶卡是电子的吧 ,5897
·別吃太飽·,又当又立 你是真茶。,5315
一壹叁四,哦？你们的产业链 ,5220
宋清慈,视频中倒的15瓶一箱的奶市面上很难大量买到，而且大家助力大部分是买的电子二维码，到底是谁倒的奶,3868
橙儿味孙鸭鸭·syh,不把二维码引瓶盖会出这种破事么？这么大的赞助商怎么做事这么不严谨,3002
西行寺的幽幽子_,u1s1 我买的奶都是自己喝，喝不完的送舍友。。。搞不懂奶是谁倒的,2923
咋了叭叭叭叭,干嘛啊 奶是谁倒的你们最清楚了吧？为了挣秀粉的钱你们批量倒卖所谓的奶卡 秀粉买的是你们手里的电子码 现在被曝光了又让秀粉背锅 真有你们的啊我说,3326
梦想是走进有求必应屋,感觉倒奶事件是拿出来为某人挡枪的，懂得都懂，反正我买的奶都自己喝了,2354
·南極指北·,嗯嗯所以退钱,2844
夏天不要喝可乐,正常人都不希望自己买的奶被浪费被倒掉吧，我的奶都是自己喝完的，到底是谁在倒奶啊无语,2175
yyyyyhxi,印瓶盖里时候是怎么想的... ,188947
小帆船会过万重山,你放什么屁呢，不就是你们把二维码印在瓶盖里的吗？,141977
Heureuxdormez,奶票是你们卖的，奶是你们自己倒的，甩锅给秀芬做什么？我敢保证我买的奶一滴不剩全部都自己喝了 ,91152
职业磕颜选手,退钱吗？决赛怎么搞？,44009
星星星_starlights,你们能神隐？有一句道歉是对粉丝和制作人们说的吗？奶盖里面印着二维码现在把锅扣粉丝头上了？,34703
奶盖加糖不加冰_,所以呢？处理方案？,20263
米免的潮流生活,退💰,16517
甜野辣妹,少他妈让粉丝背锅，我们买的都是电子码的奶卡，你们中间有多少中间商环环相扣割粉丝的韭菜，反过来把倒奶的屎盆子扣粉丝头上了，粉丝花钱了还要给你们擦屁股 ,13953
·星佑初戀·,麻烦可以不要把无良黄牛行为安插在粉丝上吗？我所有买的奶全部都是发给同学大家一起喝，我一瓶都没有倒过，以偏概全真的好吗？花的是我自己的钱，还要被这样诋毁？,10769
难逃月色Vir-,今年大部分后援会或散粉组织都是捐给了福利院等  正式公告道歉+出解决方案🤗,6715
白白白大白w,投过奶的都知道领的奶卡是电子的吧 ,5897
·別吃太飽·,又当又立 你是真茶。,5315
一壹叁四,哦？你们的产业链 ,5221
宋清慈,视频中倒的15瓶一箱的奶市面上很难大量买到，而且大家助力大部分是买的电子二维码，到底是谁倒的奶,3868
橙儿味孙鸭鸭·syh,不把二维码引瓶盖会出这种破事么？这么大的赞助商怎么做事这么不严谨,3002
西行寺的幽幽子_,u1s1 我买的奶都是自己喝，喝不完的送舍友。。。搞不懂奶是谁倒的,2923
咋了叭叭叭叭,干嘛啊 奶是谁倒的你们最清楚了吧？为了挣秀粉的钱你们批量倒卖所谓的奶卡 秀粉买的是你们手里的电子码 现在被曝光了又让秀粉背锅 真有你们的啊我说,3326
梦想是走进有求必应屋,感觉倒奶事件是拿出来为某人挡枪的，懂得都懂，反正我买的奶都自己喝了,2354
·南極指北·,嗯嗯所以退钱,2844
夏天不要喝可乐,正常人都不希望自己买的奶被浪费被倒掉吧，我的奶都是自己喝完的，到底是谁在倒奶啊无语,2175
yyyyyhxi,印瓶盖里时候是怎么想的... ,188952
小帆船会过万重山,你放什么屁呢，不就是你们把二维码印在瓶盖里的吗？,141979
Heureuxdormez,奶票是你们卖的，奶是你们自己倒的，甩锅给秀芬做什么？我敢保证我买的奶一滴不剩全部都自己喝了 ,91152
职业磕颜选手,退钱吗？决赛怎么搞？,44009
星星星_starlights,你们能神隐？有一句道歉是对粉丝和制作人们说的吗？奶盖里面印着二维码现在把锅扣粉丝头上了？,34705
奶盖加糖不加冰_,所以呢？处理方案？,20263
米免的潮流生活,退💰,16517
甜野辣妹,少他妈让粉丝背锅，我们买的都是电子码的奶卡，你们中间有多少中间商环环相扣割粉丝的韭菜，反过来把倒奶的屎盆子扣粉丝头上了，粉丝花钱了还要给你们擦屁股 ,13954
·星佑初戀·,麻烦可以不要把无良黄牛行为安插在粉丝上吗？我所有买的奶全部都是发给同学大家一起喝，我一瓶都没有倒过，以偏概全真的好吗？花的是我自己的钱，还要被这样诋毁？,10769
难逃月色Vir-,今年大部分后援会或散粉组织都是捐给了福利院等  正式公告道歉+出解决方案🤗,6715
白白白大白w,投过奶的都知道领的奶卡是电子的吧 ,5897
·別吃太飽·,又当又立 你是真茶。,5315
一壹叁四,哦？你们的产业链 ,5221
宋清慈,视频中倒的15瓶一箱的奶市面上很难大量买到，而且大家助力大部分是买的电子二维码，到底是谁倒的奶,3868
橙儿味孙鸭鸭·syh,不把二维码引瓶盖会出这种破事么？这么大的赞助商怎么做事这么不严谨,3002
西行寺的幽幽子_,u1s1 我买的奶都是自己喝，喝不完的送舍友。。。搞不懂奶是谁倒的,2923
咋了叭叭叭叭,干嘛啊 奶是谁倒的你们最清楚了吧？为了挣秀粉的钱你们批量倒卖所谓的奶卡 秀粉买的是你们手里的电子码 现在被曝光了又让秀粉背锅 真有你们的啊我说,3327
梦想是走进有求必应屋,感觉倒奶事件是拿出来为某人挡枪的，懂得都懂，反正我买的奶都自己喝了,2354
·南極指北·,嗯嗯所以退钱,2844
夏天不要喝可乐,正常人都不希望自己买的奶被浪费被倒掉吧，我的奶都是自己喝完的，到底是谁在倒奶啊无语,2175
yyyyyhxi,印瓶盖里时候是怎么想的... ,188953
小帆船会过万重山,你放什么屁呢，不就是你们把二维码印在瓶盖里的吗？,141982
Heureuxdormez,奶票是你们卖的，奶是你们自己倒的，甩锅给秀芬做什么？我敢保证我买的奶一滴不剩全部都自己喝了 ,91154
职业磕颜选手,退钱吗？决赛怎么搞？,44010
星星星_starlights,你们能神隐？有一句道歉是对粉丝和制作人们说的吗？奶盖里面印着二维码现在把锅扣粉丝头上了？,34707
奶盖加糖不加冰_,所以呢？处理方案？,20264
米免的潮流生活,退💰,16517
甜野辣妹,少他妈让粉丝背锅，我们买的都是电子码的奶卡，你们中间有多少中间商环环相扣割粉丝的韭菜，反过来把倒奶的屎盆子扣粉丝头上了，粉丝花钱了还要给你们擦屁股 ,13954
·星佑初戀·,麻烦可以不要把无良黄牛行为安插在粉丝上吗？我所有买的奶全部都是发给同学大家一起喝，我一瓶都没有倒过，以偏概全真的好吗？花的是我自己的钱，还要被这样诋毁？,10769
难逃月色Vir-,今年大部分后援会或散粉组织都是捐给了福利院等  正式公告道歉+出解决方案🤗,6715
白白白大白w,投过奶的都知道领的奶卡是电子的吧 ,5897
·別吃太飽·,又当又立 你是真茶。,5315
一壹叁四,哦？你们的产业链 ,5223
宋清慈,视频中倒的15瓶一箱的奶市面上很难大量买到，而且大家助力大部分是买的电子二维码，到底是谁倒的奶,3868
橙儿味孙鸭鸭·syh,不把二维码引瓶盖会出这种破事么？这么大的赞助商怎么做事这么不严谨,3002
西行寺的幽幽子_,u1s1 我买的奶都是自己喝，喝不完的送舍友。。。搞不懂奶是谁倒的,2923
咋了叭叭叭叭,干嘛啊 奶是谁倒的你们最清楚了吧？为了挣秀粉的钱你们批量倒卖所谓的奶卡 秀粉买的是你们手里的电子码 现在被曝光了又让秀粉背锅 真有你们的啊我说,3327
梦想是走进有求必应屋,感觉倒奶事件是拿出来为某人挡枪的，懂得都懂，反正我买的奶都自己喝了,2354
·南極指北·,嗯嗯所以退钱,2844
夏天不要喝可乐,正常人都不希望自己买的奶被浪费被倒掉吧，我的奶都是自己喝完的，到底是谁在倒奶啊无语,2175
yyyyyhxi,印瓶盖里时候是怎么想的... ,188955
小帆船会过万重山,你放什么屁呢，不就是你们把二维码印在瓶盖里的吗？,141982
Heureuxdormez,奶票是你们卖的，奶是你们自己倒的，甩锅给秀芬做什么？我敢保证我买的奶一滴不剩全部都自己喝了 ,91155
职业磕颜选手,退钱吗？决赛怎么搞？,44010
星星星_starlights,你们能神隐？有一句道歉是对粉丝和制作人们说的吗？奶盖里面印着二维码现在把锅扣粉丝头上了？,34707
奶盖加糖不加冰_,所以呢？处理方案？,20264
米免的潮流生活,退💰,16517
甜野辣妹,少他妈让粉丝背锅，我们买的都是电子码的奶卡，你们中间有多少中间商环环相扣割粉丝的韭菜，反过来把倒奶的屎盆子扣粉丝头上了，粉丝花钱了还要给你们擦屁股 ,13954
·星佑初戀·,麻烦可以不要把无良黄牛行为安插在粉丝上吗？我所有买的奶全部都是发给同学大家一起喝，我一瓶都没有倒过，以偏概全真的好吗？花的是我自己的钱，还要被这样诋毁？,10769
难逃月色Vir-,今年大部分后援会或散粉组织都是捐给了福利院等  正式公告道歉+出解决方案🤗,6715
白白白大白w,投过奶的都知道领的奶卡是电子的吧 ,5897
·別吃太飽·,又当又立 你是真茶。,5315
一壹叁四,哦？你们的产业链 ,5223
宋清慈,视频中倒的15瓶一箱的奶市面上很难大量买到，而且大家助力大部分是买的电子二维码，到底是谁倒的奶,3868
橙儿味孙鸭鸭·syh,不把二维码引瓶盖会出这种破事么？这么大的赞助商怎么做事这么不严谨,3002
西行寺的幽幽子_,u1s1 我买的奶都是自己喝，喝不完的送舍友。。。搞不懂奶是谁倒的,2923
咋了叭叭叭叭,干嘛啊 奶是谁倒的你们最清楚了吧？为了挣秀粉的钱你们批量倒卖所谓的奶卡 秀粉买的是你们手里的电子码 现在被曝光了又让秀粉背锅 真有你们的啊我说,3327
梦想是走进有求必应屋,感觉倒奶事件是拿出来为某人挡枪的，懂得都懂，反正我买的奶都自己喝了,2354
·南極指北·,嗯嗯所以退钱,2844
夏天不要喝可乐,正常人都不希望自己买的奶被浪费被倒掉吧，我的奶都是自己喝完的，到底是谁在倒奶啊无语,2175
yyyyyhxi,印瓶盖里时候是怎么想的... ,188956
小帆船会过万重山,你放什么屁呢，不就是你们把二维码印在瓶盖里的吗？,141986
Heureuxdormez,奶票是你们卖的，奶是你们自己倒的，甩锅给秀芬做什么？我敢保证我买的奶一滴不剩全部都自己喝了 ,91156
职业磕颜选手,退钱吗？决赛怎么搞？,44010
星星星_starlights,你们能神隐？有一句道歉是对粉丝和制作人们说的吗？奶盖里面印着二维码现在把锅扣粉丝头上了？,34707
奶盖加糖不加冰_,所以呢？处理方案？,20264
米免的潮流生活,退💰,16519
甜野辣妹,少他妈让粉丝背锅，我们买的都是电子码的奶卡，你们中间有多少中间商环环相扣割粉丝的韭菜，反过来把倒奶的屎盆子扣粉丝头上了，粉丝花钱了还要给你们擦屁股 ,13954
·星佑初戀·,麻烦可以不要把无良黄牛行为安插在粉丝上吗？我所有买的奶全部都是发给同学大家一起喝，我一瓶都没有倒过，以偏概全真的好吗？花的是我自己的钱，还要被这样诋毁？,10769
难逃月色Vir-,今年大部分后援会或散粉组织都是捐给了福利院等  正式公告道歉+出解决方案🤗,6715
白白白大白w,投过奶的都知道领的奶卡是电子的吧 ,5897
·別吃太飽·,又当又立 你是真茶。,5315
一壹叁四,哦？你们的产业链 ,5223
宋清慈,视频中倒的15瓶一箱的奶市面上很难大量买到，而且大家助力大部分是买的电子二维码，到底是谁倒的奶,3869
橙儿味孙鸭鸭·syh,不把二维码引瓶盖会出这种破事么？这么大的赞助商怎么做事这么不严谨,3002
西行寺的幽幽子_,u1s1 我买的奶都是自己喝，喝不完的送舍友。。。搞不懂奶是谁倒的,2923
咋了叭叭叭叭,干嘛啊 奶是谁倒的你们最清楚了吧？为了挣秀粉的钱你们批量倒卖所谓的奶卡 秀粉买的是你们手里的电子码 现在被曝光了又让秀粉背锅 真有你们的啊我说,3327
梦想是走进有求必应屋,感觉倒奶事件是拿出来为某人挡枪的，懂得都懂，反正我买的奶都自己喝了,2354
·南極指北·,嗯嗯所以退钱,2844
夏天不要喝可乐,正常人都不希望自己买的奶被浪费被倒掉吧，我的奶都是自己喝完的，到底是谁在倒奶啊无语,2175
yyyyyhxi,印瓶盖里时候是怎么想的... ,188958
小帆船会过万重山,你放什么屁呢，不就是你们把二维码印在瓶盖里的吗？,141986
Heureuxdormez,奶票是你们卖的，奶是你们自己倒的，甩锅给秀芬做什么？我敢保证我买的奶一滴不剩全部都自己喝了 ,91156
职业磕颜选手,退钱吗？决赛怎么搞？,44010
星星星_starlights,你们能神隐？有一句道歉是对粉丝和制作人们说的吗？奶盖里面印着二维码现在把锅扣粉丝头上了？,34707
奶盖加糖不加冰_,所以呢？处理方案？,20264
米免的潮流生活,退💰,16520
甜野辣妹,少他妈让粉丝背锅，我们买的都是电子码的奶卡，你们中间有多少中间商环环相扣割粉丝的韭菜，反过来把倒奶的屎盆子扣粉丝头上了，粉丝花钱了还要给你们擦屁股 ,13954
·星佑初戀·,麻烦可以不要把无良黄牛行为安插在粉丝上吗？我所有买的奶全部都是发给同学大家一起喝，我一瓶都没有倒过，以偏概全真的好吗？花的是我自己的钱，还要被这样诋毁？,10769
难逃月色Vir-,今年大部分后援会或散粉组织都是捐给了福利院等  正式公告道歉+出解决方案🤗,6715
白白白大白w,投过奶的都知道领的奶卡是电子的吧 ,5897
·別吃太飽·,又当又立 你是真茶。,5315
一壹叁四,哦？你们的产业链 ,5223
宋清慈,视频中倒的15瓶一箱的奶市面上很难大量买到，而且大家助力大部分是买的电子二维码，到底是谁倒的奶,3869
橙儿味孙鸭鸭·syh,不把二维码引瓶盖会出这种破事么？这么大的赞助商怎么做事这么不严谨,3002
西行寺的幽幽子_,u1s1 我买的奶都是自己喝，喝不完的送舍友。。。搞不懂奶是谁倒的,2923
咋了叭叭叭叭,干嘛啊 奶是谁倒的你们最清楚了吧？为了挣秀粉的钱你们批量倒卖所谓的奶卡 秀粉买的是你们手里的电子码 现在被曝光了又让秀粉背锅 真有你们的啊我说,3327
梦想是走进有求必应屋,感觉倒奶事件是拿出来为某人挡枪的，懂得都懂，反正我买的奶都自己喝了,2354
·南極指北·,嗯嗯所以退钱,2844
夏天不要喝可乐,正常人都不希望自己买的奶被浪费被倒掉吧，我的奶都是自己喝完的，到底是谁在倒奶啊无语,2175
yyyyyhxi,印瓶盖里时候是怎么想的... ,188958
小帆船会过万重山,你放什么屁呢，不就是你们把二维码印在瓶盖里的吗？,141986
Heureuxdormez,奶票是你们卖的，奶是你们自己倒的，甩锅给秀芬做什么？我敢保证我买的奶一滴不剩全部都自己喝了 ,91157
职业磕颜选手,退钱吗？决赛怎么搞？,44012
星星星_starlights,你们能神隐？有一句道歉是对粉丝和制作人们说的吗？奶盖里面印着二维码现在把锅扣粉丝头上了？,34707
奶盖加糖不加冰_,所以呢？处理方案？,20264
米免的潮流生活,退💰,16520
甜野辣妹,少他妈让粉丝背锅，我们买的都是电子码的奶卡，你们中间有多少中间商环环相扣割粉丝的韭菜，反过来把倒奶的屎盆子扣粉丝头上了，粉丝花钱了还要给你们擦屁股 ,13954
·星佑初戀·,麻烦可以不要把无良黄牛行为安插在粉丝上吗？我所有买的奶全部都是发给同学大家一起喝，我一瓶都没有倒过，以偏概全真的好吗？花的是我自己的钱，还要被这样诋毁？,10769
难逃月色Vir-,今年大部分后援会或散粉组织都是捐给了福利院等  正式公告道歉+出解决方案🤗,6715
白白白大白w,投过奶的都知道领的奶卡是电子的吧 ,5897
·別吃太飽·,又当又立 你是真茶。,5315
一壹叁四,哦？你们的产业链 ,5223
宋清慈,视频中倒的15瓶一箱的奶市面上很难大量买到，而且大家助力大部分是买的电子二维码，到底是谁倒的奶,3869
橙儿味孙鸭鸭·syh,不把二维码引瓶盖会出这种破事么？这么大的赞助商怎么做事这么不严谨,3002
西行寺的幽幽子_,u1s1 我买的奶都是自己喝，喝不完的送舍友。。。搞不懂奶是谁倒的,2923
咋了叭叭叭叭,干嘛啊 奶是谁倒的你们最清楚了吧？为了挣秀粉的钱你们批量倒卖所谓的奶卡 秀粉买的是你们手里的电子码 现在被曝光了又让秀粉背锅 真有你们的啊我说,3327
梦想是走进有求必应屋,感觉倒奶事件是拿出来为某人挡枪的，懂得都懂，反正我买的奶都自己喝了,2354
·南極指北·,嗯嗯所以退钱,2844
夏天不要喝可乐,正常人都不希望自己买的奶被浪费被倒掉吧，我的奶都是自己喝完的，到底是谁在倒奶啊无语,2175
yyyyyhxi,印瓶盖里时候是怎么想的... ,188961
小帆船会过万重山,你放什么屁呢，不就是你们把二维码印在瓶盖里的吗？,141987
Heureuxdormez,奶票是你们卖的，奶是你们自己倒的，甩锅给秀芬做什么？我敢保证我买的奶一滴不剩全部都自己喝了 ,91157
职业磕颜选手,退钱吗？决赛怎么搞？,44012
星星星_starlights,你们能神隐？有一句道歉是对粉丝和制作人们说的吗？奶盖里面印着二维码现在把锅扣粉丝头上了？,34707
奶盖加糖不加冰_,所以呢？处理方案？,20264
米免的潮流生活,退💰,16520
甜野辣妹,少他妈让粉丝背锅，我们买的都是电子码的奶卡，你们中间有多少中间商环环相扣割粉丝的韭菜，反过来把倒奶的屎盆子扣粉丝头上了，粉丝花钱了还要给你们擦屁股 ,13955
·星佑初戀·,麻烦可以不要把无良黄牛行为安插在粉丝上吗？我所有买的奶全部都是发给同学大家一起喝，我一瓶都没有倒过，以偏概全真的好吗？花的是我自己的钱，还要被这样诋毁？,10769
难逃月色Vir-,今年大部分后援会或散粉组织都是捐给了福利院等  正式公告道歉+出解决方案🤗,6715
白白白大白w,投过奶的都知道领的奶卡是电子的吧 ,5897
·別吃太飽·,又当又立 你是真茶。,5315
一壹叁四,哦？你们的产业链 ,5223
宋清慈,视频中倒的15瓶一箱的奶市面上很难大量买到，而且大家助力大部分是买的电子二维码，到底是谁倒的奶,3869
橙儿味孙鸭鸭·syh,不把二维码引瓶盖会出这种破事么？这么大的赞助商怎么做事这么不严谨,3002
西行寺的幽幽子_,u1s1 我买的奶都是自己喝，喝不完的送舍友。。。搞不懂奶是谁倒的,2923
咋了叭叭叭叭,干嘛啊 奶是谁倒的你们最清楚了吧？为了挣秀粉的钱你们批量倒卖所谓的奶卡 秀粉买的是你们手里的电子码 现在被曝光了又让秀粉背锅 真有你们的啊我说,3327
梦想是走进有求必应屋,感觉倒奶事件是拿出来为某人挡枪的，懂得都懂，反正我买的奶都自己喝了,2354
·南極指北·,嗯嗯所以退钱,2844
夏天不要喝可乐,正常人都不希望自己买的奶被浪费被倒掉吧，我的奶都是自己喝完的，到底是谁在倒奶啊无语,2175
yyyyyhxi,印瓶盖里时候是怎么想的... ,188961
小帆船会过万重山,你放什么屁呢，不就是你们把二维码印在瓶盖里的吗？,141987
Heureuxdormez,奶票是你们卖的，奶是你们自己倒的，甩锅给秀芬做什么？我敢保证我买的奶一滴不剩全部都自己喝了 ,91158
职业磕颜选手,退钱吗？决赛怎么搞？,44013
星星星_starlights,你们能神隐？有一句道歉是对粉丝和制作人们说的吗？奶盖里面印着二维码现在把锅扣粉丝头上了？,34707
奶盖加糖不加冰_,所以呢？处理方案？,20264
米免的潮流生活,退💰,16520
甜野辣妹,少他妈让粉丝背锅，我们买的都是电子码的奶卡，你们中间有多少中间商环环相扣割粉丝的韭菜，反过来把倒奶的屎盆子扣粉丝头上了，粉丝花钱了还要给你们擦屁股 ,13956
·星佑初戀·,麻烦可以不要把无良黄牛行为安插在粉丝上吗？我所有买的奶全部都是发给同学大家一起喝，我一瓶都没有倒过，以偏概全真的好吗？花的是我自己的钱，还要被这样诋毁？,10769
难逃月色Vir-,今年大部分后援会或散粉组织都是捐给了福利院等  正式公告道歉+出解决方案🤗,6715
白白白大白w,投过奶的都知道领的奶卡是电子的吧 ,5897
·別吃太飽·,又当又立 你是真茶。,5315
一壹叁四,哦？你们的产业链 ,5223
宋清慈,视频中倒的15瓶一箱的奶市面上很难大量买到，而且大家助力大部分是买的电子二维码，到底是谁倒的奶,3869
橙儿味孙鸭鸭·syh,不把二维码引瓶盖会出这种破事么？这么大的赞助商怎么做事这么不严谨,3002
西行寺的幽幽子_,u1s1 我买的奶都是自己喝，喝不完的送舍友。。。搞不懂奶是谁倒的,2923
咋了叭叭叭叭,干嘛啊 奶是谁倒的你们最清楚了吧？为了挣秀粉的钱你们批量倒卖所谓的奶卡 秀粉买的是你们手里的电子码 现在被曝光了又让秀粉背锅 真有你们的啊我说,3327
梦想是走进有求必应屋,感觉倒奶事件是拿出来为某人挡枪的，懂得都懂，反正我买的奶都自己喝了,2354
·南極指北·,嗯嗯所以退钱,2844
夏天不要喝可乐,正常人都不希望自己买的奶被浪费被倒掉吧，我的奶都是自己喝完的，到底是谁在倒奶啊无语,2175
yyyyyhxi,印瓶盖里时候是怎么想的... ,188965
小帆船会过万重山,你放什么屁呢，不就是你们把二维码印在瓶盖里的吗？,141987
Heureuxdormez,奶票是你们卖的，奶是你们自己倒的，甩锅给秀芬做什么？我敢保证我买的奶一滴不剩全部都自己喝了 ,91158
职业磕颜选手,退钱吗？决赛怎么搞？,44014
星星星_starlights,你们能神隐？有一句道歉是对粉丝和制作人们说的吗？奶盖里面印着二维码现在把锅扣粉丝头上了？,34707
奶盖加糖不加冰_,所以呢？处理方案？,20265
米免的潮流生活,退💰,16520
甜野辣妹,少他妈让粉丝背锅，我们买的都是电子码的奶卡，你们中间有多少中间商环环相扣割粉丝的韭菜，反过来把倒奶的屎盆子扣粉丝头上了，粉丝花钱了还要给你们擦屁股 ,13957
·星佑初戀·,麻烦可以不要把无良黄牛行为安插在粉丝上吗？我所有买的奶全部都是发给同学大家一起喝，我一瓶都没有倒过，以偏概全真的好吗？花的是我自己的钱，还要被这样诋毁？,10769
难逃月色Vir-,今年大部分后援会或散粉组织都是捐给了福利院等  正式公告道歉+出解决方案🤗,6715
白白白大白w,投过奶的都知道领的奶卡是电子的吧 ,5897
·別吃太飽·,又当又立 你是真茶。,5315
一壹叁四,哦？你们的产业链 ,5223
宋清慈,视频中倒的15瓶一箱的奶市面上很难大量买到，而且大家助力大部分是买的电子二维码，到底是谁倒的奶,3869
橙儿味孙鸭鸭·syh,不把二维码引瓶盖会出这种破事么？这么大的赞助商怎么做事这么不严谨,3002
西行寺的幽幽子_,u1s1 我买的奶都是自己喝，喝不完的送舍友。。。搞不懂奶是谁倒的,2924
咋了叭叭叭叭,干嘛啊 奶是谁倒的你们最清楚了吧？为了挣秀粉的钱你们批量倒卖所谓的奶卡 秀粉买的是你们手里的电子码 现在被曝光了又让秀粉背锅 真有你们的啊我说,3327
梦想是走进有求必应屋,感觉倒奶事件是拿出来为某人挡枪的，懂得都懂，反正我买的奶都自己喝了,2354
·南極指北·,嗯嗯所以退钱,2844
夏天不要喝可乐,正常人都不希望自己买的奶被浪费被倒掉吧，我的奶都是自己喝完的，到底是谁在倒奶啊无语,2175
yyyyyhxi,印瓶盖里时候是怎么想的... ,188967
小帆船会过万重山,你放什么屁呢，不就是你们把二维码印在瓶盖里的吗？,141988
Heureuxdormez,奶票是你们卖的，奶是你们自己倒的，甩锅给秀芬做什么？我敢保证我买的奶一滴不剩全部都自己喝了 ,91160
职业磕颜选手,退钱吗？决赛怎么搞？,44014
星星星_starlights,你们能神隐？有一句道歉是对粉丝和制作人们说的吗？奶盖里面印着二维码现在把锅扣粉丝头上了？,34707
奶盖加糖不加冰_,所以呢？处理方案？,20265
米免的潮流生活,退💰,16520
甜野辣妹,少他妈让粉丝背锅，我们买的都是电子码的奶卡，你们中间有多少中间商环环相扣割粉丝的韭菜，反过来把倒奶的屎盆子扣粉丝头上了，粉丝花钱了还要给你们擦屁股 ,13958
·星佑初戀·,麻烦可以不要把无良黄牛行为安插在粉丝上吗？我所有买的奶全部都是发给同学大家一起喝，我一瓶都没有倒过，以偏概全真的好吗？花的是我自己的钱，还要被这样诋毁？,10769
难逃月色Vir-,今年大部分后援会或散粉组织都是捐给了福利院等  正式公告道歉+出解决方案🤗,6715
白白白大白w,投过奶的都知道领的奶卡是电子的吧 ,5897
·別吃太飽·,又当又立 你是真茶。,5315
一壹叁四,哦？你们的产业链 ,5224
宋清慈,视频中倒的15瓶一箱的奶市面上很难大量买到，而且大家助力大部分是买的电子二维码，到底是谁倒的奶,3869
橙儿味孙鸭鸭·syh,不把二维码引瓶盖会出这种破事么？这么大的赞助商怎么做事这么不严谨,3001
西行寺的幽幽子_,u1s1 我买的奶都是自己喝，喝不完的送舍友。。。搞不懂奶是谁倒的,2924
咋了叭叭叭叭,干嘛啊 奶是谁倒的你们最清楚了吧？为了挣秀粉的钱你们批量倒卖所谓的奶卡 秀粉买的是你们手里的电子码 现在被曝光了又让秀粉背锅 真有你们的啊我说,3328
梦想是走进有求必应屋,感觉倒奶事件是拿出来为某人挡枪的，懂得都懂，反正我买的奶都自己喝了,2354
·南極指北·,嗯嗯所以退钱,2844
夏天不要喝可乐,正常人都不希望自己买的奶被浪费被倒掉吧，我的奶都是自己喝完的，到底是谁在倒奶啊无语,2175
yyyyyhxi,印瓶盖里时候是怎么想的... ,188967
小帆船会过万重山,你放什么屁呢，不就是你们把二维码印在瓶盖里的吗？,141987
Heureuxdormez,奶票是你们卖的，奶是你们自己倒的，甩锅给秀芬做什么？我敢保证我买的奶一滴不剩全部都自己喝了 ,91161
职业磕颜选手,退钱吗？决赛怎么搞？,44014
星星星_starlights,你们能神隐？有一句道歉是对粉丝和制作人们说的吗？奶盖里面印着二维码现在把锅扣粉丝头上了？,34708
奶盖加糖不加冰_,所以呢？处理方案？,20265
米免的潮流生活,退💰,16521
甜野辣妹,少他妈让粉丝背锅，我们买的都是电子码的奶卡，你们中间有多少中间商环环相扣割粉丝的韭菜，反过来把倒奶的屎盆子扣粉丝头上了，粉丝花钱了还要给你们擦屁股 ,13958
·星佑初戀·,麻烦可以不要把无良黄牛行为安插在粉丝上吗？我所有买的奶全部都是发给同学大家一起喝，我一瓶都没有倒过，以偏概全真的好吗？花的是我自己的钱，还要被这样诋毁？,10769
难逃月色Vir-,今年大部分后援会或散粉组织都是捐给了福利院等  正式公告道歉+出解决方案🤗,6715
白白白大白w,投过奶的都知道领的奶卡是电子的吧 ,5897
·別吃太飽·,又当又立 你是真茶。,5315
一壹叁四,哦？你们的产业链 ,5224
宋清慈,视频中倒的15瓶一箱的奶市面上很难大量买到，而且大家助力大部分是买的电子二维码，到底是谁倒的奶,3869
橙儿味孙鸭鸭·syh,不把二维码引瓶盖会出这种破事么？这么大的赞助商怎么做事这么不严谨,3001
西行寺的幽幽子_,u1s1 我买的奶都是自己喝，喝不完的送舍友。。。搞不懂奶是谁倒的,2924
咋了叭叭叭叭,干嘛啊 奶是谁倒的你们最清楚了吧？为了挣秀粉的钱你们批量倒卖所谓的奶卡 秀粉买的是你们手里的电子码 现在被曝光了又让秀粉背锅 真有你们的啊我说,3328
梦想是走进有求必应屋,感觉倒奶事件是拿出来为某人挡枪的，懂得都懂，反正我买的奶都自己喝了,2354
·南極指北·,嗯嗯所以退钱,2844
夏天不要喝可乐,正常人都不希望自己买的奶被浪费被倒掉吧，我的奶都是自己喝完的，到底是谁在倒奶啊无语,2175
yyyyyhxi,印瓶盖里时候是怎么想的... ,188970
小帆船会过万重山,你放什么屁呢，不就是你们把二维码印在瓶盖里的吗？,141988
Heureuxdormez,奶票是你们卖的，奶是你们自己倒的，甩锅给秀芬做什么？我敢保证我买的奶一滴不剩全部都自己喝了 ,91161
职业磕颜选手,退钱吗？决赛怎么搞？,44015
星星星_starlights,你们能神隐？有一句道歉是对粉丝和制作人们说的吗？奶盖里面印着二维码现在把锅扣粉丝头上了？,34708
奶盖加糖不加冰_,所以呢？处理方案？,20265
米免的潮流生活,退💰,16521
甜野辣妹,少他妈让粉丝背锅，我们买的都是电子码的奶卡，你们中间有多少中间商环环相扣割粉丝的韭菜，反过来把倒奶的屎盆子扣粉丝头上了，粉丝花钱了还要给你们擦屁股 ,13958
·星佑初戀·,麻烦可以不要把无良黄牛行为安插在粉丝上吗？我所有买的奶全部都是发给同学大家一起喝，我一瓶都没有倒过，以偏概全真的好吗？花的是我自己的钱，还要被这样诋毁？,10769
难逃月色Vir-,今年大部分后援会或散粉组织都是捐给了福利院等  正式公告道歉+出解决方案🤗,6715
白白白大白w,投过奶的都知道领的奶卡是电子的吧 ,5897
·別吃太飽·,又当又立 你是真茶。,5315
一壹叁四,哦？你们的产业链 ,5224
宋清慈,视频中倒的15瓶一箱的奶市面上很难大量买到，而且大家助力大部分是买的电子二维码，到底是谁倒的奶,3869
橙儿味孙鸭鸭·syh,不把二维码引瓶盖会出这种破事么？这么大的赞助商怎么做事这么不严谨,3001
西行寺的幽幽子_,u1s1 我买的奶都是自己喝，喝不完的送舍友。。。搞不懂奶是谁倒的,2924
咋了叭叭叭叭,干嘛啊 奶是谁倒的你们最清楚了吧？为了挣秀粉的钱你们批量倒卖所谓的奶卡 秀粉买的是你们手里的电子码 现在被曝光了又让秀粉背锅 真有你们的啊我说,3328
梦想是走进有求必应屋,感觉倒奶事件是拿出来为某人挡枪的，懂得都懂，反正我买的奶都自己喝了,2354
·南極指北·,嗯嗯所以退钱,2844
夏天不要喝可乐,正常人都不希望自己买的奶被浪费被倒掉吧，我的奶都是自己喝完的，到底是谁在倒奶啊无语,2175
yyyyyhxi,印瓶盖里时候是怎么想的... ,188972
小帆船会过万重山,你放什么屁呢，不就是你们把二维码印在瓶盖里的吗？,141989
Heureuxdormez,奶票是你们卖的，奶是你们自己倒的，甩锅给秀芬做什么？我敢保证我买的奶一滴不剩全部都自己喝了 ,91162
职业磕颜选手,退钱吗？决赛怎么搞？,44015
星星星_starlights,你们能神隐？有一句道歉是对粉丝和制作人们说的吗？奶盖里面印着二维码现在把锅扣粉丝头上了？,34708
奶盖加糖不加冰_,所以呢？处理方案？,20266
米免的潮流生活,退💰,16521
甜野辣妹,少他妈让粉丝背锅，我们买的都是电子码的奶卡，你们中间有多少中间商环环相扣割粉丝的韭菜，反过来把倒奶的屎盆子扣粉丝头上了，粉丝花钱了还要给你们擦屁股 ,13958
·星佑初戀·,麻烦可以不要把无良黄牛行为安插在粉丝上吗？我所有买的奶全部都是发给同学大家一起喝，我一瓶都没有倒过，以偏概全真的好吗？花的是我自己的钱，还要被这样诋毁？,10770
难逃月色Vir-,今年大部分后援会或散粉组织都是捐给了福利院等  正式公告道歉+出解决方案🤗,6715
白白白大白w,投过奶的都知道领的奶卡是电子的吧 ,5897
·別吃太飽·,又当又立 你是真茶。,5315
一壹叁四,哦？你们的产业链 ,5224
宋清慈,视频中倒的15瓶一箱的奶市面上很难大量买到，而且大家助力大部分是买的电子二维码，到底是谁倒的奶,3869
橙儿味孙鸭鸭·syh,不把二维码引瓶盖会出这种破事么？这么大的赞助商怎么做事这么不严谨,3001
西行寺的幽幽子_,u1s1 我买的奶都是自己喝，喝不完的送舍友。。。搞不懂奶是谁倒的,2924
咋了叭叭叭叭,干嘛啊 奶是谁倒的你们最清楚了吧？为了挣秀粉的钱你们批量倒卖所谓的奶卡 秀粉买的是你们手里的电子码 现在被曝光了又让秀粉背锅 真有你们的啊我说,3328
梦想是走进有求必应屋,感觉倒奶事件是拿出来为某人挡枪的，懂得都懂，反正我买的奶都自己喝了,2354
·南極指北·,嗯嗯所以退钱,2844
夏天不要喝可乐,正常人都不希望自己买的奶被浪费被倒掉吧，我的奶都是自己喝完的，到底是谁在倒奶啊无语,2175
yyyyyhxi,印瓶盖里时候是怎么想的... ,188976
小帆船会过万重山,你放什么屁呢，不就是你们把二维码印在瓶盖里的吗？,141993
Heureuxdormez,奶票是你们卖的，奶是你们自己倒的，甩锅给秀芬做什么？我敢保证我买的奶一滴不剩全部都自己喝了 ,91162
职业磕颜选手,退钱吗？决赛怎么搞？,44017
星星星_starlights,你们能神隐？有一句道歉是对粉丝和制作人们说的吗？奶盖里面印着二维码现在把锅扣粉丝头上了？,34708
奶盖加糖不加冰_,所以呢？处理方案？,20266
米免的潮流生活,退💰,16522
甜野辣妹,少他妈让粉丝背锅，我们买的都是电子码的奶卡，你们中间有多少中间商环环相扣割粉丝的韭菜，反过来把倒奶的屎盆子扣粉丝头上了，粉丝花钱了还要给你们擦屁股 ,13958
·星佑初戀·,麻烦可以不要把无良黄牛行为安插在粉丝上吗？我所有买的奶全部都是发给同学大家一起喝，我一瓶都没有倒过，以偏概全真的好吗？花的是我自己的钱，还要被这样诋毁？,10770
难逃月色Vir-,今年大部分后援会或散粉组织都是捐给了福利院等  正式公告道歉+出解决方案🤗,6715
白白白大白w,投过奶的都知道领的奶卡是电子的吧 ,5897
·別吃太飽·,又当又立 你是真茶。,5315
一壹叁四,哦？你们的产业链 ,5224
宋清慈,视频中倒的15瓶一箱的奶市面上很难大量买到，而且大家助力大部分是买的电子二维码，到底是谁倒的奶,3869
橙儿味孙鸭鸭·syh,不把二维码引瓶盖会出这种破事么？这么大的赞助商怎么做事这么不严谨,3001
西行寺的幽幽子_,u1s1 我买的奶都是自己喝，喝不完的送舍友。。。搞不懂奶是谁倒的,2924
咋了叭叭叭叭,干嘛啊 奶是谁倒的你们最清楚了吧？为了挣秀粉的钱你们批量倒卖所谓的奶卡 秀粉买的是你们手里的电子码 现在被曝光了又让秀粉背锅 真有你们的啊我说,3328
梦想是走进有求必应屋,感觉倒奶事件是拿出来为某人挡枪的，懂得都懂，反正我买的奶都自己喝了,2354
·南極指北·,嗯嗯所以退钱,2844
夏天不要喝可乐,正常人都不希望自己买的奶被浪费被倒掉吧，我的奶都是自己喝完的，到底是谁在倒奶啊无语,2175
yyyyyhxi,印瓶盖里时候是怎么想的... ,188976
