高飞就是一条狗,从政？日本的政坛？那她就不是我老婆而是敌人了 ,8529
陈昊然,她好像是某教会捧出来的明星吧，最后的归途可能都是政治家 ,1097
赏猫大会,每个人都有自己的的选择，过得开心就好了,576
ML落日晨曦,政治的水太深，宝贝儿，你把握不住的,387
挣扎努力积极向上的小麻雀,可是，但是，可但是，但可是，日本政界好像有点反华 ,313
身骑白马,民主国家都是这，谁都可以参加竞选,40
朱同学今天又可爱了,她好像之前信啥教来着 从政的话比我们估计会不友好吧 毕竟日本政坛可是跟着🇺🇸走的啊,141
筱美芽,从事反华活动是一定的了 ,115
Alone形式,这是真的吗，坐等一个官宣吧,88
保温杯老干部03,我觉得明星也有自己当不当明星的自由吧,67
哪会失了心中疯呢,从政？？？？啊？,74
雪鹰飞鱼,日本明星真不比中国，如果是中国绝对不会退圈的，小钱钱都赚不过来了,8
白莲的爹,我还在期待非自然死亡第二季 看来是没希望了,49
年度心动报告,新垣结衣、石原里美…那些我爱过的四字女人今天下午给我的伤害好深 ,5
夏季赛金三角,好厉害啊，很有才华的人啊,17
丸子偏科也爱茶茶,要看不到姐姐演的戏了吗😭,1
咬一博的奶膘,啊从日本美女变成日本鬼子 ,5
十墨十墨十,老婆 -1 ,6
狗叠动画,希望未来假设她进行了什么反华行为的时候粉丝不要继续边喊老婆边洗地，如果实在做不到的话可以花250换个国籍再喊。,6
sid0316,今天爆炸性的新闻好多啊 ,4
高飞就是一条狗,从政？日本的政坛？那她就不是我老婆而是敌人了 ,8534
陈昊然,她好像是某教会捧出来的明星吧，最后的归途可能都是政治家 ,1099
赏猫大会,每个人都有自己的的选择，过得开心就好了,576
ML落日晨曦,政治的水太深，宝贝儿，你把握不住的,388
挣扎努力积极向上的小麻雀,可是，但是，可但是，但可是，日本政界好像有点反华 ,313
身骑白马,民主国家都是这，谁都可以参加竞选,40
朱同学今天又可爱了,她好像之前信啥教来着 从政的话比我们估计会不友好吧 毕竟日本政坛可是跟着🇺🇸走的啊,142
筱美芽,从事反华活动是一定的了 ,116
Alone形式,这是真的吗，坐等一个官宣吧,88
保温杯老干部03,我觉得明星也有自己当不当明星的自由吧,67
哪会失了心中疯呢,从政？？？？啊？,74
雪鹰飞鱼,日本明星真不比中国，如果是中国绝对不会退圈的，小钱钱都赚不过来了,8
白莲的爹,我还在期待非自然死亡第二季 看来是没希望了,49
年度心动报告,新垣结衣、石原里美…那些我爱过的四字女人今天下午给我的伤害好深 ,6
夏季赛金三角,好厉害啊，很有才华的人啊,17
丸子偏科也爱茶茶,要看不到姐姐演的戏了吗😭,1
咬一博的奶膘,啊从日本美女变成日本鬼子 ,5
十墨十墨十,老婆 -1 ,6
狗叠动画,希望未来假设她进行了什么反华行为的时候粉丝不要继续边喊老婆边洗地，如果实在做不到的话可以花250换个国籍再喊。,6
sid0316,今天爆炸性的新闻好多啊 ,4
高飞就是一条狗,从政？日本的政坛？那她就不是我老婆而是敌人了 ,8539
陈昊然,她好像是某教会捧出来的明星吧，最后的归途可能都是政治家 ,1101
赏猫大会,每个人都有自己的的选择，过得开心就好了,576
ML落日晨曦,政治的水太深，宝贝儿，你把握不住的,388
挣扎努力积极向上的小麻雀,可是，但是，可但是，但可是，日本政界好像有点反华 ,313
身骑白马,民主国家都是这，谁都可以参加竞选,40
朱同学今天又可爱了,她好像之前信啥教来着 从政的话比我们估计会不友好吧 毕竟日本政坛可是跟着🇺🇸走的啊,142
筱美芽,从事反华活动是一定的了 ,116
Alone形式,这是真的吗，坐等一个官宣吧,88
保温杯老干部03,我觉得明星也有自己当不当明星的自由吧,67
哪会失了心中疯呢,从政？？？？啊？,74
雪鹰飞鱼,日本明星真不比中国，如果是中国绝对不会退圈的，小钱钱都赚不过来了,8
白莲的爹,我还在期待非自然死亡第二季 看来是没希望了,49
年度心动报告,新垣结衣、石原里美…那些我爱过的四字女人今天下午给我的伤害好深 ,6
夏季赛金三角,好厉害啊，很有才华的人啊,17
丸子偏科也爱茶茶,要看不到姐姐演的戏了吗😭,1
咬一博的奶膘,啊从日本美女变成日本鬼子 ,5
十墨十墨十,老婆 -1 ,6
狗叠动画,希望未来假设她进行了什么反华行为的时候粉丝不要继续边喊老婆边洗地，如果实在做不到的话可以花250换个国籍再喊。,6
sid0316,今天爆炸性的新闻好多啊 ,4
高飞就是一条狗,从政？日本的政坛？那她就不是我老婆而是敌人了 ,8541
陈昊然,她好像是某教会捧出来的明星吧，最后的归途可能都是政治家 ,1102
ML落日晨曦,政治的水太深，宝贝儿，你把握不住的,388
赏猫大会,每个人都有自己的的选择，过得开心就好了,576
挣扎努力积极向上的小麻雀,可是，但是，可但是，但可是，日本政界好像有点反华 ,313
身骑白马,民主国家都是这，谁都可以参加竞选,40
朱同学今天又可爱了,她好像之前信啥教来着 从政的话比我们估计会不友好吧 毕竟日本政坛可是跟着🇺🇸走的啊,142
筱美芽,从事反华活动是一定的了 ,116
Alone形式,这是真的吗，坐等一个官宣吧,88
保温杯老干部03,我觉得明星也有自己当不当明星的自由吧,67
哪会失了心中疯呢,从政？？？？啊？,74
雪鹰飞鱼,日本明星真不比中国，如果是中国绝对不会退圈的，小钱钱都赚不过来了,8
白莲的爹,我还在期待非自然死亡第二季 看来是没希望了,49
年度心动报告,新垣结衣、石原里美…那些我爱过的四字女人今天下午给我的伤害好深 ,6
夏季赛金三角,好厉害啊，很有才华的人啊,17
丸子偏科也爱茶茶,要看不到姐姐演的戏了吗😭,1
咬一博的奶膘,啊从日本美女变成日本鬼子 ,5
十墨十墨十,老婆 -1 ,6
狗叠动画,希望未来假设她进行了什么反华行为的时候粉丝不要继续边喊老婆边洗地，如果实在做不到的话可以花250换个国籍再喊。,6
sid0316,今天爆炸性的新闻好多啊 ,4
高飞就是一条狗,从政？日本的政坛？那她就不是我老婆而是敌人了 ,8550
陈昊然,她好像是某教会捧出来的明星吧，最后的归途可能都是政治家 ,1103
ML落日晨曦,政治的水太深，宝贝儿，你把握不住的,390
赏猫大会,每个人都有自己的的选择，过得开心就好了,578
挣扎努力积极向上的小麻雀,可是，但是，可但是，但可是，日本政界好像有点反华 ,313
身骑白马,民主国家都是这，谁都可以参加竞选,40
朱同学今天又可爱了,她好像之前信啥教来着 从政的话比我们估计会不友好吧 毕竟日本政坛可是跟着🇺🇸走的啊,143
筱美芽,从事反华活动是一定的了 ,116
Alone形式,这是真的吗，坐等一个官宣吧,88
保温杯老干部03,我觉得明星也有自己当不当明星的自由吧,67
哪会失了心中疯呢,从政？？？？啊？,74
雪鹰飞鱼,日本明星真不比中国，如果是中国绝对不会退圈的，小钱钱都赚不过来了,8
白莲的爹,我还在期待非自然死亡第二季 看来是没希望了,49
年度心动报告,新垣结衣、石原里美…那些我爱过的四字女人今天下午给我的伤害好深 ,6
夏季赛金三角,好厉害啊，很有才华的人啊,17
丸子偏科也爱茶茶,要看不到姐姐演的戏了吗😭,1
咬一博的奶膘,啊从日本美女变成日本鬼子 ,5
十墨十墨十,老婆 -1 ,6
狗叠动画,希望未来假设她进行了什么反华行为的时候粉丝不要继续边喊老婆边洗地，如果实在做不到的话可以花250换个国籍再喊。,6
sid0316,今天爆炸性的新闻好多啊 ,4
高飞就是一条狗,从政？日本的政坛？那她就不是我老婆而是敌人了 ,8555
陈昊然,她好像是某教会捧出来的明星吧，最后的归途可能都是政治家 ,1105
赏猫大会,每个人都有自己的的选择，过得开心就好了,578
ML落日晨曦,政治的水太深，宝贝儿，你把握不住的,391
挣扎努力积极向上的小麻雀,可是，但是，可但是，但可是，日本政界好像有点反华 ,313
身骑白马,民主国家都是这，谁都可以参加竞选,40
朱同学今天又可爱了,她好像之前信啥教来着 从政的话比我们估计会不友好吧 毕竟日本政坛可是跟着🇺🇸走的啊,143
筱美芽,从事反华活动是一定的了 ,116
Alone形式,这是真的吗，坐等一个官宣吧,88
保温杯老干部03,我觉得明星也有自己当不当明星的自由吧,67
哪会失了心中疯呢,从政？？？？啊？,74
雪鹰飞鱼,日本明星真不比中国，如果是中国绝对不会退圈的，小钱钱都赚不过来了,8
白莲的爹,我还在期待非自然死亡第二季 看来是没希望了,49
年度心动报告,新垣结衣、石原里美…那些我爱过的四字女人今天下午给我的伤害好深 ,6
夏季赛金三角,好厉害啊，很有才华的人啊,17
丸子偏科也爱茶茶,要看不到姐姐演的戏了吗😭,1
咬一博的奶膘,啊从日本美女变成日本鬼子 ,5
十墨十墨十,老婆 -1 ,6
狗叠动画,希望未来假设她进行了什么反华行为的时候粉丝不要继续边喊老婆边洗地，如果实在做不到的话可以花250换个国籍再喊。,6
sid0316,今天爆炸性的新闻好多啊 ,4
高飞就是一条狗,从政？日本的政坛？那她就不是我老婆而是敌人了 ,8565
陈昊然,她好像是某教会捧出来的明星吧，最后的归途可能都是政治家 ,1106
赏猫大会,每个人都有自己的的选择，过得开心就好了,579
ML落日晨曦,政治的水太深，宝贝儿，你把握不住的,391
挣扎努力积极向上的小麻雀,可是，但是，可但是，但可是，日本政界好像有点反华 ,313
身骑白马,民主国家都是这，谁都可以参加竞选,40
朱同学今天又可爱了,她好像之前信啥教来着 从政的话比我们估计会不友好吧 毕竟日本政坛可是跟着🇺🇸走的啊,143
筱美芽,从事反华活动是一定的了 ,117
Alone形式,这是真的吗，坐等一个官宣吧,88
保温杯老干部03,我觉得明星也有自己当不当明星的自由吧,67
哪会失了心中疯呢,从政？？？？啊？,74
雪鹰飞鱼,日本明星真不比中国，如果是中国绝对不会退圈的，小钱钱都赚不过来了,8
白莲的爹,我还在期待非自然死亡第二季 看来是没希望了,49
年度心动报告,新垣结衣、石原里美…那些我爱过的四字女人今天下午给我的伤害好深 ,6
夏季赛金三角,好厉害啊，很有才华的人啊,17
丸子偏科也爱茶茶,要看不到姐姐演的戏了吗😭,1
咬一博的奶膘,啊从日本美女变成日本鬼子 ,5
十墨十墨十,老婆 -1 ,6
狗叠动画,希望未来假设她进行了什么反华行为的时候粉丝不要继续边喊老婆边洗地，如果实在做不到的话可以花250换个国籍再喊。,6
sid0316,今天爆炸性的新闻好多啊 ,4
高飞就是一条狗,从政？日本的政坛？那她就不是我老婆而是敌人了 ,8577
陈昊然,她好像是某教会捧出来的明星吧，最后的归途可能都是政治家 ,1107
赏猫大会,每个人都有自己的的选择，过得开心就好了,579
ML落日晨曦,政治的水太深，宝贝儿，你把握不住的,391
挣扎努力积极向上的小麻雀,可是，但是，可但是，但可是，日本政界好像有点反华 ,314
身骑白马,民主国家都是这，谁都可以参加竞选,40
朱同学今天又可爱了,她好像之前信啥教来着 从政的话比我们估计会不友好吧 毕竟日本政坛可是跟着🇺🇸走的啊,142
筱美芽,从事反华活动是一定的了 ,117
Alone形式,这是真的吗，坐等一个官宣吧,88
保温杯老干部03,我觉得明星也有自己当不当明星的自由吧,67
哪会失了心中疯呢,从政？？？？啊？,74
雪鹰飞鱼,日本明星真不比中国，如果是中国绝对不会退圈的，小钱钱都赚不过来了,8
白莲的爹,我还在期待非自然死亡第二季 看来是没希望了,49
年度心动报告,新垣结衣、石原里美…那些我爱过的四字女人今天下午给我的伤害好深 ,6
夏季赛金三角,好厉害啊，很有才华的人啊,17
丸子偏科也爱茶茶,要看不到姐姐演的戏了吗😭,1
咬一博的奶膘,啊从日本美女变成日本鬼子 ,5
十墨十墨十,老婆 -1 ,6
狗叠动画,希望未来假设她进行了什么反华行为的时候粉丝不要继续边喊老婆边洗地，如果实在做不到的话可以花250换个国籍再喊。,6
sid0316,今天爆炸性的新闻好多啊 ,4
高飞就是一条狗,从政？日本的政坛？那她就不是我老婆而是敌人了 ,8588
陈昊然,她好像是某教会捧出来的明星吧，最后的归途可能都是政治家 ,1109
赏猫大会,每个人都有自己的的选择，过得开心就好了,581
ML落日晨曦,政治的水太深，宝贝儿，你把握不住的,391
挣扎努力积极向上的小麻雀,可是，但是，可但是，但可是，日本政界好像有点反华 ,314
身骑白马,民主国家都是这，谁都可以参加竞选,40
朱同学今天又可爱了,她好像之前信啥教来着 从政的话比我们估计会不友好吧 毕竟日本政坛可是跟着🇺🇸走的啊,143
筱美芽,从事反华活动是一定的了 ,117
Alone形式,这是真的吗，坐等一个官宣吧,88
保温杯老干部03,我觉得明星也有自己当不当明星的自由吧,67
哪会失了心中疯呢,从政？？？？啊？,74
雪鹰飞鱼,日本明星真不比中国，如果是中国绝对不会退圈的，小钱钱都赚不过来了,8
白莲的爹,我还在期待非自然死亡第二季 看来是没希望了,49
年度心动报告,新垣结衣、石原里美…那些我爱过的四字女人今天下午给我的伤害好深 ,6
夏季赛金三角,好厉害啊，很有才华的人啊,17
丸子偏科也爱茶茶,要看不到姐姐演的戏了吗😭,1
咬一博的奶膘,啊从日本美女变成日本鬼子 ,5
十墨十墨十,老婆 -1 ,6
狗叠动画,希望未来假设她进行了什么反华行为的时候粉丝不要继续边喊老婆边洗地，如果实在做不到的话可以花250换个国籍再喊。,6
sid0316,今天爆炸性的新闻好多啊 ,4
高飞就是一条狗,从政？日本的政坛？那她就不是我老婆而是敌人了 ,8594
陈昊然,她好像是某教会捧出来的明星吧，最后的归途可能都是政治家 ,1110
赏猫大会,每个人都有自己的的选择，过得开心就好了,581
ML落日晨曦,政治的水太深，宝贝儿，你把握不住的,391
挣扎努力积极向上的小麻雀,可是，但是，可但是，但可是，日本政界好像有点反华 ,315
身骑白马,民主国家都是这，谁都可以参加竞选,40
朱同学今天又可爱了,她好像之前信啥教来着 从政的话比我们估计会不友好吧 毕竟日本政坛可是跟着🇺🇸走的啊,142
筱美芽,从事反华活动是一定的了 ,117
Alone形式,这是真的吗，坐等一个官宣吧,88
保温杯老干部03,我觉得明星也有自己当不当明星的自由吧,67
哪会失了心中疯呢,从政？？？？啊？,74
雪鹰飞鱼,日本明星真不比中国，如果是中国绝对不会退圈的，小钱钱都赚不过来了,8
白莲的爹,我还在期待非自然死亡第二季 看来是没希望了,49
年度心动报告,新垣结衣、石原里美…那些我爱过的四字女人今天下午给我的伤害好深 ,6
夏季赛金三角,好厉害啊，很有才华的人啊,17
丸子偏科也爱茶茶,要看不到姐姐演的戏了吗😭,1
咬一博的奶膘,啊从日本美女变成日本鬼子 ,5
十墨十墨十,老婆 -1 ,6
狗叠动画,希望未来假设她进行了什么反华行为的时候粉丝不要继续边喊老婆边洗地，如果实在做不到的话可以花250换个国籍再喊。,6
sid0316,今天爆炸性的新闻好多啊 ,4
高飞就是一条狗,从政？日本的政坛？那她就不是我老婆而是敌人了 ,8607
陈昊然,她好像是某教会捧出来的明星吧，最后的归途可能都是政治家 ,1111
赏猫大会,每个人都有自己的的选择，过得开心就好了,580
ML落日晨曦,政治的水太深，宝贝儿，你把握不住的,392
挣扎努力积极向上的小麻雀,可是，但是，可但是，但可是，日本政界好像有点反华 ,315
身骑白马,民主国家都是这，谁都可以参加竞选,40
朱同学今天又可爱了,她好像之前信啥教来着 从政的话比我们估计会不友好吧 毕竟日本政坛可是跟着🇺🇸走的啊,142
筱美芽,从事反华活动是一定的了 ,117
Alone形式,这是真的吗，坐等一个官宣吧,88
保温杯老干部03,我觉得明星也有自己当不当明星的自由吧,67
哪会失了心中疯呢,从政？？？？啊？,74
雪鹰飞鱼,日本明星真不比中国，如果是中国绝对不会退圈的，小钱钱都赚不过来了,8
白莲的爹,我还在期待非自然死亡第二季 看来是没希望了,49
年度心动报告,新垣结衣、石原里美…那些我爱过的四字女人今天下午给我的伤害好深 ,6
夏季赛金三角,好厉害啊，很有才华的人啊,17
丸子偏科也爱茶茶,要看不到姐姐演的戏了吗😭,1
咬一博的奶膘,啊从日本美女变成日本鬼子 ,5
十墨十墨十,老婆 -1 ,6
狗叠动画,希望未来假设她进行了什么反华行为的时候粉丝不要继续边喊老婆边洗地，如果实在做不到的话可以花250换个国籍再喊。,6
sid0316,今天爆炸性的新闻好多啊 ,4
高飞就是一条狗,从政？日本的政坛？那她就不是我老婆而是敌人了 ,8619
陈昊然,她好像是某教会捧出来的明星吧，最后的归途可能都是政治家 ,1113
赏猫大会,每个人都有自己的的选择，过得开心就好了,580
ML落日晨曦,政治的水太深，宝贝儿，你把握不住的,392
挣扎努力积极向上的小麻雀,可是，但是，可但是，但可是，日本政界好像有点反华 ,316
身骑白马,民主国家都是这，谁都可以参加竞选,40
朱同学今天又可爱了,她好像之前信啥教来着 从政的话比我们估计会不友好吧 毕竟日本政坛可是跟着🇺🇸走的啊,142
筱美芽,从事反华活动是一定的了 ,117
Alone形式,这是真的吗，坐等一个官宣吧,88
保温杯老干部03,我觉得明星也有自己当不当明星的自由吧,67
哪会失了心中疯呢,从政？？？？啊？,74
雪鹰飞鱼,日本明星真不比中国，如果是中国绝对不会退圈的，小钱钱都赚不过来了,8
白莲的爹,我还在期待非自然死亡第二季 看来是没希望了,49
年度心动报告,新垣结衣、石原里美…那些我爱过的四字女人今天下午给我的伤害好深 ,6
夏季赛金三角,好厉害啊，很有才华的人啊,17
丸子偏科也爱茶茶,要看不到姐姐演的戏了吗😭,1
咬一博的奶膘,啊从日本美女变成日本鬼子 ,5
十墨十墨十,老婆 -1 ,6
狗叠动画,希望未来假设她进行了什么反华行为的时候粉丝不要继续边喊老婆边洗地，如果实在做不到的话可以花250换个国籍再喊。,6
sid0316,今天爆炸性的新闻好多啊 ,4
高飞就是一条狗,从政？日本的政坛？那她就不是我老婆而是敌人了 ,8631
陈昊然,她好像是某教会捧出来的明星吧，最后的归途可能都是政治家 ,1115
赏猫大会,每个人都有自己的的选择，过得开心就好了,580
ML落日晨曦,政治的水太深，宝贝儿，你把握不住的,392
挣扎努力积极向上的小麻雀,可是，但是，可但是，但可是，日本政界好像有点反华 ,319
身骑白马,民主国家都是这，谁都可以参加竞选,40
朱同学今天又可爱了,她好像之前信啥教来着 从政的话比我们估计会不友好吧 毕竟日本政坛可是跟着🇺🇸走的啊,142
筱美芽,从事反华活动是一定的了 ,118
Alone形式,这是真的吗，坐等一个官宣吧,88
保温杯老干部03,我觉得明星也有自己当不当明星的自由吧,67
哪会失了心中疯呢,从政？？？？啊？,74
雪鹰飞鱼,日本明星真不比中国，如果是中国绝对不会退圈的，小钱钱都赚不过来了,8
白莲的爹,我还在期待非自然死亡第二季 看来是没希望了,49
年度心动报告,新垣结衣、石原里美…那些我爱过的四字女人今天下午给我的伤害好深 ,6
夏季赛金三角,好厉害啊，很有才华的人啊,17
丸子偏科也爱茶茶,要看不到姐姐演的戏了吗😭,2
咬一博的奶膘,啊从日本美女变成日本鬼子 ,5
十墨十墨十,老婆 -1 ,6
狗叠动画,希望未来假设她进行了什么反华行为的时候粉丝不要继续边喊老婆边洗地，如果实在做不到的话可以花250换个国籍再喊。,6
sid0316,今天爆炸性的新闻好多啊 ,4
高飞就是一条狗,从政？日本的政坛？那她就不是我老婆而是敌人了 ,8644
陈昊然,她好像是某教会捧出来的明星吧，最后的归途可能都是政治家 ,1117
赏猫大会,每个人都有自己的的选择，过得开心就好了,581
ML落日晨曦,政治的水太深，宝贝儿，你把握不住的,394
挣扎努力积极向上的小麻雀,可是，但是，可但是，但可是，日本政界好像有点反华 ,320
身骑白马,民主国家都是这，谁都可以参加竞选,40
朱同学今天又可爱了,她好像之前信啥教来着 从政的话比我们估计会不友好吧 毕竟日本政坛可是跟着🇺🇸走的啊,143
筱美芽,从事反华活动是一定的了 ,118
Alone形式,这是真的吗，坐等一个官宣吧,88
保温杯老干部03,我觉得明星也有自己当不当明星的自由吧,67
哪会失了心中疯呢,从政？？？？啊？,74
雪鹰飞鱼,日本明星真不比中国，如果是中国绝对不会退圈的，小钱钱都赚不过来了,8
白莲的爹,我还在期待非自然死亡第二季 看来是没希望了,50
年度心动报告,新垣结衣、石原里美…那些我爱过的四字女人今天下午给我的伤害好深 ,6
夏季赛金三角,好厉害啊，很有才华的人啊,17
丸子偏科也爱茶茶,要看不到姐姐演的戏了吗😭,2
咬一博的奶膘,啊从日本美女变成日本鬼子 ,5
十墨十墨十,老婆 -1 ,6
狗叠动画,希望未来假设她进行了什么反华行为的时候粉丝不要继续边喊老婆边洗地，如果实在做不到的话可以花250换个国籍再喊。,6
sid0316,今天爆炸性的新闻好多啊 ,4
高飞就是一条狗,从政？日本的政坛？那她就不是我老婆而是敌人了 ,8653
陈昊然,她好像是某教会捧出来的明星吧，最后的归途可能都是政治家 ,1119
赏猫大会,每个人都有自己的的选择，过得开心就好了,581
ML落日晨曦,政治的水太深，宝贝儿，你把握不住的,395
挣扎努力积极向上的小麻雀,可是，但是，可但是，但可是，日本政界好像有点反华 ,320
身骑白马,民主国家都是这，谁都可以参加竞选,40
朱同学今天又可爱了,她好像之前信啥教来着 从政的话比我们估计会不友好吧 毕竟日本政坛可是跟着🇺🇸走的啊,143
筱美芽,从事反华活动是一定的了 ,118
Alone形式,这是真的吗，坐等一个官宣吧,88
保温杯老干部03,我觉得明星也有自己当不当明星的自由吧,67
哪会失了心中疯呢,从政？？？？啊？,74
雪鹰飞鱼,日本明星真不比中国，如果是中国绝对不会退圈的，小钱钱都赚不过来了,8
白莲的爹,我还在期待非自然死亡第二季 看来是没希望了,50
年度心动报告,新垣结衣、石原里美…那些我爱过的四字女人今天下午给我的伤害好深 ,6
夏季赛金三角,好厉害啊，很有才华的人啊,17
丸子偏科也爱茶茶,要看不到姐姐演的戏了吗😭,2
咬一博的奶膘,啊从日本美女变成日本鬼子 ,5
十墨十墨十,老婆 -1 ,6
狗叠动画,希望未来假设她进行了什么反华行为的时候粉丝不要继续边喊老婆边洗地，如果实在做不到的话可以花250换个国籍再喊。,6
sid0316,今天爆炸性的新闻好多啊 ,4
高飞就是一条狗,从政？日本的政坛？那她就不是我老婆而是敌人了 ,8663
陈昊然,她好像是某教会捧出来的明星吧，最后的归途可能都是政治家 ,1121
ML落日晨曦,政治的水太深，宝贝儿，你把握不住的,395
赏猫大会,每个人都有自己的的选择，过得开心就好了,582
挣扎努力积极向上的小麻雀,可是，但是，可但是，但可是，日本政界好像有点反华 ,321
身骑白马,民主国家都是这，谁都可以参加竞选,41
朱同学今天又可爱了,她好像之前信啥教来着 从政的话比我们估计会不友好吧 毕竟日本政坛可是跟着🇺🇸走的啊,143
筱美芽,从事反华活动是一定的了 ,119
Alone形式,这是真的吗，坐等一个官宣吧,88
保温杯老干部03,我觉得明星也有自己当不当明星的自由吧,67
哪会失了心中疯呢,从政？？？？啊？,74
雪鹰飞鱼,日本明星真不比中国，如果是中国绝对不会退圈的，小钱钱都赚不过来了,8
白莲的爹,我还在期待非自然死亡第二季 看来是没希望了,50
年度心动报告,新垣结衣、石原里美…那些我爱过的四字女人今天下午给我的伤害好深 ,6
夏季赛金三角,好厉害啊，很有才华的人啊,17
丸子偏科也爱茶茶,要看不到姐姐演的戏了吗😭,2
咬一博的奶膘,啊从日本美女变成日本鬼子 ,5
十墨十墨十,老婆 -1 ,6
狗叠动画,希望未来假设她进行了什么反华行为的时候粉丝不要继续边喊老婆边洗地，如果实在做不到的话可以花250换个国籍再喊。,6
sid0316,今天爆炸性的新闻好多啊 ,4
高飞就是一条狗,从政？日本的政坛？那她就不是我老婆而是敌人了 ,8675
陈昊然,她好像是某教会捧出来的明星吧，最后的归途可能都是政治家 ,1122
赏猫大会,每个人都有自己的的选择，过得开心就好了,583
ML落日晨曦,政治的水太深，宝贝儿，你把握不住的,396
挣扎努力积极向上的小麻雀,可是，但是，可但是，但可是，日本政界好像有点反华 ,319
身骑白马,民主国家都是这，谁都可以参加竞选,41
朱同学今天又可爱了,她好像之前信啥教来着 从政的话比我们估计会不友好吧 毕竟日本政坛可是跟着🇺🇸走的啊,143
筱美芽,从事反华活动是一定的了 ,119
Alone形式,这是真的吗，坐等一个官宣吧,88
保温杯老干部03,我觉得明星也有自己当不当明星的自由吧,67
哪会失了心中疯呢,从政？？？？啊？,74
雪鹰飞鱼,日本明星真不比中国，如果是中国绝对不会退圈的，小钱钱都赚不过来了,8
白莲的爹,我还在期待非自然死亡第二季 看来是没希望了,50
年度心动报告,新垣结衣、石原里美…那些我爱过的四字女人今天下午给我的伤害好深 ,6
夏季赛金三角,好厉害啊，很有才华的人啊,17
丸子偏科也爱茶茶,要看不到姐姐演的戏了吗😭,2
咬一博的奶膘,啊从日本美女变成日本鬼子 ,5
十墨十墨十,老婆 -1 ,6
狗叠动画,希望未来假设她进行了什么反华行为的时候粉丝不要继续边喊老婆边洗地，如果实在做不到的话可以花250换个国籍再喊。,6
sid0316,今天爆炸性的新闻好多啊 ,4
高飞就是一条狗,从政？日本的政坛？那她就不是我老婆而是敌人了 ,8681
陈昊然,她好像是某教会捧出来的明星吧，最后的归途可能都是政治家 ,1122
赏猫大会,每个人都有自己的的选择，过得开心就好了,583
ML落日晨曦,政治的水太深，宝贝儿，你把握不住的,396
挣扎努力积极向上的小麻雀,可是，但是，可但是，但可是，日本政界好像有点反华 ,319
身骑白马,民主国家都是这，谁都可以参加竞选,41
朱同学今天又可爱了,她好像之前信啥教来着 从政的话比我们估计会不友好吧 毕竟日本政坛可是跟着🇺🇸走的啊,143
筱美芽,从事反华活动是一定的了 ,119
Alone形式,这是真的吗，坐等一个官宣吧,88
保温杯老干部03,我觉得明星也有自己当不当明星的自由吧,67
哪会失了心中疯呢,从政？？？？啊？,74
雪鹰飞鱼,日本明星真不比中国，如果是中国绝对不会退圈的，小钱钱都赚不过来了,8
白莲的爹,我还在期待非自然死亡第二季 看来是没希望了,50
年度心动报告,新垣结衣、石原里美…那些我爱过的四字女人今天下午给我的伤害好深 ,6
夏季赛金三角,好厉害啊，很有才华的人啊,17
丸子偏科也爱茶茶,要看不到姐姐演的戏了吗😭,2
咬一博的奶膘,啊从日本美女变成日本鬼子 ,5
十墨十墨十,老婆 -1 ,6
狗叠动画,希望未来假设她进行了什么反华行为的时候粉丝不要继续边喊老婆边洗地，如果实在做不到的话可以花250换个国籍再喊。,6
sid0316,今天爆炸性的新闻好多啊 ,4
高飞就是一条狗,从政？日本的政坛？那她就不是我老婆而是敌人了 ,8694
陈昊然,她好像是某教会捧出来的明星吧，最后的归途可能都是政治家 ,1124
赏猫大会,每个人都有自己的的选择，过得开心就好了,583
ML落日晨曦,政治的水太深，宝贝儿，你把握不住的,396
挣扎努力积极向上的小麻雀,可是，但是，可但是，但可是，日本政界好像有点反华 ,319
身骑白马,民主国家都是这，谁都可以参加竞选,41
朱同学今天又可爱了,她好像之前信啥教来着 从政的话比我们估计会不友好吧 毕竟日本政坛可是跟着🇺🇸走的啊,143
筱美芽,从事反华活动是一定的了 ,120
Alone形式,这是真的吗，坐等一个官宣吧,88
保温杯老干部03,我觉得明星也有自己当不当明星的自由吧,67
哪会失了心中疯呢,从政？？？？啊？,74
雪鹰飞鱼,日本明星真不比中国，如果是中国绝对不会退圈的，小钱钱都赚不过来了,8
白莲的爹,我还在期待非自然死亡第二季 看来是没希望了,50
年度心动报告,新垣结衣、石原里美…那些我爱过的四字女人今天下午给我的伤害好深 ,6
夏季赛金三角,好厉害啊，很有才华的人啊,17
丸子偏科也爱茶茶,要看不到姐姐演的戏了吗😭,2
咬一博的奶膘,啊从日本美女变成日本鬼子 ,5
十墨十墨十,老婆 -1 ,6
狗叠动画,希望未来假设她进行了什么反华行为的时候粉丝不要继续边喊老婆边洗地，如果实在做不到的话可以花250换个国籍再喊。,6
sid0316,今天爆炸性的新闻好多啊 ,4
高飞就是一条狗,从政？日本的政坛？那她就不是我老婆而是敌人了 ,8706
陈昊然,她好像是某教会捧出来的明星吧，最后的归途可能都是政治家 ,1125
ML落日晨曦,政治的水太深，宝贝儿，你把握不住的,396
赏猫大会,每个人都有自己的的选择，过得开心就好了,583
挣扎努力积极向上的小麻雀,可是，但是，可但是，但可是，日本政界好像有点反华 ,320
身骑白马,民主国家都是这，谁都可以参加竞选,42
朱同学今天又可爱了,她好像之前信啥教来着 从政的话比我们估计会不友好吧 毕竟日本政坛可是跟着🇺🇸走的啊,144
筱美芽,从事反华活动是一定的了 ,120
Alone形式,这是真的吗，坐等一个官宣吧,88
保温杯老干部03,我觉得明星也有自己当不当明星的自由吧,67
哪会失了心中疯呢,从政？？？？啊？,74
雪鹰飞鱼,日本明星真不比中国，如果是中国绝对不会退圈的，小钱钱都赚不过来了,8
白莲的爹,我还在期待非自然死亡第二季 看来是没希望了,50
年度心动报告,新垣结衣、石原里美…那些我爱过的四字女人今天下午给我的伤害好深 ,6
夏季赛金三角,好厉害啊，很有才华的人啊,17
丸子偏科也爱茶茶,要看不到姐姐演的戏了吗😭,2
咬一博的奶膘,啊从日本美女变成日本鬼子 ,5
十墨十墨十,老婆 -1 ,6
狗叠动画,希望未来假设她进行了什么反华行为的时候粉丝不要继续边喊老婆边洗地，如果实在做不到的话可以花250换个国籍再喊。,6
sid0316,今天爆炸性的新闻好多啊 ,4
高飞就是一条狗,从政？日本的政坛？那她就不是我老婆而是敌人了 ,8718
陈昊然,她好像是某教会捧出来的明星吧，最后的归途可能都是政治家 ,1126
ML落日晨曦,政治的水太深，宝贝儿，你把握不住的,396
赏猫大会,每个人都有自己的的选择，过得开心就好了,583
挣扎努力积极向上的小麻雀,可是，但是，可但是，但可是，日本政界好像有点反华 ,320
身骑白马,民主国家都是这，谁都可以参加竞选,41
朱同学今天又可爱了,她好像之前信啥教来着 从政的话比我们估计会不友好吧 毕竟日本政坛可是跟着🇺🇸走的啊,146
筱美芽,从事反华活动是一定的了 ,120
Alone形式,这是真的吗，坐等一个官宣吧,88
保温杯老干部03,我觉得明星也有自己当不当明星的自由吧,67
哪会失了心中疯呢,从政？？？？啊？,74
雪鹰飞鱼,日本明星真不比中国，如果是中国绝对不会退圈的，小钱钱都赚不过来了,8
白莲的爹,我还在期待非自然死亡第二季 看来是没希望了,50
年度心动报告,新垣结衣、石原里美…那些我爱过的四字女人今天下午给我的伤害好深 ,6
夏季赛金三角,好厉害啊，很有才华的人啊,17
丸子偏科也爱茶茶,要看不到姐姐演的戏了吗😭,2
咬一博的奶膘,啊从日本美女变成日本鬼子 ,5
十墨十墨十,老婆 -1 ,6
狗叠动画,希望未来假设她进行了什么反华行为的时候粉丝不要继续边喊老婆边洗地，如果实在做不到的话可以花250换个国籍再喊。,6
sid0316,今天爆炸性的新闻好多啊 ,4
高飞就是一条狗,从政？日本的政坛？那她就不是我老婆而是敌人了 ,8731
陈昊然,她好像是某教会捧出来的明星吧，最后的归途可能都是政治家 ,1132
ML落日晨曦,政治的水太深，宝贝儿，你把握不住的,396
赏猫大会,每个人都有自己的的选择，过得开心就好了,583
挣扎努力积极向上的小麻雀,可是，但是，可但是，但可是，日本政界好像有点反华 ,320
身骑白马,民主国家都是这，谁都可以参加竞选,41
朱同学今天又可爱了,她好像之前信啥教来着 从政的话比我们估计会不友好吧 毕竟日本政坛可是跟着🇺🇸走的啊,146
筱美芽,从事反华活动是一定的了 ,121
Alone形式,这是真的吗，坐等一个官宣吧,88
保温杯老干部03,我觉得明星也有自己当不当明星的自由吧,67
哪会失了心中疯呢,从政？？？？啊？,74
雪鹰飞鱼,日本明星真不比中国，如果是中国绝对不会退圈的，小钱钱都赚不过来了,8
白莲的爹,我还在期待非自然死亡第二季 看来是没希望了,50
年度心动报告,新垣结衣、石原里美…那些我爱过的四字女人今天下午给我的伤害好深 ,6
夏季赛金三角,好厉害啊，很有才华的人啊,17
丸子偏科也爱茶茶,要看不到姐姐演的戏了吗😭,2
咬一博的奶膘,啊从日本美女变成日本鬼子 ,5
十墨十墨十,老婆 -1 ,6
狗叠动画,希望未来假设她进行了什么反华行为的时候粉丝不要继续边喊老婆边洗地，如果实在做不到的话可以花250换个国籍再喊。,6
sid0316,今天爆炸性的新闻好多啊 ,4
高飞就是一条狗,从政？日本的政坛？那她就不是我老婆而是敌人了 ,8737
陈昊然,她好像是某教会捧出来的明星吧，最后的归途可能都是政治家 ,1135
ML落日晨曦,政治的水太深，宝贝儿，你把握不住的,396
赏猫大会,每个人都有自己的的选择，过得开心就好了,583
挣扎努力积极向上的小麻雀,可是，但是，可但是，但可是，日本政界好像有点反华 ,320
身骑白马,民主国家都是这，谁都可以参加竞选,41
朱同学今天又可爱了,她好像之前信啥教来着 从政的话比我们估计会不友好吧 毕竟日本政坛可是跟着🇺🇸走的啊,146
筱美芽,从事反华活动是一定的了 ,121
Alone形式,这是真的吗，坐等一个官宣吧,88
保温杯老干部03,我觉得明星也有自己当不当明星的自由吧,67
哪会失了心中疯呢,从政？？？？啊？,74
雪鹰飞鱼,日本明星真不比中国，如果是中国绝对不会退圈的，小钱钱都赚不过来了,8
白莲的爹,我还在期待非自然死亡第二季 看来是没希望了,50
年度心动报告,新垣结衣、石原里美…那些我爱过的四字女人今天下午给我的伤害好深 ,6
夏季赛金三角,好厉害啊，很有才华的人啊,17
丸子偏科也爱茶茶,要看不到姐姐演的戏了吗😭,2
咬一博的奶膘,啊从日本美女变成日本鬼子 ,5
十墨十墨十,老婆 -1 ,6
狗叠动画,希望未来假设她进行了什么反华行为的时候粉丝不要继续边喊老婆边洗地，如果实在做不到的话可以花250换个国籍再喊。,6
sid0316,今天爆炸性的新闻好多啊 ,4
高飞就是一条狗,从政？日本的政坛？那她就不是我老婆而是敌人了 ,8753
陈昊然,她好像是某教会捧出来的明星吧，最后的归途可能都是政治家 ,1138
ML落日晨曦,政治的水太深，宝贝儿，你把握不住的,396
赏猫大会,每个人都有自己的的选择，过得开心就好了,585
挣扎努力积极向上的小麻雀,可是，但是，可但是，但可是，日本政界好像有点反华 ,321
身骑白马,民主国家都是这，谁都可以参加竞选,41
朱同学今天又可爱了,她好像之前信啥教来着 从政的话比我们估计会不友好吧 毕竟日本政坛可是跟着🇺🇸走的啊,146
筱美芽,从事反华活动是一定的了 ,121
Alone形式,这是真的吗，坐等一个官宣吧,88
保温杯老干部03,我觉得明星也有自己当不当明星的自由吧,68
哪会失了心中疯呢,从政？？？？啊？,74
雪鹰飞鱼,日本明星真不比中国，如果是中国绝对不会退圈的，小钱钱都赚不过来了,8
白莲的爹,我还在期待非自然死亡第二季 看来是没希望了,50
年度心动报告,新垣结衣、石原里美…那些我爱过的四字女人今天下午给我的伤害好深 ,6
夏季赛金三角,好厉害啊，很有才华的人啊,17
丸子偏科也爱茶茶,要看不到姐姐演的戏了吗😭,2
咬一博的奶膘,啊从日本美女变成日本鬼子 ,5
十墨十墨十,老婆 -1 ,6
狗叠动画,希望未来假设她进行了什么反华行为的时候粉丝不要继续边喊老婆边洗地，如果实在做不到的话可以花250换个国籍再喊。,7
sid0316,今天爆炸性的新闻好多啊 ,4
高飞就是一条狗,从政？日本的政坛？那她就不是我老婆而是敌人了 ,8768
陈昊然,她好像是某教会捧出来的明星吧，最后的归途可能都是政治家 ,1138
ML落日晨曦,政治的水太深，宝贝儿，你把握不住的,397
赏猫大会,每个人都有自己的的选择，过得开心就好了,585
挣扎努力积极向上的小麻雀,可是，但是，可但是，但可是，日本政界好像有点反华 ,321
身骑白马,民主国家都是这，谁都可以参加竞选,41
朱同学今天又可爱了,她好像之前信啥教来着 从政的话比我们估计会不友好吧 毕竟日本政坛可是跟着🇺🇸走的啊,147
筱美芽,从事反华活动是一定的了 ,122
Alone形式,这是真的吗，坐等一个官宣吧,88
保温杯老干部03,我觉得明星也有自己当不当明星的自由吧,68
哪会失了心中疯呢,从政？？？？啊？,74
雪鹰飞鱼,日本明星真不比中国，如果是中国绝对不会退圈的，小钱钱都赚不过来了,8
白莲的爹,我还在期待非自然死亡第二季 看来是没希望了,50
年度心动报告,新垣结衣、石原里美…那些我爱过的四字女人今天下午给我的伤害好深 ,6
夏季赛金三角,好厉害啊，很有才华的人啊,17
丸子偏科也爱茶茶,要看不到姐姐演的戏了吗😭,2
咬一博的奶膘,啊从日本美女变成日本鬼子 ,5
十墨十墨十,老婆 -1 ,6
狗叠动画,希望未来假设她进行了什么反华行为的时候粉丝不要继续边喊老婆边洗地，如果实在做不到的话可以花250换个国籍再喊。,7
sid0316,今天爆炸性的新闻好多啊 ,4
高飞就是一条狗,从政？日本的政坛？那她就不是我老婆而是敌人了 ,8777
陈昊然,她好像是某教会捧出来的明星吧，最后的归途可能都是政治家 ,1138
ML落日晨曦,政治的水太深，宝贝儿，你把握不住的,399
赏猫大会,每个人都有自己的的选择，过得开心就好了,585
挣扎努力积极向上的小麻雀,可是，但是，可但是，但可是，日本政界好像有点反华 ,321
身骑白马,民主国家都是这，谁都可以参加竞选,41
朱同学今天又可爱了,她好像之前信啥教来着 从政的话比我们估计会不友好吧 毕竟日本政坛可是跟着🇺🇸走的啊,147
筱美芽,从事反华活动是一定的了 ,122
Alone形式,这是真的吗，坐等一个官宣吧,88
保温杯老干部03,我觉得明星也有自己当不当明星的自由吧,68
哪会失了心中疯呢,从政？？？？啊？,74
雪鹰飞鱼,日本明星真不比中国，如果是中国绝对不会退圈的，小钱钱都赚不过来了,8
白莲的爹,我还在期待非自然死亡第二季 看来是没希望了,50
年度心动报告,新垣结衣、石原里美…那些我爱过的四字女人今天下午给我的伤害好深 ,7
夏季赛金三角,好厉害啊，很有才华的人啊,17
丸子偏科也爱茶茶,要看不到姐姐演的戏了吗😭,2
咬一博的奶膘,啊从日本美女变成日本鬼子 ,5
十墨十墨十,老婆 -1 ,6
狗叠动画,希望未来假设她进行了什么反华行为的时候粉丝不要继续边喊老婆边洗地，如果实在做不到的话可以花250换个国籍再喊。,7
sid0316,今天爆炸性的新闻好多啊 ,4
高飞就是一条狗,从政？日本的政坛？那她就不是我老婆而是敌人了 ,8787
陈昊然,她好像是某教会捧出来的明星吧，最后的归途可能都是政治家 ,1138
ML落日晨曦,政治的水太深，宝贝儿，你把握不住的,400
赏猫大会,每个人都有自己的的选择，过得开心就好了,586
挣扎努力积极向上的小麻雀,可是，但是，可但是，但可是，日本政界好像有点反华 ,323
身骑白马,民主国家都是这，谁都可以参加竞选,41
朱同学今天又可爱了,她好像之前信啥教来着 从政的话比我们估计会不友好吧 毕竟日本政坛可是跟着🇺🇸走的啊,147
筱美芽,从事反华活动是一定的了 ,122
Alone形式,这是真的吗，坐等一个官宣吧,88
保温杯老干部03,我觉得明星也有自己当不当明星的自由吧,68
哪会失了心中疯呢,从政？？？？啊？,74
雪鹰飞鱼,日本明星真不比中国，如果是中国绝对不会退圈的，小钱钱都赚不过来了,8
白莲的爹,我还在期待非自然死亡第二季 看来是没希望了,50
年度心动报告,新垣结衣、石原里美…那些我爱过的四字女人今天下午给我的伤害好深 ,6
夏季赛金三角,好厉害啊，很有才华的人啊,17
丸子偏科也爱茶茶,要看不到姐姐演的戏了吗😭,2
咬一博的奶膘,啊从日本美女变成日本鬼子 ,5
十墨十墨十,老婆 -1 ,6
狗叠动画,希望未来假设她进行了什么反华行为的时候粉丝不要继续边喊老婆边洗地，如果实在做不到的话可以花250换个国籍再喊。,7
sid0316,今天爆炸性的新闻好多啊 ,4
高飞就是一条狗,从政？日本的政坛？那她就不是我老婆而是敌人了 ,8797
陈昊然,她好像是某教会捧出来的明星吧，最后的归途可能都是政治家 ,1140
ML落日晨曦,政治的水太深，宝贝儿，你把握不住的,400
赏猫大会,每个人都有自己的的选择，过得开心就好了,586
挣扎努力积极向上的小麻雀,可是，但是，可但是，但可是，日本政界好像有点反华 ,323
身骑白马,民主国家都是这，谁都可以参加竞选,41
朱同学今天又可爱了,她好像之前信啥教来着 从政的话比我们估计会不友好吧 毕竟日本政坛可是跟着🇺🇸走的啊,147
筱美芽,从事反华活动是一定的了 ,122
Alone形式,这是真的吗，坐等一个官宣吧,88
保温杯老干部03,我觉得明星也有自己当不当明星的自由吧,68
哪会失了心中疯呢,从政？？？？啊？,75
雪鹰飞鱼,日本明星真不比中国，如果是中国绝对不会退圈的，小钱钱都赚不过来了,8
白莲的爹,我还在期待非自然死亡第二季 看来是没希望了,50
年度心动报告,新垣结衣、石原里美…那些我爱过的四字女人今天下午给我的伤害好深 ,8
夏季赛金三角,好厉害啊，很有才华的人啊,17
丸子偏科也爱茶茶,要看不到姐姐演的戏了吗😭,2
咬一博的奶膘,啊从日本美女变成日本鬼子 ,6
十墨十墨十,老婆 -1 ,6
狗叠动画,希望未来假设她进行了什么反华行为的时候粉丝不要继续边喊老婆边洗地，如果实在做不到的话可以花250换个国籍再喊。,7
sid0316,今天爆炸性的新闻好多啊 ,4
高飞就是一条狗,从政？日本的政坛？那她就不是我老婆而是敌人了 ,8802
陈昊然,她好像是某教会捧出来的明星吧，最后的归途可能都是政治家 ,1141
ML落日晨曦,政治的水太深，宝贝儿，你把握不住的,400
赏猫大会,每个人都有自己的的选择，过得开心就好了,588
挣扎努力积极向上的小麻雀,可是，但是，可但是，但可是，日本政界好像有点反华 ,323
身骑白马,民主国家都是这，谁都可以参加竞选,41
朱同学今天又可爱了,她好像之前信啥教来着 从政的话比我们估计会不友好吧 毕竟日本政坛可是跟着🇺🇸走的啊,147
筱美芽,从事反华活动是一定的了 ,124
Alone形式,这是真的吗，坐等一个官宣吧,88
保温杯老干部03,我觉得明星也有自己当不当明星的自由吧,68
哪会失了心中疯呢,从政？？？？啊？,75
雪鹰飞鱼,日本明星真不比中国，如果是中国绝对不会退圈的，小钱钱都赚不过来了,8
白莲的爹,我还在期待非自然死亡第二季 看来是没希望了,50
年度心动报告,新垣结衣、石原里美…那些我爱过的四字女人今天下午给我的伤害好深 ,8
夏季赛金三角,好厉害啊，很有才华的人啊,17
丸子偏科也爱茶茶,要看不到姐姐演的戏了吗😭,2
咬一博的奶膘,啊从日本美女变成日本鬼子 ,6
十墨十墨十,老婆 -1 ,6
狗叠动画,希望未来假设她进行了什么反华行为的时候粉丝不要继续边喊老婆边洗地，如果实在做不到的话可以花250换个国籍再喊。,7
sid0316,今天爆炸性的新闻好多啊 ,4
高飞就是一条狗,从政？日本的政坛？那她就不是我老婆而是敌人了 ,8806
陈昊然,她好像是某教会捧出来的明星吧，最后的归途可能都是政治家 ,1143
ML落日晨曦,政治的水太深，宝贝儿，你把握不住的,401
赏猫大会,每个人都有自己的的选择，过得开心就好了,588
挣扎努力积极向上的小麻雀,可是，但是，可但是，但可是，日本政界好像有点反华 ,324
身骑白马,民主国家都是这，谁都可以参加竞选,41
朱同学今天又可爱了,她好像之前信啥教来着 从政的话比我们估计会不友好吧 毕竟日本政坛可是跟着🇺🇸走的啊,147
筱美芽,从事反华活动是一定的了 ,124
Alone形式,这是真的吗，坐等一个官宣吧,88
保温杯老干部03,我觉得明星也有自己当不当明星的自由吧,68
哪会失了心中疯呢,从政？？？？啊？,75
雪鹰飞鱼,日本明星真不比中国，如果是中国绝对不会退圈的，小钱钱都赚不过来了,8
白莲的爹,我还在期待非自然死亡第二季 看来是没希望了,50
年度心动报告,新垣结衣、石原里美…那些我爱过的四字女人今天下午给我的伤害好深 ,8
夏季赛金三角,好厉害啊，很有才华的人啊,17
丸子偏科也爱茶茶,要看不到姐姐演的戏了吗😭,2
咬一博的奶膘,啊从日本美女变成日本鬼子 ,6
十墨十墨十,老婆 -1 ,6
狗叠动画,希望未来假设她进行了什么反华行为的时候粉丝不要继续边喊老婆边洗地，如果实在做不到的话可以花250换个国籍再喊。,7
sid0316,今天爆炸性的新闻好多啊 ,4
高飞就是一条狗,从政？日本的政坛？那她就不是我老婆而是敌人了 ,8815
陈昊然,她好像是某教会捧出来的明星吧，最后的归途可能都是政治家 ,1145
ML落日晨曦,政治的水太深，宝贝儿，你把握不住的,402
赏猫大会,每个人都有自己的的选择，过得开心就好了,588
挣扎努力积极向上的小麻雀,可是，但是，可但是，但可是，日本政界好像有点反华 ,324
身骑白马,民主国家都是这，谁都可以参加竞选,41
朱同学今天又可爱了,她好像之前信啥教来着 从政的话比我们估计会不友好吧 毕竟日本政坛可是跟着🇺🇸走的啊,147
筱美芽,从事反华活动是一定的了 ,124
Alone形式,这是真的吗，坐等一个官宣吧,88
保温杯老干部03,我觉得明星也有自己当不当明星的自由吧,68
哪会失了心中疯呢,从政？？？？啊？,75
雪鹰飞鱼,日本明星真不比中国，如果是中国绝对不会退圈的，小钱钱都赚不过来了,8
白莲的爹,我还在期待非自然死亡第二季 看来是没希望了,50
年度心动报告,新垣结衣、石原里美…那些我爱过的四字女人今天下午给我的伤害好深 ,8
夏季赛金三角,好厉害啊，很有才华的人啊,17
丸子偏科也爱茶茶,要看不到姐姐演的戏了吗😭,2
咬一博的奶膘,啊从日本美女变成日本鬼子 ,6
十墨十墨十,老婆 -1 ,6
狗叠动画,希望未来假设她进行了什么反华行为的时候粉丝不要继续边喊老婆边洗地，如果实在做不到的话可以花250换个国籍再喊。,7
sid0316,今天爆炸性的新闻好多啊 ,4
高飞就是一条狗,从政？日本的政坛？那她就不是我老婆而是敌人了 ,8829
陈昊然,她好像是某教会捧出来的明星吧，最后的归途可能都是政治家 ,1144
ML落日晨曦,政治的水太深，宝贝儿，你把握不住的,403
赏猫大会,每个人都有自己的的选择，过得开心就好了,588
挣扎努力积极向上的小麻雀,可是，但是，可但是，但可是，日本政界好像有点反华 ,326
身骑白马,民主国家都是这，谁都可以参加竞选,41
朱同学今天又可爱了,她好像之前信啥教来着 从政的话比我们估计会不友好吧 毕竟日本政坛可是跟着🇺🇸走的啊,147
筱美芽,从事反华活动是一定的了 ,124
Alone形式,这是真的吗，坐等一个官宣吧,88
保温杯老干部03,我觉得明星也有自己当不当明星的自由吧,68
哪会失了心中疯呢,从政？？？？啊？,75
雪鹰飞鱼,日本明星真不比中国，如果是中国绝对不会退圈的，小钱钱都赚不过来了,8
白莲的爹,我还在期待非自然死亡第二季 看来是没希望了,50
年度心动报告,新垣结衣、石原里美…那些我爱过的四字女人今天下午给我的伤害好深 ,8
夏季赛金三角,好厉害啊，很有才华的人啊,17
丸子偏科也爱茶茶,要看不到姐姐演的戏了吗😭,3
咬一博的奶膘,啊从日本美女变成日本鬼子 ,6
十墨十墨十,老婆 -1 ,6
狗叠动画,希望未来假设她进行了什么反华行为的时候粉丝不要继续边喊老婆边洗地，如果实在做不到的话可以花250换个国籍再喊。,7
sid0316,今天爆炸性的新闻好多啊 ,4
高飞就是一条狗,从政？日本的政坛？那她就不是我老婆而是敌人了 ,8840
陈昊然,她好像是某教会捧出来的明星吧，最后的归途可能都是政治家 ,1145
ML落日晨曦,政治的水太深，宝贝儿，你把握不住的,405
赏猫大会,每个人都有自己的的选择，过得开心就好了,588
挣扎努力积极向上的小麻雀,可是，但是，可但是，但可是，日本政界好像有点反华 ,328
身骑白马,民主国家都是这，谁都可以参加竞选,41
朱同学今天又可爱了,她好像之前信啥教来着 从政的话比我们估计会不友好吧 毕竟日本政坛可是跟着🇺🇸走的啊,148
筱美芽,从事反华活动是一定的了 ,124
Alone形式,这是真的吗，坐等一个官宣吧,88
保温杯老干部03,我觉得明星也有自己当不当明星的自由吧,68
哪会失了心中疯呢,从政？？？？啊？,75
雪鹰飞鱼,日本明星真不比中国，如果是中国绝对不会退圈的，小钱钱都赚不过来了,8
白莲的爹,我还在期待非自然死亡第二季 看来是没希望了,50
年度心动报告,新垣结衣、石原里美…那些我爱过的四字女人今天下午给我的伤害好深 ,8
夏季赛金三角,好厉害啊，很有才华的人啊,17
丸子偏科也爱茶茶,要看不到姐姐演的戏了吗😭,3
咬一博的奶膘,啊从日本美女变成日本鬼子 ,6
十墨十墨十,老婆 -1 ,6
狗叠动画,希望未来假设她进行了什么反华行为的时候粉丝不要继续边喊老婆边洗地，如果实在做不到的话可以花250换个国籍再喊。,7
sid0316,今天爆炸性的新闻好多啊 ,4
高飞就是一条狗,从政？日本的政坛？那她就不是我老婆而是敌人了 ,8853
陈昊然,她好像是某教会捧出来的明星吧，最后的归途可能都是政治家 ,1146
ML落日晨曦,政治的水太深，宝贝儿，你把握不住的,406
赏猫大会,每个人都有自己的的选择，过得开心就好了,588
挣扎努力积极向上的小麻雀,可是，但是，可但是，但可是，日本政界好像有点反华 ,329
身骑白马,民主国家都是这，谁都可以参加竞选,42
朱同学今天又可爱了,她好像之前信啥教来着 从政的话比我们估计会不友好吧 毕竟日本政坛可是跟着🇺🇸走的啊,148
筱美芽,从事反华活动是一定的了 ,125
Alone形式,这是真的吗，坐等一个官宣吧,88
保温杯老干部03,我觉得明星也有自己当不当明星的自由吧,68
哪会失了心中疯呢,从政？？？？啊？,75
雪鹰飞鱼,日本明星真不比中国，如果是中国绝对不会退圈的，小钱钱都赚不过来了,8
白莲的爹,我还在期待非自然死亡第二季 看来是没希望了,50
年度心动报告,新垣结衣、石原里美…那些我爱过的四字女人今天下午给我的伤害好深 ,8
夏季赛金三角,好厉害啊，很有才华的人啊,17
丸子偏科也爱茶茶,要看不到姐姐演的戏了吗😭,3
咬一博的奶膘,啊从日本美女变成日本鬼子 ,6
十墨十墨十,老婆 -1 ,6
狗叠动画,希望未来假设她进行了什么反华行为的时候粉丝不要继续边喊老婆边洗地，如果实在做不到的话可以花250换个国籍再喊。,7
sid0316,今天爆炸性的新闻好多啊 ,4
高飞就是一条狗,从政？日本的政坛？那她就不是我老婆而是敌人了 ,8864
陈昊然,她好像是某教会捧出来的明星吧，最后的归途可能都是政治家 ,1149
ML落日晨曦,政治的水太深，宝贝儿，你把握不住的,407
赏猫大会,每个人都有自己的的选择，过得开心就好了,589
挣扎努力积极向上的小麻雀,可是，但是，可但是，但可是，日本政界好像有点反华 ,331
身骑白马,民主国家都是这，谁都可以参加竞选,42
朱同学今天又可爱了,她好像之前信啥教来着 从政的话比我们估计会不友好吧 毕竟日本政坛可是跟着🇺🇸走的啊,148
筱美芽,从事反华活动是一定的了 ,125
Alone形式,这是真的吗，坐等一个官宣吧,88
保温杯老干部03,我觉得明星也有自己当不当明星的自由吧,68
哪会失了心中疯呢,从政？？？？啊？,76
雪鹰飞鱼,日本明星真不比中国，如果是中国绝对不会退圈的，小钱钱都赚不过来了,8
白莲的爹,我还在期待非自然死亡第二季 看来是没希望了,50
年度心动报告,新垣结衣、石原里美…那些我爱过的四字女人今天下午给我的伤害好深 ,8
夏季赛金三角,好厉害啊，很有才华的人啊,17
丸子偏科也爱茶茶,要看不到姐姐演的戏了吗😭,3
咬一博的奶膘,啊从日本美女变成日本鬼子 ,6
十墨十墨十,老婆 -1 ,6
狗叠动画,希望未来假设她进行了什么反华行为的时候粉丝不要继续边喊老婆边洗地，如果实在做不到的话可以花250换个国籍再喊。,7
sid0316,今天爆炸性的新闻好多啊 ,4
高飞就是一条狗,从政？日本的政坛？那她就不是我老婆而是敌人了 ,8873
陈昊然,她好像是某教会捧出来的明星吧，最后的归途可能都是政治家 ,1149
ML落日晨曦,政治的水太深，宝贝儿，你把握不住的,409
赏猫大会,每个人都有自己的的选择，过得开心就好了,590
挣扎努力积极向上的小麻雀,可是，但是，可但是，但可是，日本政界好像有点反华 ,332
身骑白马,民主国家都是这，谁都可以参加竞选,42
朱同学今天又可爱了,她好像之前信啥教来着 从政的话比我们估计会不友好吧 毕竟日本政坛可是跟着🇺🇸走的啊,148
筱美芽,从事反华活动是一定的了 ,125
Alone形式,这是真的吗，坐等一个官宣吧,88
保温杯老干部03,我觉得明星也有自己当不当明星的自由吧,68
哪会失了心中疯呢,从政？？？？啊？,76
雪鹰飞鱼,日本明星真不比中国，如果是中国绝对不会退圈的，小钱钱都赚不过来了,8
白莲的爹,我还在期待非自然死亡第二季 看来是没希望了,51
年度心动报告,新垣结衣、石原里美…那些我爱过的四字女人今天下午给我的伤害好深 ,8
夏季赛金三角,好厉害啊，很有才华的人啊,17
丸子偏科也爱茶茶,要看不到姐姐演的戏了吗😭,3
咬一博的奶膘,啊从日本美女变成日本鬼子 ,7
十墨十墨十,老婆 -1 ,6
狗叠动画,希望未来假设她进行了什么反华行为的时候粉丝不要继续边喊老婆边洗地，如果实在做不到的话可以花250换个国籍再喊。,7
sid0316,今天爆炸性的新闻好多啊 ,4
高飞就是一条狗,从政？日本的政坛？那她就不是我老婆而是敌人了 ,8883
陈昊然,她好像是某教会捧出来的明星吧，最后的归途可能都是政治家 ,1151
ML落日晨曦,政治的水太深，宝贝儿，你把握不住的,410
赏猫大会,每个人都有自己的的选择，过得开心就好了,590
挣扎努力积极向上的小麻雀,可是，但是，可但是，但可是，日本政界好像有点反华 ,333
身骑白马,民主国家都是这，谁都可以参加竞选,42
朱同学今天又可爱了,她好像之前信啥教来着 从政的话比我们估计会不友好吧 毕竟日本政坛可是跟着🇺🇸走的啊,148
筱美芽,从事反华活动是一定的了 ,125
Alone形式,这是真的吗，坐等一个官宣吧,88
保温杯老干部03,我觉得明星也有自己当不当明星的自由吧,68
哪会失了心中疯呢,从政？？？？啊？,76
雪鹰飞鱼,日本明星真不比中国，如果是中国绝对不会退圈的，小钱钱都赚不过来了,8
白莲的爹,我还在期待非自然死亡第二季 看来是没希望了,51
年度心动报告,新垣结衣、石原里美…那些我爱过的四字女人今天下午给我的伤害好深 ,8
夏季赛金三角,好厉害啊，很有才华的人啊,17
丸子偏科也爱茶茶,要看不到姐姐演的戏了吗😭,3
咬一博的奶膘,啊从日本美女变成日本鬼子 ,7
十墨十墨十,老婆 -1 ,6
狗叠动画,希望未来假设她进行了什么反华行为的时候粉丝不要继续边喊老婆边洗地，如果实在做不到的话可以花250换个国籍再喊。,7
sid0316,今天爆炸性的新闻好多啊 ,4
高飞就是一条狗,从政？日本的政坛？那她就不是我老婆而是敌人了 ,8890
陈昊然,她好像是某教会捧出来的明星吧，最后的归途可能都是政治家 ,1150
ML落日晨曦,政治的水太深，宝贝儿，你把握不住的,412
赏猫大会,每个人都有自己的的选择，过得开心就好了,590
挣扎努力积极向上的小麻雀,可是，但是，可但是，但可是，日本政界好像有点反华 ,333
身骑白马,民主国家都是这，谁都可以参加竞选,42
朱同学今天又可爱了,她好像之前信啥教来着 从政的话比我们估计会不友好吧 毕竟日本政坛可是跟着🇺🇸走的啊,148
筱美芽,从事反华活动是一定的了 ,125
Alone形式,这是真的吗，坐等一个官宣吧,88
保温杯老干部03,我觉得明星也有自己当不当明星的自由吧,68
哪会失了心中疯呢,从政？？？？啊？,76
雪鹰飞鱼,日本明星真不比中国，如果是中国绝对不会退圈的，小钱钱都赚不过来了,9
白莲的爹,我还在期待非自然死亡第二季 看来是没希望了,51
年度心动报告,新垣结衣、石原里美…那些我爱过的四字女人今天下午给我的伤害好深 ,8
夏季赛金三角,好厉害啊，很有才华的人啊,17
丸子偏科也爱茶茶,要看不到姐姐演的戏了吗😭,3
咬一博的奶膘,啊从日本美女变成日本鬼子 ,7
十墨十墨十,老婆 -1 ,6
狗叠动画,希望未来假设她进行了什么反华行为的时候粉丝不要继续边喊老婆边洗地，如果实在做不到的话可以花250换个国籍再喊。,7
sid0316,今天爆炸性的新闻好多啊 ,4
高飞就是一条狗,从政？日本的政坛？那她就不是我老婆而是敌人了 ,8899
陈昊然,她好像是某教会捧出来的明星吧，最后的归途可能都是政治家 ,1152
ML落日晨曦,政治的水太深，宝贝儿，你把握不住的,412
赏猫大会,每个人都有自己的的选择，过得开心就好了,590
挣扎努力积极向上的小麻雀,可是，但是，可但是，但可是，日本政界好像有点反华 ,332
身骑白马,民主国家都是这，谁都可以参加竞选,42
朱同学今天又可爱了,她好像之前信啥教来着 从政的话比我们估计会不友好吧 毕竟日本政坛可是跟着🇺🇸走的啊,148
筱美芽,从事反华活动是一定的了 ,125
Alone形式,这是真的吗，坐等一个官宣吧,88
保温杯老干部03,我觉得明星也有自己当不当明星的自由吧,68
哪会失了心中疯呢,从政？？？？啊？,76
雪鹰飞鱼,日本明星真不比中国，如果是中国绝对不会退圈的，小钱钱都赚不过来了,9
白莲的爹,我还在期待非自然死亡第二季 看来是没希望了,51
年度心动报告,新垣结衣、石原里美…那些我爱过的四字女人今天下午给我的伤害好深 ,8
夏季赛金三角,好厉害啊，很有才华的人啊,17
丸子偏科也爱茶茶,要看不到姐姐演的戏了吗😭,3
咬一博的奶膘,啊从日本美女变成日本鬼子 ,7
十墨十墨十,老婆 -1 ,6
狗叠动画,希望未来假设她进行了什么反华行为的时候粉丝不要继续边喊老婆边洗地，如果实在做不到的话可以花250换个国籍再喊。,7
sid0316,今天爆炸性的新闻好多啊 ,4
高飞就是一条狗,从政？日本的政坛？那她就不是我老婆而是敌人了 ,8909
陈昊然,她好像是某教会捧出来的明星吧，最后的归途可能都是政治家 ,1152
ML落日晨曦,政治的水太深，宝贝儿，你把握不住的,412
赏猫大会,每个人都有自己的的选择，过得开心就好了,590
挣扎努力积极向上的小麻雀,可是，但是，可但是，但可是，日本政界好像有点反华 ,333
身骑白马,民主国家都是这，谁都可以参加竞选,42
朱同学今天又可爱了,她好像之前信啥教来着 从政的话比我们估计会不友好吧 毕竟日本政坛可是跟着🇺🇸走的啊,148
筱美芽,从事反华活动是一定的了 ,125
Alone形式,这是真的吗，坐等一个官宣吧,88
保温杯老干部03,我觉得明星也有自己当不当明星的自由吧,68
哪会失了心中疯呢,从政？？？？啊？,76
雪鹰飞鱼,日本明星真不比中国，如果是中国绝对不会退圈的，小钱钱都赚不过来了,9
白莲的爹,我还在期待非自然死亡第二季 看来是没希望了,51
年度心动报告,新垣结衣、石原里美…那些我爱过的四字女人今天下午给我的伤害好深 ,8
夏季赛金三角,好厉害啊，很有才华的人啊,17
丸子偏科也爱茶茶,要看不到姐姐演的戏了吗😭,3
咬一博的奶膘,啊从日本美女变成日本鬼子 ,7
十墨十墨十,老婆 -1 ,6
狗叠动画,希望未来假设她进行了什么反华行为的时候粉丝不要继续边喊老婆边洗地，如果实在做不到的话可以花250换个国籍再喊。,7
sid0316,今天爆炸性的新闻好多啊 ,4
高飞就是一条狗,从政？日本的政坛？那她就不是我老婆而是敌人了 ,8915
陈昊然,她好像是某教会捧出来的明星吧，最后的归途可能都是政治家 ,1154
ML落日晨曦,政治的水太深，宝贝儿，你把握不住的,413
赏猫大会,每个人都有自己的的选择，过得开心就好了,590
挣扎努力积极向上的小麻雀,可是，但是，可但是，但可是，日本政界好像有点反华 ,334
身骑白马,民主国家都是这，谁都可以参加竞选,42
朱同学今天又可爱了,她好像之前信啥教来着 从政的话比我们估计会不友好吧 毕竟日本政坛可是跟着🇺🇸走的啊,148
筱美芽,从事反华活动是一定的了 ,125
Alone形式,这是真的吗，坐等一个官宣吧,88
保温杯老干部03,我觉得明星也有自己当不当明星的自由吧,68
哪会失了心中疯呢,从政？？？？啊？,76
雪鹰飞鱼,日本明星真不比中国，如果是中国绝对不会退圈的，小钱钱都赚不过来了,9
白莲的爹,我还在期待非自然死亡第二季 看来是没希望了,51
年度心动报告,新垣结衣、石原里美…那些我爱过的四字女人今天下午给我的伤害好深 ,8
夏季赛金三角,好厉害啊，很有才华的人啊,17
丸子偏科也爱茶茶,要看不到姐姐演的戏了吗😭,3
咬一博的奶膘,啊从日本美女变成日本鬼子 ,7
十墨十墨十,老婆 -1 ,6
狗叠动画,希望未来假设她进行了什么反华行为的时候粉丝不要继续边喊老婆边洗地，如果实在做不到的话可以花250换个国籍再喊。,7
sid0316,今天爆炸性的新闻好多啊 ,4
高飞就是一条狗,从政？日本的政坛？那她就不是我老婆而是敌人了 ,8924
陈昊然,她好像是某教会捧出来的明星吧，最后的归途可能都是政治家 ,1154
ML落日晨曦,政治的水太深，宝贝儿，你把握不住的,413
赏猫大会,每个人都有自己的的选择，过得开心就好了,591
挣扎努力积极向上的小麻雀,可是，但是，可但是，但可是，日本政界好像有点反华 ,334
身骑白马,民主国家都是这，谁都可以参加竞选,42
朱同学今天又可爱了,她好像之前信啥教来着 从政的话比我们估计会不友好吧 毕竟日本政坛可是跟着🇺🇸走的啊,148
筱美芽,从事反华活动是一定的了 ,125
Alone形式,这是真的吗，坐等一个官宣吧,88
保温杯老干部03,我觉得明星也有自己当不当明星的自由吧,68
哪会失了心中疯呢,从政？？？？啊？,75
雪鹰飞鱼,日本明星真不比中国，如果是中国绝对不会退圈的，小钱钱都赚不过来了,9
白莲的爹,我还在期待非自然死亡第二季 看来是没希望了,51
年度心动报告,新垣结衣、石原里美…那些我爱过的四字女人今天下午给我的伤害好深 ,8
夏季赛金三角,好厉害啊，很有才华的人啊,17
丸子偏科也爱茶茶,要看不到姐姐演的戏了吗😭,3
咬一博的奶膘,啊从日本美女变成日本鬼子 ,7
十墨十墨十,老婆 -1 ,6
狗叠动画,希望未来假设她进行了什么反华行为的时候粉丝不要继续边喊老婆边洗地，如果实在做不到的话可以花250换个国籍再喊。,7
sid0316,今天爆炸性的新闻好多啊 ,4
高飞就是一条狗,从政？日本的政坛？那她就不是我老婆而是敌人了 ,8935
陈昊然,她好像是某教会捧出来的明星吧，最后的归途可能都是政治家 ,1154
ML落日晨曦,政治的水太深，宝贝儿，你把握不住的,412
赏猫大会,每个人都有自己的的选择，过得开心就好了,591
挣扎努力积极向上的小麻雀,可是，但是，可但是，但可是，日本政界好像有点反华 ,334
身骑白马,民主国家都是这，谁都可以参加竞选,42
朱同学今天又可爱了,她好像之前信啥教来着 从政的话比我们估计会不友好吧 毕竟日本政坛可是跟着🇺🇸走的啊,148
筱美芽,从事反华活动是一定的了 ,125
Alone形式,这是真的吗，坐等一个官宣吧,88
保温杯老干部03,我觉得明星也有自己当不当明星的自由吧,68
哪会失了心中疯呢,从政？？？？啊？,75
雪鹰飞鱼,日本明星真不比中国，如果是中国绝对不会退圈的，小钱钱都赚不过来了,9
白莲的爹,我还在期待非自然死亡第二季 看来是没希望了,51
年度心动报告,新垣结衣、石原里美…那些我爱过的四字女人今天下午给我的伤害好深 ,8
夏季赛金三角,好厉害啊，很有才华的人啊,17
丸子偏科也爱茶茶,要看不到姐姐演的戏了吗😭,3
咬一博的奶膘,啊从日本美女变成日本鬼子 ,7
十墨十墨十,老婆 -1 ,6
狗叠动画,希望未来假设她进行了什么反华行为的时候粉丝不要继续边喊老婆边洗地，如果实在做不到的话可以花250换个国籍再喊。,7
sid0316,今天爆炸性的新闻好多啊 ,4
高飞就是一条狗,从政？日本的政坛？那她就不是我老婆而是敌人了 ,8947
陈昊然,她好像是某教会捧出来的明星吧，最后的归途可能都是政治家 ,1154
ML落日晨曦,政治的水太深，宝贝儿，你把握不住的,412
赏猫大会,每个人都有自己的的选择，过得开心就好了,591
挣扎努力积极向上的小麻雀,可是，但是，可但是，但可是，日本政界好像有点反华 ,334
身骑白马,民主国家都是这，谁都可以参加竞选,42
朱同学今天又可爱了,她好像之前信啥教来着 从政的话比我们估计会不友好吧 毕竟日本政坛可是跟着🇺🇸走的啊,148
筱美芽,从事反华活动是一定的了 ,125
Alone形式,这是真的吗，坐等一个官宣吧,88
保温杯老干部03,我觉得明星也有自己当不当明星的自由吧,68
哪会失了心中疯呢,从政？？？？啊？,75
雪鹰飞鱼,日本明星真不比中国，如果是中国绝对不会退圈的，小钱钱都赚不过来了,9
白莲的爹,我还在期待非自然死亡第二季 看来是没希望了,51
年度心动报告,新垣结衣、石原里美…那些我爱过的四字女人今天下午给我的伤害好深 ,8
夏季赛金三角,好厉害啊，很有才华的人啊,17
丸子偏科也爱茶茶,要看不到姐姐演的戏了吗😭,3
咬一博的奶膘,啊从日本美女变成日本鬼子 ,7
十墨十墨十,老婆 -1 ,6
狗叠动画,希望未来假设她进行了什么反华行为的时候粉丝不要继续边喊老婆边洗地，如果实在做不到的话可以花250换个国籍再喊。,7
sid0316,今天爆炸性的新闻好多啊 ,4
高飞就是一条狗,从政？日本的政坛？那她就不是我老婆而是敌人了 ,8957
陈昊然,她好像是某教会捧出来的明星吧，最后的归途可能都是政治家 ,1156
ML落日晨曦,政治的水太深，宝贝儿，你把握不住的,412
赏猫大会,每个人都有自己的的选择，过得开心就好了,590
挣扎努力积极向上的小麻雀,可是，但是，可但是，但可是，日本政界好像有点反华 ,335
身骑白马,民主国家都是这，谁都可以参加竞选,42
朱同学今天又可爱了,她好像之前信啥教来着 从政的话比我们估计会不友好吧 毕竟日本政坛可是跟着🇺🇸走的啊,149
筱美芽,从事反华活动是一定的了 ,125
Alone形式,这是真的吗，坐等一个官宣吧,88
保温杯老干部03,我觉得明星也有自己当不当明星的自由吧,68
哪会失了心中疯呢,从政？？？？啊？,76
雪鹰飞鱼,日本明星真不比中国，如果是中国绝对不会退圈的，小钱钱都赚不过来了,9
白莲的爹,我还在期待非自然死亡第二季 看来是没希望了,51
年度心动报告,新垣结衣、石原里美…那些我爱过的四字女人今天下午给我的伤害好深 ,8
夏季赛金三角,好厉害啊，很有才华的人啊,17
丸子偏科也爱茶茶,要看不到姐姐演的戏了吗😭,3
咬一博的奶膘,啊从日本美女变成日本鬼子 ,7
十墨十墨十,老婆 -1 ,6
狗叠动画,希望未来假设她进行了什么反华行为的时候粉丝不要继续边喊老婆边洗地，如果实在做不到的话可以花250换个国籍再喊。,7
sid0316,今天爆炸性的新闻好多啊 ,4
高飞就是一条狗,从政？日本的政坛？那她就不是我老婆而是敌人了 ,8971
陈昊然,她好像是某教会捧出来的明星吧，最后的归途可能都是政治家 ,1160
ML落日晨曦,政治的水太深，宝贝儿，你把握不住的,412
赏猫大会,每个人都有自己的的选择，过得开心就好了,590
挣扎努力积极向上的小麻雀,可是，但是，可但是，但可是，日本政界好像有点反华 ,336
身骑白马,民主国家都是这，谁都可以参加竞选,42
朱同学今天又可爱了,她好像之前信啥教来着 从政的话比我们估计会不友好吧 毕竟日本政坛可是跟着🇺🇸走的啊,149
筱美芽,从事反华活动是一定的了 ,125
Alone形式,这是真的吗，坐等一个官宣吧,88
保温杯老干部03,我觉得明星也有自己当不当明星的自由吧,68
哪会失了心中疯呢,从政？？？？啊？,76
雪鹰飞鱼,日本明星真不比中国，如果是中国绝对不会退圈的，小钱钱都赚不过来了,9
白莲的爹,我还在期待非自然死亡第二季 看来是没希望了,51
年度心动报告,新垣结衣、石原里美…那些我爱过的四字女人今天下午给我的伤害好深 ,8
夏季赛金三角,好厉害啊，很有才华的人啊,17
丸子偏科也爱茶茶,要看不到姐姐演的戏了吗😭,3
咬一博的奶膘,啊从日本美女变成日本鬼子 ,7
十墨十墨十,老婆 -1 ,6
狗叠动画,希望未来假设她进行了什么反华行为的时候粉丝不要继续边喊老婆边洗地，如果实在做不到的话可以花250换个国籍再喊。,7
sid0316,今天爆炸性的新闻好多啊 ,4
高飞就是一条狗,从政？日本的政坛？那她就不是我老婆而是敌人了 ,8984
陈昊然,她好像是某教会捧出来的明星吧，最后的归途可能都是政治家 ,1161
ML落日晨曦,政治的水太深，宝贝儿，你把握不住的,413
赏猫大会,每个人都有自己的的选择，过得开心就好了,590
挣扎努力积极向上的小麻雀,可是，但是，可但是，但可是，日本政界好像有点反华 ,336
身骑白马,民主国家都是这，谁都可以参加竞选,42
朱同学今天又可爱了,她好像之前信啥教来着 从政的话比我们估计会不友好吧 毕竟日本政坛可是跟着🇺🇸走的啊,150
筱美芽,从事反华活动是一定的了 ,125
Alone形式,这是真的吗，坐等一个官宣吧,88
保温杯老干部03,我觉得明星也有自己当不当明星的自由吧,68
哪会失了心中疯呢,从政？？？？啊？,76
雪鹰飞鱼,日本明星真不比中国，如果是中国绝对不会退圈的，小钱钱都赚不过来了,9
白莲的爹,我还在期待非自然死亡第二季 看来是没希望了,51
年度心动报告,新垣结衣、石原里美…那些我爱过的四字女人今天下午给我的伤害好深 ,9
夏季赛金三角,好厉害啊，很有才华的人啊,17
丸子偏科也爱茶茶,要看不到姐姐演的戏了吗😭,3
咬一博的奶膘,啊从日本美女变成日本鬼子 ,7
十墨十墨十,老婆 -1 ,6
狗叠动画,希望未来假设她进行了什么反华行为的时候粉丝不要继续边喊老婆边洗地，如果实在做不到的话可以花250换个国籍再喊。,7
sid0316,今天爆炸性的新闻好多啊 ,4
高飞就是一条狗,从政？日本的政坛？那她就不是我老婆而是敌人了 ,8996
陈昊然,她好像是某教会捧出来的明星吧，最后的归途可能都是政治家 ,1161
ML落日晨曦,政治的水太深，宝贝儿，你把握不住的,415
赏猫大会,每个人都有自己的的选择，过得开心就好了,591
挣扎努力积极向上的小麻雀,可是，但是，可但是，但可是，日本政界好像有点反华 ,337
身骑白马,民主国家都是这，谁都可以参加竞选,42
朱同学今天又可爱了,她好像之前信啥教来着 从政的话比我们估计会不友好吧 毕竟日本政坛可是跟着🇺🇸走的啊,150
筱美芽,从事反华活动是一定的了 ,125
Alone形式,这是真的吗，坐等一个官宣吧,88
保温杯老干部03,我觉得明星也有自己当不当明星的自由吧,68
哪会失了心中疯呢,从政？？？？啊？,76
雪鹰飞鱼,日本明星真不比中国，如果是中国绝对不会退圈的，小钱钱都赚不过来了,9
白莲的爹,我还在期待非自然死亡第二季 看来是没希望了,51
年度心动报告,新垣结衣、石原里美…那些我爱过的四字女人今天下午给我的伤害好深 ,9
夏季赛金三角,好厉害啊，很有才华的人啊,17
丸子偏科也爱茶茶,要看不到姐姐演的戏了吗😭,3
咬一博的奶膘,啊从日本美女变成日本鬼子 ,7
十墨十墨十,老婆 -1 ,6
狗叠动画,希望未来假设她进行了什么反华行为的时候粉丝不要继续边喊老婆边洗地，如果实在做不到的话可以花250换个国籍再喊。,7
sid0316,今天爆炸性的新闻好多啊 ,4
高飞就是一条狗,从政？日本的政坛？那她就不是我老婆而是敌人了 ,9003
陈昊然,她好像是某教会捧出来的明星吧，最后的归途可能都是政治家 ,1162
ML落日晨曦,政治的水太深，宝贝儿，你把握不住的,415
赏猫大会,每个人都有自己的的选择，过得开心就好了,591
挣扎努力积极向上的小麻雀,可是，但是，可但是，但可是，日本政界好像有点反华 ,337
身骑白马,民主国家都是这，谁都可以参加竞选,42
朱同学今天又可爱了,她好像之前信啥教来着 从政的话比我们估计会不友好吧 毕竟日本政坛可是跟着🇺🇸走的啊,150
筱美芽,从事反华活动是一定的了 ,125
Alone形式,这是真的吗，坐等一个官宣吧,88
保温杯老干部03,我觉得明星也有自己当不当明星的自由吧,68
哪会失了心中疯呢,从政？？？？啊？,76
雪鹰飞鱼,日本明星真不比中国，如果是中国绝对不会退圈的，小钱钱都赚不过来了,9
白莲的爹,我还在期待非自然死亡第二季 看来是没希望了,52
年度心动报告,新垣结衣、石原里美…那些我爱过的四字女人今天下午给我的伤害好深 ,9
夏季赛金三角,好厉害啊，很有才华的人啊,17
丸子偏科也爱茶茶,要看不到姐姐演的戏了吗😭,3
咬一博的奶膘,啊从日本美女变成日本鬼子 ,7
十墨十墨十,老婆 -1 ,6
狗叠动画,希望未来假设她进行了什么反华行为的时候粉丝不要继续边喊老婆边洗地，如果实在做不到的话可以花250换个国籍再喊。,8
sid0316,今天爆炸性的新闻好多啊 ,4
高飞就是一条狗,从政？日本的政坛？那她就不是我老婆而是敌人了 ,9007
陈昊然,她好像是某教会捧出来的明星吧，最后的归途可能都是政治家 ,1163
ML落日晨曦,政治的水太深，宝贝儿，你把握不住的,418
赏猫大会,每个人都有自己的的选择，过得开心就好了,591
挣扎努力积极向上的小麻雀,可是，但是，可但是，但可是，日本政界好像有点反华 ,337
身骑白马,民主国家都是这，谁都可以参加竞选,42
朱同学今天又可爱了,她好像之前信啥教来着 从政的话比我们估计会不友好吧 毕竟日本政坛可是跟着🇺🇸走的啊,150
筱美芽,从事反华活动是一定的了 ,125
Alone形式,这是真的吗，坐等一个官宣吧,88
保温杯老干部03,我觉得明星也有自己当不当明星的自由吧,68
哪会失了心中疯呢,从政？？？？啊？,76
雪鹰飞鱼,日本明星真不比中国，如果是中国绝对不会退圈的，小钱钱都赚不过来了,9
白莲的爹,我还在期待非自然死亡第二季 看来是没希望了,52
年度心动报告,新垣结衣、石原里美…那些我爱过的四字女人今天下午给我的伤害好深 ,9
夏季赛金三角,好厉害啊，很有才华的人啊,17
丸子偏科也爱茶茶,要看不到姐姐演的戏了吗😭,3
咬一博的奶膘,啊从日本美女变成日本鬼子 ,7
十墨十墨十,老婆 -1 ,6
狗叠动画,希望未来假设她进行了什么反华行为的时候粉丝不要继续边喊老婆边洗地，如果实在做不到的话可以花250换个国籍再喊。,8
sid0316,今天爆炸性的新闻好多啊 ,4
高飞就是一条狗,从政？日本的政坛？那她就不是我老婆而是敌人了 ,9015
